t,p_x,p_y,p_z,q_w,q_x,q_y,q_z,v_x,v_y,v_z,w_x,w_y,w_z,a_lin_x,a_lin_y,a_lin_z,a_rot_x,a_rot_y,a_rot_z,u_1,u_2,u_3,u_4,jerk_x,jerk_y,jerk_z,snap_x,snap_y,snap_z
0,-15,1,4,-0,0,-0.50856,0.86102,0,0,0,0,0,0,0,0,0,0,0,0,5.6534,6.6049,6.5992,5.659,0,0,0,78.29,-144.07,41.737
0.01,-15,1,4,0.00020485,0.00034993,-0.50856,0.86102,1.293e-05,-2.3377e-05,6.6613e-06,-0.0013934,0.15972,-3.1294e-07,0.0038668,-0.0069512,0.0019696,0,0,0,5.7095,6.5514,6.5714,5.6891,0.76838,-1.3657,0.38252,75.302,-129.35,34.9
0.02,-15,1,4,0.00078249,0.0013651,-0.50856,0.86102,0.00010243,-0.00018217,5.1037e-05,-0.0067364,0.30511,-4.3407e-06,0.01526,-0.026851,0.0074355,0,0,0,5.7623,6.5069,6.5444,5.7216,1.5045,-2.5924,0.70053,71.84,-116.25,28.824
0.03,-15,1,4,0.0016832,0.0029944,-0.50856,0.86102,0.00034207,-0.00059917,0.00016499,-0.014856,0.43712,-1.8863e-05,0.033834,-0.058388,0.01579,0,0,0,5.8119,6.4708,6.5181,5.7557,2.2038,-3.6957,0.96135,67.967,-104.63,23.451
0.04,-15,0.99999,4,0.002919,0.0051576,-0.49948,0.8663,0.00080175,-0.0013848,0.00037466,-0.012996,0.5571,-5.0598e-05,0.059201,-0.1004,0.026494,0,0,0,5.8508,6.4498,6.4866,5.7972,2.8626,-4.6895,1.1717,63.747,-94.353,18.721
0.05,-15,0.99997,4,0.0043954,0.0078398,-0.49706,0.86767,0.0015473,-0.0026386,0.00070113,-0.017668,0.6655,-0.00010346,0.090941,-0.15186,0.039076,0,0,0,5.8926,6.4292,6.4619,5.8344,3.4778,-5.5867,1.3377,59.243,-85.289,14.574
0.06,-15,0.99993,4,0.0061066,0.010981,-0.49484,0.86889,0.0026403,-0.0044504,0.001161,-0.021849,0.76336,-0.00017685,0.1286,-0.21185,0.053119,0,0,0,5.9313,6.4136,6.4395,5.8726,4.0468,-6.3989,1.4649,54.521,-77.303,10.952
0.07,-15,0.99988,4,0.0080285,0.014537,-0.49282,0.86997,0.0041376,-0.0069014,0.0017672,-0.025146,0.85145,-0.00026487,0.17172,-0.27958,0.068262,0,0,0,5.9669,6.4019,6.42,5.912,4.5677,-7.136,1.5583,49.645,-70.26,7.794
0.08,-15,0.99979,4.0001,0.010141,0.018464,-0.49099,0.87091,0.0060912,-0.010066,0.0025289,-0.027247,0.93049,-0.0003564,0.21979,-0.35435,0.084187,0,0,0,5.9992,6.3929,6.4037,5.9531,5.0394,-7.8068,1.6222,44.677,-64.025,5.0418
0.09,-15,0.99967,4.0001,0.012426,0.022722,-0.48935,0.8717,0.0085483,-0.01401,0.0034526,-0.027934,1.0011,-0.00043585,0.27234,-0.43552,0.10062,0,0,0,6.0284,6.3857,6.3912,5.996,5.4612,-8.4187,1.6603,39.683,-58.465,2.6356
0.1,-15,0.99951,4.0001,0.014869,0.027272,-0.48789,0.87235,0.011551,-0.018795,0.0045422,-0.027078,1.0639,-0.00048459,0.32885,-0.52255,0.11732,0,0,0,6.0547,6.3795,6.3827,6.0409,5.8331,-8.9779,1.6758,34.725,-53.444,0.51627
0.11,-15,0.99929,4.0002,0.017457,0.032079,-0.48661,0.87286,0.015137,-0.024479,0.0057991,-0.024646,1.1193,-0.00048284,0.38884,-0.61492,0.13407,0,0,0,6.0787,6.3737,6.3782,6.0875,6.156,-9.4889,1.6714,29.87,-48.828,-1.3757
0.12,-14.999,0.99902,4.0002,0.020177,0.037107,-0.48549,0.87322,0.019338,-0.03111,0.0072231,-0.020701,1.1677,-0.00041208,0.45181,-0.71218,0.15068,0,0,0,6.101,6.368,6.3778,6.1355,6.4311,-9.9553,1.6489,25.179,-44.483,-3.0997
0.13,-14.999,0.99867,4.0003,0.023019,0.042323,-0.48453,0.87345,0.024182,-0.038737,0.0088118,-0.015405,1.2095,-0.00025766,0.51731,-0.81388,0.16699,0,0,0,6.1228,6.3624,6.3808,6.1843,6.6604,-10.379,1.6097,20.718,-40.274,-4.7149
0.14,-14.999,0.99824,4.0004,0.025972,0.047696,-0.4837,0.87355,0.029691,-0.047401,0.010561,-0.0090168,1.2449,-1.1816e-05,0.58487,-0.91962,0.18283,0,0,0,6.1452,6.3573,6.3866,6.2327,6.8464,-10.761,1.5547,16.55,-36.066,-6.2809
0.15,-14.999,0.99772,4.0005,0.029023,0.053197,-0.48301,0.87351,0.035885,-0.057141,0.012466,-0.0018936,1.2743,0.00032355,0.6541,-1.029,0.19803,0,0,0,6.1698,6.3531,6.3942,6.2795,6.9925,-11.1,1.4841,12.73,-31.745,-7.8484
0.16,-14.998,0.99709,4.0007,0.03216,0.058797,-0.48244,0.87336,0.042777,-0.067991,0.014519,0.0055771,1.2977,0.00073785,0.7246,-1.1415,0.21246,0,0,0,6.1969,6.3506,6.4031,6.3241,7.1022,-11.395,1.3978,9.257,-27.307,-9.417
0.17,-14.998,0.99635,4.0008,0.03537,0.064472,-0.48196,0.8731,0.05038,-0.07998,0.016712,0.013059,1.3155,0.0012162,0.79603,-1.2567,0.22594,0,0,0,6.2266,6.3503,6.4126,6.3661,7.1787,-11.646,1.2958,6.1096,-22.792,-10.967
0.18,-14.997,0.99549,4.001,0.038639,0.070196,-0.48158,0.87273,0.0587,-0.093133,0.019035,0.020274,1.3279,0.0017411,0.86808,-1.3742,0.23832,0,0,0,6.2588,6.3524,6.4225,6.4053,7.2254,-11.851,1.1786,3.2656,-18.239,-12.479
0.19,-14.997,0.99448,4.0012,0.041953,0.075947,-0.48126,0.87227,0.067742,-0.10747,0.021475,0.027,1.3352,0.0022929,0.94045,-1.4936,0.24946,0,0,0,6.2933,6.3572,6.4325,6.4415,7.245,-12.011,1.0464,0.70329,-13.689,-13.934
0.2,-14.996,0.99333,4.0014,0.045297,0.081705,-0.48101,0.87172,0.077509,-0.12301,0.024019,0.033063,1.3377,0.0028514,1.0129,-1.6143,0.2592,0,0,0,6.3299,6.3649,6.4422,6.4745,7.2403,-12.125,0.90014,-1.5993,-9.1798,-15.311
0.21,-14.995,0.99202,4.0017,0.048659,0.08745,-0.4808,0.8711,0.088,-0.13976,0.026653,0.038338,1.3358,0.0033963,1.0852,-1.7359,0.26742,0,0,0,6.3682,6.3754,6.4517,6.5046,7.2138,-12.195,0.74053,-3.6641,-4.7522,-16.591
0.22,-14.994,0.99053,4.002,0.052025,0.093165,-0.48064,0.8704,0.099212,-0.15773,0.029362,0.04274,1.3298,0.0039085,1.1571,-1.858,0.27397,0,0,0,6.4077,6.3886,6.4607,6.5316,7.1677,-12.22,0.5687,-5.5129,-0.44552,-17.755
0.23,-14.993,0.98886,4.0023,0.055382,0.098834,-0.48049,0.86965,0.11114,-0.17692,0.032127,0.046226,1.32,0.004371,1.2285,-1.9802,0.27875,0,0,0,6.4481,6.4043,6.4694,6.556,7.1042,-12.204,0.38588,-7.1676,3.7005,-18.783
0.24,-14.992,0.98699,4.0026,0.058717,0.10444,-0.48037,0.86884,0.12378,-0.19733,0.034931,0.048791,1.3069,0.0047696,1.2991,-2.102,0.28166,0,0,0,6.4885,6.422,6.4778,6.5779,7.025,-12.147,0.19356,-8.6501,7.6464,-19.655
0.25,-14.991,0.98491,4.003,0.062022,0.10998,-0.48026,0.86799,0.13712,-0.21896,0.037754,0.050463,1.2907,0.0050944,1.3689,-2.223,0.2826,0,0,0,6.5285,6.4413,6.4861,6.5978,6.9317,-12.052,-0.0066279,-9.9822,11.352,-20.351
0.26,-14.989,0.98261,4.0034,0.065284,0.11544,-0.48016,0.8671,0.15115,-0.24179,0.040576,0.051305,1.2719,0.0053397,1.4377,-2.3429,0.28151,0,0,0,6.5672,6.4617,6.4946,6.6163,6.8257,-11.921,-0.21282,-11.186,14.779,-20.853
0.27,-14.988,0.98007,4.0038,0.068496,0.12081,-0.48005,0.86618,0.16587,-0.26581,0.043377,0.051412,1.2508,0.0055058,1.5054,-2.4613,0.27833,0,0,0,6.6039,6.4824,6.5037,6.6338,6.7083,-11.757,-0.42297,-12.283,17.886,-21.14
0.28,-14.986,0.97729,4.0042,0.071649,0.12607,-0.47995,0.86523,0.18126,-0.29101,0.046135,0.050912,1.2276,0.005599,1.5719,-2.578,0.27304,0,0,0,6.6377,6.5029,6.5137,6.6511,6.5804,-11.564,-0.63484,-13.295,20.635,-21.193
0.29,-14.984,0.97425,4.0047,0.074739,0.13123,-0.47984,0.86426,0.1973,-0.31736,0.048831,0.049959,1.2028,0.0056329,1.637,-2.6925,0.26564,0,0,0,6.6677,6.5223,6.5252,6.6689,6.4426,-11.346,-0.84599,-14.243,22.99,-20.995
0.3,-14.982,0.97094,4.0052,0.07776,0.13628,-0.47972,0.86328,0.21399,-0.34485,0.051441,0.048724,1.1767,0.005626,1.7007,-2.8048,0.25613,0,0,0,6.6938,6.5402,6.5381,6.6875,6.2957,-11.106,-1.0539,-15.133,24.959,-20.557
0.31,-14.98,0.96735,4.0057,0.080708,0.14121,-0.47959,0.86229,0.23131,-0.37345,0.053946,0.047359,1.1495,0.0055972,1.7629,-2.9146,0.24458,0,0,0,6.716,6.5565,6.5524,6.7067,6.1402,-10.848,-1.2564,-15.966,26.575,-19.907
0.32,-14.977,0.96346,4.0063,0.083583,0.14602,-0.47946,0.86129,0.24925,-0.40314,0.056326,0.045992,1.1214,0.0055652,1.8235,-3.0217,0.23103,0,0,0,6.7346,6.571,6.5679,6.7265,5.9766,-10.575,-1.4515,-16.74,27.869,-19.07
0.33,-14.975,0.95928,4.0069,0.086381,0.1507,-0.47931,0.86028,0.26778,-0.43388,0.058561,0.044734,1.0926,0.005547,1.8824,-3.1261,0.21558,0,0,0,6.7498,6.5836,6.5843,6.7468,5.8056,-10.292,-1.6373,-17.454,28.874,-18.073
0.34,-14.972,0.95478,4.0075,0.089104,0.15526,-0.47915,0.85928,0.28689,-0.46565,0.060632,0.043673,1.0634,0.0055587,1.9395,-3.2275,0.19832,0,0,0,6.7619,6.5944,6.6014,6.7674,5.6277,-9.9988,-1.8125,-18.109,29.621,-16.944
0.35,-14.969,0.94996,4.0081,0.091752,0.15969,-0.47899,0.85829,0.30656,-0.49842,0.062521,0.042879,1.0338,0.0056143,1.9949,-3.326,0.17937,0,0,0,6.7711,6.6034,6.619,6.7882,5.4436,-9.6999,-1.9758,-18.704,30.143,-15.709
0.36,-14.966,0.94481,4.0087,0.094324,0.16398,-0.47881,0.85729,0.32678,-0.53216,0.064214,0.042404,1.0039,0.0057258,2.0484,-3.4215,0.15884,0,0,0,6.7779,6.6107,6.6369,6.8088,5.2538,-9.3966,-2.1264,-19.238,30.472,-14.394
0.37,-14.962,0.93932,4.0094,0.096823,0.16815,-0.47863,0.85631,0.34752,-0.56684,0.065693,0.042282,0.97391,0.0059026,2.1,-3.5139,0.13688,0,0,0,6.7825,6.6165,6.6547,6.8292,5.059,-9.091,-2.2635,-19.711,30.639,-13.026
0.38,-14.959,0.93347,4.01,0.09925,0.17218,-0.47844,0.85534,0.36877,-0.60243,0.066947,0.042532,0.94381,0.0061516,2.1496,-3.6033,0.11362,0,0,0,6.7855,6.621,6.6722,6.8489,4.8598,-8.7843,-2.3868,-20.121,30.678,-11.632
0.39,-14.955,0.92727,4.0107,0.10161,0.17607,-0.47824,0.85438,0.39051,-0.63889,0.067962,0.043153,0.91367,0.0064764,2.1972,-3.6896,0.089194,0,0,0,6.7871,6.6245,6.6891,6.8678,4.6568,-8.4777,-2.4962,-20.469,30.62,-10.239
0.4,-14.951,0.92069,4.0114,0.10389,0.17983,-0.47805,0.85343,0.41271,-0.67621,0.068727,0.044131,0.88354,0.0068776,2.2427,-3.7729,0.063743,0,0,0,6.7879,6.6271,6.7051,6.8854,4.4506,-8.1721,-2.5917,-20.754,30.497,-8.8739
0.41,-14.947,0.91374,4.0121,0.10611,0.18346,-0.47785,0.85249,0.43535,-0.71434,0.069234,0.045437,0.85345,0.0073519,2.2862,-3.8531,0.037405,0,0,0,6.7883,6.6294,6.7198,6.9015,4.2419,-7.8679,-2.6738,-20.975,30.342,-7.5626
0.42,-14.942,0.9064,4.0128,0.10827,0.18694,-0.47765,0.85158,0.45842,-0.75326,0.069473,0.047024,0.8234,0.0078925,2.3275,-3.9302,0.010309,0,0,0,6.7889,6.6315,6.733,6.9156,4.0313,-7.5653,-2.7432,-21.132,30.186,-6.3321
0.43,-14.938,0.89867,4.0135,0.11036,0.19029,-0.47745,0.85068,0.4819,-0.79293,0.069438,0.04883,0.79341,0.0084883,2.3668,-4.0044,-0.01742,0,0,0,6.79,6.6339,6.7441,6.9273,3.8195,-7.2641,-2.8008,-21.224,30.06,-5.2078
0.44,-14.933,0.89054,4.0141,0.11239,0.19351,-0.47725,0.8498,0.50575,-0.83334,0.069123,0.050786,0.76347,0.0091253,2.4039,-4.0755,-0.045672,0,0,0,6.7919,6.6366,6.7532,6.9365,3.6071,-6.9639,-2.8477,-21.251,29.972,-4.1922
0.45,-14.927,0.882,4.0148,0.11435,0.19659,-0.47706,0.84893,0.52997,-0.87443,0.068523,0.052823,0.7336,0.0097894,2.4389,-4.1437,-0.074343,0,0,0,6.7946,6.6398,6.7602,6.9434,3.3947,-6.6645,-2.885,-21.215,29.913,-3.2701
0.46,-14.922,0.87305,4.0155,0.11625,0.19953,-0.47688,0.84809,0.55452,-0.9162,0.067635,0.054879,0.7038,0.010467,2.4718,-4.2088,-0.10334,0,0,0,6.7979,6.6434,6.7653,6.9478,3.183,-6.3656,-2.9134,-21.117,29.871,-2.4258
0.47,-14.916,0.86368,4.0162,0.11809,0.20234,-0.4767,0.84727,0.5794,-0.9586,0.066455,0.0569,0.67409,0.011144,2.5026,-4.271,-0.13258,0,0,0,6.8017,6.6473,6.7684,6.95,2.9726,-6.0671,-2.9337,-20.958,29.837,-1.6436
0.48,-14.91,0.85388,4.0168,0.11987,0.20502,-0.47653,0.84647,0.60457,-1.0016,0.064983,0.058835,0.64448,0.01181,2.5313,-4.3302,-0.16199,0,0,0,6.806,6.6514,6.7698,6.9501,2.764,-5.7689,-2.9464,-20.74,29.8,-0.9077
0.49,-14.904,0.84364,4.0175,0.12158,0.20757,-0.47637,0.8457,0.63002,-1.0452,0.063215,0.060641,0.61498,0.012453,2.5579,-4.3864,-0.19149,0,0,0,6.8106,6.6558,6.7694,6.948,2.558,-5.4711,-2.952,-20.462,29.749,-0.20251
0.5,-14.898,0.83297,4.0181,0.12323,0.20998,-0.47623,0.84494,0.65572,-1.0893,0.061153,0.06228,0.58562,0.013062,2.5824,-4.4396,-0.22101,0,0,0,6.8154,6.6603,6.7674,6.9441,2.355,-5.174,-2.9505,-20.128,29.674,0.48774
0.51,-14.891,0.82185,4.0187,0.12482,0.21226,-0.47609,0.84422,0.68166,-1.134,0.058795,0.06372,0.5564,0.013629,2.605,-4.4898,-0.25048,0,0,0,6.8203,6.6648,6.7638,6.9384,2.1556,-4.8777,-2.9422,-19.737,29.566,1.1787
0.52,-14.884,0.81029,4.0193,0.12634,0.21442,-0.47597,0.84351,0.70781,-1.1791,0.056144,0.064934,0.52735,0.014145,2.6256,-4.5371,-0.27983,0,0,0,6.8253,6.6693,6.7588,6.931,1.9604,-4.5828,-2.9269,-19.292,29.413,1.8862
0.53,-14.877,0.79827,4.0198,0.1278,0.21645,-0.47587,0.84283,0.73416,-1.2247,0.0532,0.065902,0.49847,0.014604,2.6442,-4.5815,-0.30899,0,0,0,6.8301,6.6736,6.7526,6.9222,1.7699,-4.2897,-2.9044,-18.793,29.205,2.6259
0.54,-14.869,0.78579,4.0203,0.12919,0.21835,-0.47578,0.84218,0.76069,-1.2707,0.049965,0.066607,0.4698,0.014999,2.661,-4.6229,-0.33789,0,0,0,6.8346,6.6777,6.7451,6.912,1.5847,-3.9989,-2.8742,-18.241,28.932,3.4135
0.55,-14.862,0.77285,4.0208,0.13052,0.22013,-0.47571,0.84155,0.78738,-1.3172,0.046443,0.067039,0.44133,0.015327,2.6759,-4.6615,-0.36645,0,0,0,6.8388,6.6815,6.7367,6.9007,1.4053,-3.7113,-2.8359,-17.638,28.583,4.2647
0.56,-14.854,0.75945,4.0213,0.13178,0.22179,-0.47565,0.84095,0.8142,-1.364,0.042637,0.067192,0.41308,0.015584,2.6891,-4.6972,-0.39458,0,0,0,6.8426,6.6848,6.7274,6.8884,1.2321,-3.4276,-2.7887,-16.984,28.148,5.1952
0.57,-14.845,0.74557,4.0217,0.13297,0.22334,-0.47561,0.84038,0.84115,-1.4111,0.038553,0.067067,0.38507,0.015768,2.7006,-4.7301,-0.42219,0,0,0,6.8458,6.6877,6.7174,6.8754,1.0658,-3.1487,-2.7317,-16.282,27.617,6.2202
0.58,-14.837,0.73123,4.022,0.13409,0.22476,-0.47559,0.83983,0.86821,-1.4585,0.034196,0.066666,0.3573,0.01588,2.7104,-4.7602,-0.44917,0,0,0,6.8484,6.6901,6.7068,6.8618,0.90666,-2.8755,-2.6639,-15.535,26.991,7.3373
0.59,-14.828,0.7164,4.0224,0.13514,0.22607,-0.47559,0.83931,0.89536,-1.5063,0.029572,0.065996,0.32978,0.015919,2.7188,-4.7876,-0.47543,0,0,0,6.8504,6.692,6.6958,6.8477,0.75519,-2.6091,-2.5847,-14.754,26.283,8.525
0.6,-14.819,0.7011,4.0226,0.13613,0.22727,-0.47561,0.83882,0.92258,-1.5543,0.02469,0.065062,0.30253,0.015886,2.7256,-4.8124,-0.50083,0,0,0,6.852,6.6935,6.6844,6.8332,0.61167,-2.3501,-2.4933,-13.945,25.507,9.7605
0.61,-14.81,0.68532,4.0229,0.13704,0.22835,-0.47564,0.83835,0.94986,-1.6025,0.019559,0.06387,0.27555,0.01578,2.731,-4.8346,-0.52525,0,0,0,6.8531,6.6946,6.6727,6.8184,0.47634,-2.0992,-2.3894,-13.119,24.677,11.021
0.62,-14.8,0.66905,4.023,0.13789,0.22932,-0.4757,0.83792,0.9772,-1.651,0.014189,0.062426,0.24884,0.015603,2.7351,-4.8544,-0.54857,0,0,0,6.8538,6.6954,6.6608,6.8035,0.34932,-1.8567,-2.2729,-12.284,23.808,12.284
0.63,-14.79,0.6523,4.0231,0.13866,0.23019,-0.47577,0.83751,1.0046,-1.6996,0.0085913,0.060739,0.22243,0.015355,2.738,-4.8718,-0.57067,0,0,0,6.8542,6.6961,6.6489,6.7884,0.23065,-1.6231,-2.1438,-11.45,22.912,13.526
0.64,-14.78,0.63506,4.0232,0.13936,0.23095,-0.47586,0.83713,1.032,-1.7484,0.0027798,0.058816,0.19631,0.015039,2.7398,-4.8869,-0.59141,0,0,0,6.8544,6.6965,6.6371,6.7735,0.12029,-1.3985,-2.0025,-10.624,22.005,14.726
0.65,-14.769,0.61733,4.0232,0.13999,0.23161,-0.47597,0.83678,1.0594,-1.7973,-0.0032319,0.056666,0.1705,0.014655,2.7405,-4.8998,-0.61068,0,0,0,6.8542,6.6968,6.6256,6.7588,0.01811,-1.183,-1.8495,-9.8164,21.099,15.859
0.66,-14.759,0.59911,4.0231,0.14055,0.23217,-0.4761,0.83646,1.0868,-1.8464,-0.0094285,0.054302,0.14501,0.014206,2.7402,-4.9106,-0.62836,0,0,0,6.8539,6.6971,6.6144,6.7445,-0.076123,-0.97647,-1.6856,-9.0355,20.209,16.904
0.67,-14.748,0.5804,4.023,0.14104,0.23263,-0.47625,0.83617,1.1142,-1.8955,-0.015794,0.051735,0.11987,0.013696,2.739,-4.9193,-0.64436,0,0,0,6.8534,6.6973,6.6037,6.7306,-0.16272,-0.77871,-1.5118,-8.2902,19.349,17.838
0.68,-14.736,0.5612,4.0228,0.14145,0.23299,-0.47642,0.8359,1.1415,-1.9448,-0.02231,0.048978,0.095078,0.013126,2.7369,-4.9262,-0.65857,0,0,0,6.8526,6.6976,6.5937,6.7174,-0.24208,-0.58934,-1.3293,-7.5895,18.533,18.637
0.69,-14.725,0.5415,4.0226,0.1418,0.23325,-0.4766,0.83567,1.1689,-1.9941,-0.028959,0.046048,0.07067,0.012501,2.7341,-4.9312,-0.67092,0,0,0,6.8518,6.6979,6.5845,6.7049,-0.31469,-0.40785,-1.1395,-6.9423,17.775,19.28
0.7,-14.713,0.52132,4.0222,0.14207,0.23342,-0.4768,0.83546,1.1962,-2.0434,-0.035722,0.042961,0.04666,0.011826,2.7307,-4.9344,-0.68134,0,0,0,6.8507,6.6982,6.5761,6.6932,-0.38113,-0.2336,-0.94427,-6.3574,17.088,19.743
0.71,-14.701,0.50064,4.0218,0.14227,0.2335,-0.47701,0.83528,1.2235,-2.0927,-0.042579,0.039735,0.023069,0.011105,2.7265,-4.9358,-0.68979,0,0,0,6.8495,6.6986,6.5687,6.6826,-0.44207,-0.065798,-0.74536,-5.8437,16.487,20.004
0.72,-14.689,0.47946,4.0214,0.1424,0.23349,-0.47725,0.83513,1.2507,-2.1421,-0.049511,0.036392,-8.0183e-05,0.010344,2.7218,-4.9357,-0.69624,0,0,0,6.8481,6.6991,6.5624,6.673,-0.49825,0.096453,-0.54489,-5.4041,15.978,20.057
0.73,-14.676,0.45779,4.0209,0.14247,0.2334,-0.47749,0.835,1.2779,-2.1914,-0.056497,0.032949,-0.022769,0.0095477,2.7166,-4.9339,-0.70069,0,0,0,6.8466,6.6996,6.5571,6.6644,-0.55038,0.25403,-0.34486,-5.0324,15.551,19.921
0.74,-14.663,0.43563,4.0203,0.14246,0.23321,-0.47776,0.8349,1.3051,-2.2408,-0.063518,0.029426,-0.044977,0.0087219,2.7108,-4.9306,-0.70315,0,0,0,6.845,6.7003,6.5528,6.6569,-0.5991,0.40773,-0.14703,-4.7214,15.199,19.618
0.75,-14.65,0.41298,4.0196,0.14238,0.23295,-0.47803,0.83483,1.3322,-2.2901,-0.070553,0.025838,-0.066689,0.0078709,2.7046,-4.9258,-0.70364,0,0,0,6.8434,6.7012,6.5495,6.6503,-0.64499,0.55824,0.047017,-4.4638,14.913,19.17
0.76,-14.636,0.38983,4.0188,0.14224,0.23261,-0.47832,0.83479,1.3592,-2.3393,-0.077584,0.022201,-0.08789,0.0069992,2.6979,-4.9195,-0.70222,0,0,0,6.8418,6.7023,6.5471,6.6447,-0.68853,0.70618,0.23596,-4.2527,14.684,18.6
0.77,-14.623,0.36619,4.018,0.14203,0.23218,-0.47862,0.83477,1.3861,-2.3884,-0.084592,0.018527,-0.10857,0.0061106,2.6908,-4.9117,-0.69894,0,0,0,6.8404,6.7036,6.5456,6.6399,-0.73017,0.85207,0.41868,-4.0807,14.502,17.929
0.78,-14.609,0.34206,4.0172,0.14176,0.23168,-0.47894,0.83477,1.413,-2.4375,-0.091557,0.014829,-0.12872,0.0052084,2.6833,-4.9024,-0.69387,0,0,0,6.839,6.7051,6.5449,6.636,-0.77025,0.99635,0.59428,-3.9407,14.359,17.179
0.79,-14.594,0.31744,4.0162,0.14142,0.23111,-0.47926,0.8348,1.4398,-2.4865,-0.098463,0.011113,-0.14834,0.0042954,2.6754,-4.8917,-0.68708,0,0,0,6.8378,6.7068,6.5448,6.6328,-0.80907,1.1394,0.76208,-3.8256,14.247,16.373
0.8,-14.58,0.29233,4.0152,0.14103,0.23046,-0.4796,0.83486,1.4665,-2.5353,-0.10529,0.0073884,-0.16742,0.0033739,2.6672,-4.8796,-0.67866,0,0,0,6.8369,6.7088,6.5454,6.6302,-0.84682,1.2814,0.92163,-3.7282,14.155,15.532
0.81,-14.565,0.26674,4.0141,0.14057,0.22975,-0.47994,0.83493,1.4931,-2.5841,-0.11203,0.0036587,-0.18596,0.0024457,2.6585,-4.8661,-0.66868,0,0,0,6.8361,6.711,6.5465,6.6282,-0.88367,1.4225,1.0727,-3.6413,14.076,14.678
0.82,-14.55,0.24065,4.0129,0.14005,0.22897,-0.4803,0.83503,1.5197,-2.6327,-0.11866,-7.3226e-05,-0.20398,0.001512,2.6495,-4.8512,-0.65723,0,0,0,6.8357,6.7134,6.5479,6.6266,-0.91966,1.5629,1.2152,-3.5578,13.999,13.834
0.83,-14.535,0.21408,4.0117,0.13947,0.22812,-0.48066,0.83515,1.5461,-2.6811,-0.12517,-0.003807,-0.22149,0.00057325,2.6401,-4.8349,-0.6444,0,0,0,6.8355,6.7162,6.5497,6.6255,-0.95481,1.7025,1.3495,-3.4715,13.919,13.018
0.84,-14.519,0.18703,4.0104,0.13883,0.22721,-0.48103,0.83529,1.5725,-2.7294,-0.13155,-0.0075435,-0.23848,-0.00037011,2.6304,-4.8171,-0.63027,0,0,0,6.8356,6.7191,6.5518,6.6247,-0.98908,1.8412,1.4757,-3.3812,13.832,12.234
0.85,-14.503,0.1595,4.0091,0.13814,0.22623,-0.4814,0.83546,1.5987,-2.7774,-0.13777,-0.011283,-0.25497,-0.0013178,2.6203,-4.798,-0.61492,0,0,0,6.836,6.7222,6.5541,6.6241,-1.0224,1.9791,1.5942,-3.287,13.74,11.481
0.86,-14.487,0.13148,4.0077,0.1374,0.2252,-0.48178,0.83564,1.6249,-2.8253,-0.14384,-0.015028,-0.27098,-0.0022696,2.61,-4.7776,-0.59841,0,0,0,6.8366,6.7255,6.5567,6.6239,-1.0548,2.116,1.7054,-3.1891,13.642,10.759
0.87,-14.471,0.10299,4.0062,0.1366,0.22411,-0.48217,0.83584,1.6509,-2.873,-0.14974,-0.018779,-0.2865,-0.0032252,2.5993,-4.7557,-0.58083,0,0,0,6.8374,6.729,6.5594,6.624,-1.0862,2.2519,1.8095,-3.0879,13.538,10.066
0.88,-14.454,0.074025,4.0047,0.13574,0.22297,-0.48255,0.83606,1.6768,-2.9204,-0.15545,-0.022536,-0.30156,-0.0041843,2.5882,-4.7325,-0.56224,0,0,0,6.8384,6.7325,6.5624,6.6242,-1.1166,2.3867,1.9068,-2.9835,13.429,9.4018
0.89,-14.437,0.044585,4.0031,0.13484,0.22177,-0.48295,0.8363,1.7027,-2.9676,-0.16098,-0.026301,-0.31617,-0.0051466,2.5769,-4.708,-0.54272,0,0,0,6.8395,6.7362,6.5654,6.6247,-1.1459,2.5205,1.9977,-2.8762,13.315,8.7654
0.9,-14.42,0.014674,4.0015,0.13389,0.22052,-0.48334,0.83656,1.7284,-3.0146,-0.16631,-0.030075,-0.33034,-0.0061118,2.5653,-4.6821,-0.52231,0,0,0,6.8408,6.7399,6.5686,6.6254,-1.1741,2.653,2.0822,-2.7662,13.197,8.1559
0.91,-14.403,-0.015705,3.9998,0.13288,0.21922,-0.48374,0.83683,1.754,-3.0613,-0.17142,-0.03386,-0.34407,-0.0070796,2.5534,-4.6549,-0.50109,0,0,0,6.8422,6.7436,6.572,6.6263,-1.2012,2.7844,2.1609,-2.6537,13.073,7.5726
0.92,-14.385,-0.04655,3.998,0.13183,0.21787,-0.48414,0.83712,1.7795,-3.1077,-0.17632,-0.037656,-0.35739,-0.0080496,2.5413,-4.6264,-0.47911,0,0,0,6.8436,6.7474,6.5754,6.6273,-1.2271,2.9145,2.2338,-2.5389,12.945,7.0145
0.93,-14.367,-0.077858,3.9963,0.13073,0.21647,-0.48454,0.83742,1.8048,-3.1538,-0.181,-0.041465,-0.37029,-0.0090215,2.5289,-4.5967,-0.45643,0,0,0,6.8452,6.7512,6.5789,6.6284,-1.2519,3.0433,2.3012,-2.4222,12.813,6.4808
0.94,-14.349,-0.10963,3.9944,0.12959,0.21503,-0.48493,0.83774,1.83,-3.1996,-0.18545,-0.045286,-0.3828,-0.009995,2.5163,-4.5656,-0.43311,0,0,0,6.8468,6.755,6.5824,6.6298,-1.2756,3.1707,2.3635,-2.3036,12.677,5.9706
0.95,-14.33,-0.14185,3.9925,0.12839,0.21355,-0.48533,0.83807,1.8551,-3.2451,-0.18966,-0.049122,-0.39492,-0.01097,2.5034,-4.5332,-0.40918,0,0,0,6.8485,6.7588,6.5861,6.6312,-1.298,3.2968,2.4207,-2.1834,12.536,5.4832
0.96,-14.312,-0.17453,3.9906,0.12716,0.21202,-0.48573,0.83842,1.8801,-3.2903,-0.19363,-0.052974,-0.40666,-0.011945,2.4903,-4.4997,-0.38471,0,0,0,6.8502,6.7625,6.5898,6.6327,-1.3192,3.4214,2.4732,-2.0619,12.393,5.0176
0.97,-14.293,-0.20765,3.9887,0.12588,0.21046,-0.48613,0.83878,1.9049,-3.3351,-0.19736,-0.056841,-0.41804,-0.012921,2.477,-4.4648,-0.35973,0,0,0,6.8519,6.7662,6.5935,6.6344,-1.3392,3.5446,2.5211,-1.9392,12.245,4.5731
0.98,-14.274,-0.24123,3.9867,0.12455,0.20885,-0.48652,0.83915,1.9296,-3.3795,-0.20083,-0.060725,-0.42907,-0.013896,2.4635,-4.4288,-0.3343,0,0,0,6.8537,6.7699,6.5973,6.6361,-1.358,3.6663,2.5647,-1.8157,12.094,4.1487
0.99,-14.254,-0.27524,3.9847,0.12319,0.20721,-0.48691,0.83953,1.9542,-3.4237,-0.20404,-0.064625,-0.43974,-0.014871,2.4499,-4.3915,-0.30845,0,0,0,6.8554,6.7735,6.6011,6.638,-1.3756,3.7865,2.6042,-1.6914,11.941,3.7436
1,-14.235,-0.3097,3.9826,0.12178,0.20553,-0.48729,0.83992,1.9786,-3.4674,-0.20699,-0.068544,-0.45008,-0.015845,2.436,-4.353,-0.28223,0,0,0,6.8571,6.7771,6.6049,6.6399,-1.3918,3.9051,2.6397,-1.5668,11.784,3.357
1.01,-14.215,-0.34459,3.9805,0.12033,0.20381,-0.48768,0.84033,2.0029,-3.5107,-0.20968,-0.072481,-0.46009,-0.016818,2.422,-4.3134,-0.25567,0,0,0,6.8588,6.7806,6.6088,6.6419,-1.4069,4.0222,2.6714,-1.4419,11.624,2.988
1.02,-14.195,-0.37991,3.9784,0.11884,0.20207,-0.48805,0.84074,2.0271,-3.5536,-0.21211,-0.076436,-0.46978,-0.017788,2.4079,-4.2726,-0.22881,0,0,0,6.8604,6.784,6.6127,6.644,-1.4207,4.1376,2.6995,-1.317,11.463,2.6357
1.03,-14.174,-0.41566,3.9763,0.11731,0.20029,-0.48843,0.84117,2.0511,-3.5962,-0.21426,-0.080409,-0.47916,-0.018756,2.3936,-4.2307,-0.20169,0,0,0,6.8621,6.7873,6.6166,6.6462,-1.4332,4.2514,2.7241,-1.1923,11.298,2.2994
1.04,-14.154,-0.45183,3.9741,0.11574,0.19848,-0.48879,0.8416,2.0749,-3.6382,-0.21614,-0.084402,-0.48823,-0.019721,2.3792,-4.1876,-0.17434,0,0,0,6.8636,6.7905,6.6206,6.6484,-1.4445,4.3636,2.7455,-1.0682,11.132,1.9781
1.05,-14.133,-0.48842,3.972,0.11414,0.19664,-0.48915,0.84204,2.0987,-3.6799,-0.21774,-0.088412,-0.49701,-0.020682,2.3647,-4.1434,-0.14679,0,0,0,6.8652,6.7937,6.6245,6.6507,-1.4546,4.4741,2.7638,-0.94465,10.963,1.671
1.06,-14.112,-0.52543,3.9698,0.11249,0.19477,-0.4895,0.8425,2.1222,-3.7211,-0.21907,-0.092441,-0.5055,-0.021639,2.3501,-4.0981,-0.11908,0,0,0,6.8667,6.7968,6.6285,6.6531,-1.4634,4.5828,2.779,-0.82206,10.793,1.3773
1.07,-14.09,-0.56284,3.9676,0.11081,0.19287,-0.48985,0.84295,2.1457,-3.7619,-0.22013,-0.096488,-0.5137,-0.022591,2.3355,-4.0517,-0.091221,0,0,0,6.8681,6.7997,6.6325,6.6556,-1.471,4.6899,2.7913,-0.70061,10.622,1.0961
1.08,-14.069,-0.60066,3.9654,0.1091,0.19095,-0.49018,0.84342,2.169,-3.8021,-0.2209,-0.10055,-0.52163,-0.023537,2.3207,-4.0043,-0.063258,0,0,0,6.8694,6.8026,6.6366,6.6581,-1.4774,4.7953,2.8009,-0.58052,10.449,0.82662
1.09,-14.047,-0.63889,3.9632,0.10734,0.189,-0.49051,0.84389,2.1921,-3.8419,-0.22139,-0.10463,-0.52929,-0.024478,2.3059,-3.9558,-0.035211,0,0,0,6.8707,6.8054,6.6407,6.6607,-1.4827,4.8989,2.8079,-0.46202,10.274,0.56791
1.1,-14.025,-0.6775,3.9609,0.10555,0.18703,-0.49083,0.84437,2.2151,-3.8813,-0.2216,-0.10873,-0.53668,-0.025411,2.2911,-3.9063,-0.0071079,0,0,0,6.872,6.8082,6.6448,6.6633,-1.4867,5.0008,2.8123,-0.34534,10.099,0.31917
1.11,-14.003,-0.71651,3.9587,0.10373,0.18504,-0.49114,0.84486,2.2379,-3.9201,-0.22153,-0.11285,-0.54381,-0.026337,2.2762,-3.8558,0.021027,0,0,0,6.8731,6.8108,6.6489,6.6661,-1.4896,5.1009,2.8143,-0.2307,9.9235,0.079536
1.12,-13.98,-0.7559,3.9565,0.10188,0.18302,-0.49143,0.84535,2.2606,-3.9584,-0.22118,-0.11698,-0.55069,-0.027256,2.2613,-3.8043,0.049171,0,0,0,6.8743,6.8133,6.6531,6.6689,-1.4913,5.1992,2.814,-0.11834,9.747,-0.15183
1.13,-13.957,-0.79567,3.9543,0.099986,0.18099,-0.49172,0.84585,2.2831,-3.9962,-0.22055,-0.12112,-0.55732,-0.028165,2.2464,-3.7519,0.077299,0,0,0,6.8753,6.8158,6.6573,6.6718,-1.4919,5.2958,2.8113,-0.0084656,9.5702,-0.37578
1.14,-13.934,-0.83582,3.9521,0.098063,0.17893,-0.492,0.84635,2.3055,-4.0334,-0.21964,-0.12527,-0.5637,-0.029065,2.2315,-3.6984,0.10539,0,0,0,6.8763,6.8181,6.6616,6.6747,-1.4915,5.3906,2.8065,0.098681,9.3932,-0.59316
1.15,-13.911,-0.87634,3.9499,0.096108,0.17686,-0.49226,0.84686,2.3278,-4.0701,-0.21844,-0.12944,-0.56984,-0.029955,2.2165,-3.644,0.13342,0,0,0,6.8772,6.8204,6.6659,6.6778,-1.49,5.4837,2.7995,0.20288,9.2162,-0.80483
1.16,-13.888,-0.91722,3.9477,0.094121,0.17476,-0.49251,0.84737,2.3499,-4.1063,-0.21697,-0.13362,-0.57575,-0.030834,2.2017,-3.5888,0.16137,0,0,0,6.878,6.8226,6.6702,6.6809,-1.4874,5.575,2.7904,0.3039,9.0394,-1.0116
1.17,-13.864,-0.95847,3.9456,0.092102,0.17266,-0.49275,0.84788,2.3718,-4.1419,-0.21521,-0.1378,-0.58142,-0.031702,2.1868,-3.5326,0.18922,0,0,0,6.8788,6.8247,6.6746,6.6841,-1.4839,5.6645,2.7793,0.40152,8.8631,-1.2144
1.18,-13.84,-1.0001,3.9434,0.090054,0.17053,-0.49298,0.8484,2.3936,-4.1769,-0.21318,-0.142,-0.58687,-0.032558,2.172,-3.4755,0.21695,0,0,0,6.8795,6.8267,6.679,6.6874,-1.4794,5.7522,2.7661,0.49551,8.6873,-1.414
1.19,-13.816,-1.042,3.9413,0.087975,0.16839,-0.49319,0.84892,2.4152,-4.2114,-0.21088,-0.1462,-0.59209,-0.033401,2.1572,-3.4175,0.24454,0,0,0,6.8801,6.8287,6.6835,6.6907,-1.474,5.8382,2.751,0.58565,8.5124,-1.6113
1.2,-13.792,-1.0843,3.9392,0.085866,0.16624,-0.49338,0.84945,2.4367,-4.2453,-0.20829,-0.1504,-0.5971,-0.034231,2.1425,-3.3587,0.27196,0,0,0,6.8807,6.8306,6.688,6.6942,-1.4677,5.9225,2.7339,0.67171,8.3384,-1.8072
1.21,-13.768,-1.1269,3.9371,0.083729,0.16408,-0.49357,0.84998,2.4581,-4.2786,-0.20544,-0.15461,-0.60189,-0.035047,2.1279,-3.2991,0.29921,0,0,0,6.8812,6.8324,6.6925,6.6977,-1.4606,6.005,2.7148,0.75346,8.1657,-2.0024
1.22,-13.743,-1.1699,3.9351,0.081563,0.1619,-0.49373,0.85051,2.4793,-4.3113,-0.20231,-0.15881,-0.60646,-0.035848,2.1133,-3.2386,0.32625,0,0,0,6.8817,6.8342,6.6971,6.7013,-1.4527,6.0858,2.6938,0.83079,7.9942,-2.1975
1.23,-13.718,-1.2131,3.9331,0.079369,0.15971,-0.49388,0.85104,2.5004,-4.3433,-0.19891,-0.16302,-0.61083,-0.036634,2.0988,-3.1774,0.35308,0,0,0,6.8821,6.8359,6.7017,6.7049,-1.444,6.1649,2.6709,0.9038,7.8241,-2.3923
1.24,-13.693,-1.2567,3.9311,0.077147,0.15751,-0.49402,0.85158,2.5213,-4.3748,-0.19525,-0.16722,-0.61499,-0.037405,2.0844,-3.1153,0.37966,0,0,0,6.8825,6.8375,6.7064,6.7087,-1.4346,6.2423,2.646,0.97259,7.6551,-2.5866
1.25,-13.668,-1.3006,3.9292,0.074899,0.1553,-0.49413,0.85212,2.542,-4.4056,-0.19132,-0.17142,-0.61896,-0.038159,2.0701,-3.0525,0.40599,0,0,0,6.8829,6.8391,6.711,6.7125,-1.4246,6.318,2.6192,1.0373,7.4874,-2.7802
1.26,-13.642,-1.3448,3.9273,0.072625,0.15309,-0.49423,0.85266,2.5627,-4.4359,-0.18713,-0.17562,-0.62273,-0.038897,2.0559,-2.989,0.43204,0,0,0,6.8832,6.8407,6.7157,6.7163,-1.4139,6.392,2.5904,1.0979,7.3208,-2.9729
1.27,-13.616,-1.3893,3.9255,0.070325,0.15086,-0.49432,0.8532,2.5832,-4.4654,-0.18268,-0.17981,-0.62631,-0.039618,2.0418,-2.9247,0.45779,0,0,0,6.8835,6.8421,6.7204,6.7202,-1.4026,6.4644,2.5597,1.1547,7.1553,-3.1645
1.28,-13.59,-1.4341,3.9237,0.067999,0.14863,-0.49438,0.85374,2.6035,-4.4943,-0.17798,-0.18399,-0.6297,-0.040322,2.0279,-2.8597,0.48323,0,0,0,6.8837,6.8436,6.7251,6.7241,-1.3908,6.5351,2.5271,1.2077,6.9909,-3.3548
1.29,-13.564,-1.4792,3.9219,0.065649,0.14639,-0.49442,0.85429,2.6237,-4.5226,-0.17302,-0.18816,-0.63291,-0.041009,2.014,-2.794,0.50833,0,0,0,6.8839,6.845,6.7299,6.7281,-1.3785,6.6042,2.4926,1.2571,6.8275,-3.5436
1.3,-13.538,-1.5246,3.9202,0.063274,0.14415,-0.49445,0.85483,2.6438,-4.5502,-0.16781,-0.19232,-0.63594,-0.041677,2.0003,-2.7276,0.53308,0,0,0,6.8842,6.8463,6.7346,6.7321,-1.3657,6.6717,2.4562,1.3028,6.6651,-3.7306
1.31,-13.511,-1.5702,3.9185,0.060876,0.1419,-0.49446,0.85538,2.6637,-4.5772,-0.16236,-0.19648,-0.6388,-0.042327,1.9867,-2.6606,0.55745,0,0,0,6.8843,6.8477,6.7393,6.7362,-1.3524,6.7375,2.418,1.3451,6.5037,-3.9158
1.32,-13.485,-1.6161,3.9169,0.058455,0.13965,-0.49444,0.85593,2.6835,-4.6034,-0.15666,-0.20062,-0.64149,-0.04296,1.9733,-2.5929,0.58143,0,0,0,6.8845,6.8489,6.744,6.7402,-1.3388,6.8018,2.3779,1.3841,6.3432,-4.0987
1.33,-13.458,-1.6623,3.9154,0.056011,0.13739,-0.49441,0.85647,2.7032,-4.629,-0.15073,-0.20475,-0.64401,-0.043573,1.9599,-2.5245,0.605,0,0,0,6.8846,6.8502,6.7487,6.7443,-1.3248,6.8644,2.336,1.4198,6.1835,-4.2794
1.34,-13.431,-1.7087,3.9139,0.053544,0.13513,-0.49435,0.85702,2.7227,-4.6539,-0.14456,-0.20886,-0.64638,-0.044169,1.9468,-2.4556,0.62814,0,0,0,6.8848,6.8514,6.7533,6.7484,-1.3104,6.9254,2.2924,1.4524,6.0246,-4.4575
1.35,-13.403,-1.7554,3.9125,0.051056,0.13287,-0.49428,0.85757,2.7421,-4.6781,-0.13817,-0.21296,-0.64859,-0.044746,1.9337,-2.386,0.65084,0,0,0,6.8849,6.8525,6.7579,6.7524,-1.2957,6.9849,2.2469,1.4819,5.8666,-4.6328
1.36,-13.376,-1.8023,3.9112,0.048547,0.13061,-0.49418,0.85812,2.7614,-4.7016,-0.13155,-0.21705,-0.65064,-0.045304,1.9209,-2.3159,0.67308,0,0,0,6.885,6.8536,6.7625,6.7565,-1.2808,7.0428,2.1997,1.5086,5.7092,-4.8052
1.37,-13.348,-1.8494,3.9099,0.046016,0.12835,-0.49406,0.85867,2.7805,-4.7244,-0.12471,-0.22112,-0.65255,-0.045844,1.9081,-2.2452,0.69483,0,0,0,6.8851,6.8547,6.767,6.7606,-1.2656,7.0991,2.1508,1.5324,5.5526,-4.9744
1.38,-13.32,-1.8968,3.9087,0.043466,0.12608,-0.49392,0.85922,2.7996,-4.7465,-0.11765,-0.22518,-0.65432,-0.046365,1.8955,-2.1739,0.71609,0,0,0,6.8851,6.8558,6.7715,6.7646,-1.2501,7.1538,2.1002,1.5536,5.3966,-5.1402
1.39,-13.292,-1.9443,3.9075,0.040895,0.12382,-0.49375,0.85977,2.8185,-4.7679,-0.11039,-0.22922,-0.65595,-0.046868,1.8831,-2.1021,0.73683,0,0,0,6.8852,6.8568,6.776,6.7686,-1.2345,7.207,2.048,1.5721,5.2412,-5.3024
1.4,-13.264,-1.9921,3.9065,0.038305,0.12156,-0.49356,0.86032,2.8372,-4.7886,-0.10292,-0.23325,-0.65744,-0.047352,1.8709,-2.0298,0.75704,0,0,0,6.8852,6.8577,6.7803,6.7726,-1.2187,7.2586,1.9942,1.5882,5.0864,-5.4609
1.41,-13.235,-2.0401,3.9055,0.035696,0.1193,-0.49335,0.86087,2.8559,-4.8085,-0.09525,-0.23726,-0.65881,-0.047817,1.8588,-1.9569,0.77671,0,0,0,6.8852,6.8586,6.7847,6.7766,-1.2027,7.3087,1.9388,1.6019,4.9321,-5.6154
1.42,-13.207,-2.0883,3.9046,0.033068,0.11704,-0.49311,0.86142,2.8744,-4.8277,-0.087387,-0.24125,-0.66004,-0.048265,1.8468,-1.8836,0.79581,0,0,0,6.8852,6.8595,6.7889,6.7805,-1.1867,7.3573,1.8819,1.6134,4.7784,-5.7656
1.43,-13.178,-2.1366,3.9037,0.030422,0.11479,-0.49285,0.86197,2.8928,-4.8462,-0.079335,-0.24523,-0.66116,-0.048694,1.835,-1.8098,0.81434,0,0,0,6.8852,6.8604,6.7931,6.7843,-1.1705,7.4043,1.8235,1.6227,4.625,-5.9115
1.44,-13.149,-2.1852,3.903,0.027758,0.11254,-0.49257,0.86252,2.9111,-4.8639,-0.071102,-0.24919,-0.66215,-0.049106,1.8234,-1.7355,0.83228,0,0,0,6.8852,6.8611,6.7972,6.7881,-1.1542,7.4498,1.7637,1.63,4.4721,-6.0527
1.45,-13.12,-2.2339,3.9023,0.025077,0.11029,-0.49226,0.86307,2.9293,-4.8809,-0.062692,-0.25314,-0.66303,-0.049499,1.8119,-1.6608,0.84961,0,0,0,6.8851,6.8619,6.8012,6.7919,-1.1379,7.4938,1.7025,1.6353,4.3195,-6.1891
1.46,-13.09,-2.2828,3.9017,0.022378,0.10804,-0.49192,0.86362,2.9473,-4.8971,-0.054112,-0.25706,-0.6638,-0.049875,1.8006,-1.5857,0.86632,0,0,0,6.885,6.8626,6.8051,6.7956,-1.1215,7.5362,1.6399,1.6388,4.1673,-6.3205
1.47,-13.061,-2.3319,3.9012,0.019663,0.10581,-0.49156,0.86417,2.9653,-4.9126,-0.045367,-0.26097,-0.66446,-0.050234,1.7895,-1.5101,0.8824,0,0,0,6.8848,6.8632,6.8089,6.7992,-1.1051,7.5771,1.5761,1.6406,4.0153,-6.4467
1.48,-13.031,-2.3811,3.9008,0.016931,0.10357,-0.49117,0.86472,2.9831,-4.9273,-0.036466,-0.26487,-0.66501,-0.050575,1.7785,-1.4341,0.89784,0,0,0,6.8847,6.8638,6.8126,6.8027,-1.0887,7.6165,1.511,1.6407,3.8636,-6.5674
1.49,-13.001,-2.4304,3.9005,0.014183,0.10134,-0.49075,0.86527,3.0009,-4.9413,-0.027413,-0.26875,-0.66546,-0.0509,1.7677,-1.3578,0.91262,0,0,0,6.8845,6.8644,6.8163,6.8062,-1.0723,7.6544,1.4447,1.6394,3.7121,-6.6825
1.5,-12.971,-2.4799,3.9003,0.01142,0.099122,-0.49031,0.86582,3.0185,-4.9545,-0.018215,-0.27261,-0.66582,-0.051208,1.7571,-1.281,0.92673,0,0,0,6.8843,6.8649,6.8198,6.8096,-1.0559,7.6907,1.3774,1.6367,3.5607,-6.7917
1.51,-12.941,-2.5295,3.9001,0.0086406,0.096906,-0.48984,0.86637,3.036,-4.9669,-0.0088803,-0.27645,-0.66607,-0.051499,1.7466,-1.204,0.94016,0,0,0,6.884,6.8653,6.8232,6.8128,-1.0396,7.7256,1.3089,1.6327,3.4094,-6.8949
1.52,-12.91,-2.5792,3.9001,0.0058467,0.094698,-0.48934,0.86692,3.0534,-4.9786,0.00058559,-0.28028,-0.66624,-0.051774,1.7363,-1.1265,0.95291,0,0,0,6.8837,6.8657,6.8265,6.816,-1.0233,7.7589,1.2395,1.6275,3.2582,-6.9918
1.53,-12.88,-2.6291,3.9002,0.003038,0.092497,-0.48881,0.86747,3.0707,-4.9894,0.010175,-0.28409,-0.66631,-0.052033,1.7261,-1.0488,0.96495,0,0,0,6.8833,6.866,6.8297,6.8192,-1.007,7.7908,1.1691,1.6213,3.1071,-7.0822
1.54,-12.849,-2.679,3.9003,0.00021489,0.090304,-0.48826,0.86802,3.0879,-4.9995,0.019882,-0.28789,-0.66629,-0.052276,1.7162,-0.97072,0.97629,0,0,0,6.8829,6.8663,6.8328,6.8222,-0.99085,7.8211,1.0979,1.6141,2.9559,-7.166
1.55,-12.818,-2.729,3.9005,-0.0026223,0.088119,-0.48767,0.86856,3.1051,-5.0088,0.029699,-0.29167,-0.66619,-0.052504,1.7063,-0.89236,0.98691,0,0,0,6.8825,6.8665,6.8358,6.8251,-0.97474,7.8499,1.0258,1.6061,2.8047,-7.2429
1.56,-12.787,-2.7792,3.9009,-0.0054734,0.085943,-0.48706,0.86911,3.1221,-5.0174,0.039618,-0.29543,-0.666,-0.052716,1.6967,-0.81373,0.9968,0,0,0,6.882,6.8666,6.8387,6.8279,-0.95873,7.8772,0.95304,1.5973,2.6534,-7.3127
1.57,-12.755,-2.8294,3.9013,-0.008338,0.083776,-0.48641,0.86966,3.139,-5.0251,0.049632,-0.29918,-0.66572,-0.052914,1.6872,-0.73483,1.006,0,0,0,6.8814,6.8667,6.8414,6.8306,-0.9428,7.9029,0.87959,1.5879,2.5019,-7.3752
1.58,-12.724,-2.8797,3.9019,-0.011216,0.081618,-0.48574,0.87021,3.1558,-5.0321,0.059735,-0.30291,-0.66536,-0.053097,1.6778,-0.65567,1.0144,0,0,0,6.8808,6.8667,6.8441,6.8332,-0.92697,7.9272,0.80556,1.578,2.3503,-7.4302
1.59,-12.692,-2.93,3.9025,-0.014107,0.079471,-0.48504,0.87076,3.1725,-5.0382,0.069918,-0.30662,-0.66492,-0.053265,1.6686,-0.57629,1.0221,0,0,0,6.8801,6.8666,6.8466,6.8357,-0.91124,7.9499,0.73102,1.5677,2.1985,-7.4775
1.6,-12.66,-2.9804,3.9033,-0.01701,0.077334,-0.4843,0.87131,3.1892,-5.0436,0.080174,-0.31032,-0.6644,-0.053419,1.6596,-0.49668,1.029,0,0,0,6.8794,6.8665,6.849,6.8381,-0.89562,7.9712,0.65604,1.5571,2.0464,-7.5169
1.61,-12.628,-3.0309,3.9041,-0.019926,0.075207,-0.48353,0.87186,3.2057,-5.0482,0.090495,-0.314,-0.6638,-0.05356,1.6507,-0.41687,1.0352,0,0,0,6.8786,6.8663,6.8513,6.8404,-0.8801,7.9909,0.58071,1.5461,1.894,-7.5484
1.62,-12.596,-3.0814,3.9051,-0.022854,0.073092,-0.48274,0.87241,3.2222,-5.0519,0.10088,-0.31767,-0.66312,-0.053686,1.642,-0.33687,1.0406,0,0,0,6.8778,6.8661,6.8535,6.8426,-0.8647,8.009,0.5051,1.5349,1.7415,-7.5723
1.63,-12.564,-3.1319,3.9062,-0.025794,0.070988,-0.4819,0.87296,3.2386,-5.0549,0.11131,-0.32131,-0.66236,-0.053798,1.6334,-0.25669,1.0453,0,0,0,6.8769,6.8657,6.8556,6.8447,-0.8494,8.0257,0.42929,1.5234,1.5888,-7.5886
1.64,-12.532,-3.1825,3.9073,-0.028746,0.068897,-0.48104,0.87351,3.2549,-5.0571,0.12178,-0.32494,-0.66152,-0.053898,1.625,-0.17636,1.0492,0,0,0,6.8759,6.8654,6.8575,6.8467,-0.83423,8.0408,0.35335,1.5116,1.436,-7.5978
1.65,-12.499,-3.2331,3.9086,-0.031709,0.066817,-0.48015,0.87407,3.2711,-5.0584,0.13229,-0.32855,-0.6606,-0.053984,1.6167,-0.095881,1.0524,0,0,0,6.8748,6.8649,6.8594,6.8486,-0.81917,8.0544,0.27735,1.4994,1.2831,-7.5998
1.66,-12.466,-3.2837,3.91,-0.034683,0.064751,-0.47922,0.87462,3.2872,-5.059,0.14282,-0.33215,-0.6596,-0.054057,1.6086,-0.015275,1.0548,0,0,0,6.8737,6.8644,6.8611,6.8503,-0.80424,8.0665,0.20137,1.4868,1.1303,-7.5949
1.67,-12.433,-3.3343,3.9114,-0.037667,0.062698,-0.47825,0.87517,3.3032,-5.0587,0.15338,-0.33572,-0.65852,-0.054117,1.6006,0.065443,1.0564,0,0,0,6.8725,6.8638,6.8628,6.852,-0.78944,8.077,0.12548,1.4738,0.97743,-7.5834
1.68,-12.4,-3.3848,3.913,-0.040662,0.060658,-0.47725,0.87573,3.3192,-5.0577,0.16395,-0.33927,-0.65735,-0.054165,1.5928,0.14626,1.0573,0,0,0,6.8713,6.8632,6.8643,6.8536,-0.77477,8.086,0.049728,1.4605,0.82467,-7.5653
1.69,-12.367,-3.4354,3.9147,-0.043668,0.058633,-0.47622,0.87628,3.3351,-5.0558,0.17452,-0.3428,-0.65611,-0.0542,1.5851,0.22716,1.0574,0,0,0,6.87,6.8625,6.8658,6.8551,-0.76023,8.0935,-0.025808,1.4467,0.67204,-7.541
1.7,-12.333,-3.486,3.9165,-0.046683,0.056622,-0.47516,0.87684,3.3509,-5.0531,0.18509,-0.34631,-0.65478,-0.054223,1.5776,0.30813,1.0568,0,0,0,6.8686,6.8618,6.8671,6.8565,-0.74583,8.0995,-0.10107,1.4325,0.51958,-7.5105
1.71,-12.3,-3.5365,3.9184,-0.049708,0.054626,-0.47405,0.87739,3.3667,-5.0496,0.19565,-0.3498,-0.65337,-0.054233,1.5702,0.38914,1.0554,0,0,0,6.8672,6.861,6.8684,6.8578,-0.73158,8.1039,-0.176,1.4178,0.36733,-7.4741
1.72,-12.266,-3.5869,3.9204,-0.052742,0.052645,-0.47291,0.87795,3.3823,-5.0453,0.2062,-0.35326,-0.65188,-0.054232,1.563,0.4702,1.0532,0,0,0,6.8657,6.8601,6.8696,6.8591,-0.71748,8.1068,-0.25053,1.4027,0.21535,-7.432
1.73,-12.232,-3.6374,3.9226,-0.055785,0.05068,-0.47174,0.87851,3.3979,-5.0402,0.21672,-0.3567,-0.6503,-0.054219,1.5559,0.55127,1.0504,0,0,0,6.8642,6.8593,6.8707,6.8602,-0.70353,8.1082,-0.32462,1.387,0.063683,-7.3843
1.74,-12.198,-3.6877,3.9248,-0.058837,0.048732,-0.47053,0.87907,3.4134,-5.0343,0.2272,-0.36011,-0.64863,-0.054195,1.5489,0.63236,1.0467,0,0,0,6.8626,6.8583,6.8716,6.8613,-0.68974,8.1081,-0.3982,1.3708,-0.087631,-7.3313
1.75,-12.164,-3.7381,3.9271,-0.061897,0.0468,-0.46928,0.87963,3.4289,-5.0276,0.23765,-0.36349,-0.64688,-0.054159,1.5421,0.71343,1.0424,0,0,0,6.8609,6.8573,6.8726,6.8623,-0.67612,8.1065,-0.47123,1.3541,-0.23854,-7.2732
1.76,-12.129,-3.7883,3.9295,-0.064965,0.044886,-0.46799,0.8802,3.4443,-5.0201,0.24805,-0.36685,-0.64503,-0.054112,1.5354,0.79448,1.0373,0,0,0,6.8592,6.8563,6.8734,6.8632,-0.66266,8.1033,-0.54365,1.3369,-0.389,-7.2101
1.77,-12.095,-3.8385,3.9321,-0.068041,0.042989,-0.46667,0.88076,3.4596,-5.0117,0.25839,-0.37017,-0.6431,-0.054054,1.5288,0.87549,1.0315,0,0,0,6.8575,6.8553,6.8741,6.864,-0.64938,8.0987,-0.61541,1.3191,-0.53897,-7.1422
1.78,-12.06,-3.8885,3.9347,-0.071125,0.041111,-0.46531,0.88133,3.4749,-5.0025,0.26868,-0.37347,-0.64108,-0.053985,1.5224,0.95645,1.025,0,0,0,6.8557,6.8542,6.8748,6.8648,-0.63628,8.0925,-0.68648,1.3006,-0.6884,-7.0698
1.79,-12.025,-3.9385,3.9374,-0.074215,0.039251,-0.46391,0.8819,3.4901,-4.9926,0.27889,-0.37673,-0.63897,-0.053906,1.5161,1.0373,1.0178,0,0,0,6.8539,6.8531,6.8754,6.8655,-0.62337,8.0849,-0.75679,1.2816,-0.83723,-6.993
1.8,-11.99,-3.9884,3.9403,-0.077312,0.037411,-0.46247,0.88247,3.5052,-4.9818,0.28903,-0.37995,-0.63676,-0.053816,1.5099,1.1181,1.0099,0,0,0,6.852,6.852,6.876,6.8661,-0.61065,8.0758,-0.82632,1.262,-0.98544,-6.9121
1.81,-11.955,-4.0381,3.9432,-0.080416,0.03559,-0.46098,0.88304,3.5203,-4.9702,0.29909,-0.38314,-0.63446,-0.053715,1.5039,1.1989,1.0013,0,0,0,6.8502,6.8508,6.8764,6.8667,-0.59813,8.0652,-0.89502,1.2417,-1.133,-6.8271
1.82,-11.92,-4.0878,3.9463,-0.083525,0.033789,-0.45946,0.88361,3.5353,-4.9578,0.30905,-0.3863,-0.63206,-0.053605,1.498,1.2794,0.99198,0,0,0,6.8483,6.8497,6.8768,6.8672,-0.58582,8.0531,-0.96285,1.2208,-1.2798,-6.7384
1.83,-11.885,-4.1373,3.9494,-0.08664,0.032009,-0.4579,0.88419,3.5502,-4.9446,0.31892,-0.38941,-0.62956,-0.053485,1.4922,1.3599,0.98202,0,0,0,6.8463,6.8485,6.8772,6.8677,-0.57372,8.0396,-1.0298,1.1991,-1.4258,-6.6461
1.84,-11.849,-4.1867,3.9526,-0.089761,0.03025,-0.4563,0.88477,3.5651,-4.9306,0.32869,-0.39248,-0.62697,-0.053355,1.4865,1.4402,0.97139,0,0,0,6.8444,6.8473,6.8775,6.8681,-0.56184,8.0246,-1.0958,1.1768,-1.571,-6.5504
1.85,-11.813,-4.2359,3.956,-0.092886,0.028513,-0.45466,0.88535,3.5799,-4.9158,0.33835,-0.39551,-0.62428,-0.053215,1.4809,1.5204,0.96011,0,0,0,6.8424,6.8462,6.8777,6.8685,-0.55018,8.0082,-1.1608,1.1538,-1.7153,-6.4515
1.86,-11.777,-4.285,3.9594,-0.096016,0.026798,-0.45297,0.88594,3.5947,-4.9002,0.34789,-0.39849,-0.62148,-0.053067,1.4755,1.6004,0.94818,0,0,0,6.8404,6.845,6.8779,6.8688,-0.53876,7.9903,-1.2248,1.13,-1.8588,-6.3496
1.87,-11.741,-4.3339,3.9629,-0.099149,0.025106,-0.45124,0.88652,3.6095,-4.8838,0.35731,-0.40142,-0.61859,-0.052909,1.4702,1.6802,0.93561,0,0,0,6.8385,6.8438,6.878,6.8691,-0.52759,7.971,-1.2878,1.1055,-2.0012,-6.2448
1.88,-11.705,-4.3827,3.9665,-0.10229,0.023437,-0.44947,0.88711,3.6241,-4.8666,0.3666,-0.40431,-0.61559,-0.052743,1.4649,1.7598,0.92243,0,0,0,6.8365,6.8427,6.8781,6.8694,-0.51666,7.9503,-1.3497,1.0802,-2.1427,-6.1374
1.89,-11.669,-4.4312,3.9703,-0.10543,0.021793,-0.44765,0.8877,3.6388,-4.8486,0.37576,-0.40714,-0.61249,-0.052568,1.4598,1.8392,0.90862,0,0,0,6.8345,6.8415,6.8781,6.8696,-0.50599,7.9282,-1.4105,1.0541,-2.2831,-6.0277
1.9,-11.633,-4.4796,3.9741,-0.10857,0.020172,-0.44579,0.8883,3.6533,-4.8298,0.38477,-0.40992,-0.60929,-0.052385,1.4548,1.9184,0.89422,0,0,0,6.8326,6.8404,6.8781,6.8697,-0.49558,7.9047,-1.4702,1.0272,-2.4224,-5.9156
1.91,-11.596,-4.5278,3.978,-0.11172,0.018577,-0.44389,0.8889,3.6678,-4.8103,0.39364,-0.41265,-0.60598,-0.052194,1.4499,1.9973,0.87922,0,0,0,6.8306,6.8393,6.8781,6.8699,-0.48544,7.8797,-1.5288,0.99947,-2.5606,-5.8016
1.92,-11.559,-4.5758,3.9819,-0.11486,0.017007,-0.44194,0.8895,3.6823,-4.7899,0.40235,-0.41532,-0.60257,-0.051995,1.4451,2.076,0.86365,0,0,0,6.8287,6.8382,6.878,6.87,-0.47559,7.8534,-1.5862,0.9709,-2.6976,-5.6857
1.93,-11.522,-4.6236,3.986,-0.11801,0.015463,-0.43995,0.8901,3.6968,-4.7687,0.41091,-0.41793,-0.59905,-0.051788,1.4404,2.1544,0.8475,0,0,0,6.8268,6.8372,6.8778,6.8701,-0.46603,7.8258,-1.6425,0.94147,-2.8334,-5.5681
1.94,-11.485,-4.6712,3.9901,-0.12116,0.013946,-0.43791,0.89071,3.7111,-4.7468,0.4193,-0.42048,-0.59543,-0.051575,1.4358,2.2325,0.8308,0,0,0,6.8249,6.8362,6.8777,6.8701,-0.45677,7.7968,-1.6976,0.91116,-2.9679,-5.4491
1.95,-11.448,-4.7185,3.9944,-0.12431,0.012456,-0.43582,0.89132,3.7255,-4.7241,0.42752,-0.42296,-0.59169,-0.051355,1.4313,2.3103,0.81355,0,0,0,6.823,6.8352,6.8775,6.8702,-0.44781,7.7664,-1.7515,0.87994,-3.101,-5.3288
1.96,-11.411,-4.7657,3.9987,-0.12746,0.010994,-0.43369,0.89193,3.7398,-4.7006,0.43557,-0.42538,-0.58786,-0.051128,1.4268,2.3878,0.79577,0,0,0,6.8212,6.8343,6.8772,6.8702,-0.43917,7.7348,-1.8042,0.84781,-3.2328,-5.2074
1.97,-11.373,-4.8126,4.0031,-0.13061,0.0095598,-0.43151,0.89255,3.754,-4.6763,0.44344,-0.42773,-0.58391,-0.050896,1.4225,2.465,0.77747,0,0,0,6.8195,6.8334,6.877,6.8702,-0.43086,7.7018,-1.8556,0.81474,-3.3631,-5.0852
1.98,-11.336,-4.8592,4.0076,-0.13376,0.0081549,-0.42929,0.89317,3.7682,-4.6513,0.45112,-0.43001,-0.57986,-0.050657,1.4182,2.5418,0.75867,0,0,0,6.8177,6.8326,6.8767,6.8702,-0.42288,7.6675,-1.9059,0.78072,-3.492,-4.9623
1.99,-11.298,-4.9056,4.0121,-0.13691,0.0067794,-0.42701,0.89379,3.7824,-4.6255,0.45861,-0.43222,-0.57571,-0.050413,1.414,2.6183,0.73936,0,0,0,6.8161,6.8318,6.8764,6.8701,-0.41525,7.6319,-1.9549,0.74574,-3.6194,-4.8388
2,-11.26,-4.9517,4.0167,-0.14005,0.0054339,-0.42469,0.89442,3.7965,-4.5989,0.46591,-0.43436,-0.57145,-0.050164,1.4099,2.6945,0.71957,0,0,0,6.8144,6.8311,6.876,6.8701,-0.40797,7.5951,-2.0026,0.70983,-3.7453,-4.7149
2.01,-11.222,-4.9976,4.0214,-0.1432,0.0041191,-0.42232,0.89506,3.8106,-4.5716,0.473,-0.43641,-0.56709,-0.049911,1.4059,2.7702,0.69931,0,0,0,6.8129,6.8304,6.8756,6.87,-0.40105,7.557,-2.0492,0.67305,-3.8697,-4.5905
2.02,-11.184,-5.0431,4.0262,-0.14634,0.0028353,-0.4199,0.89569,3.8246,-4.5435,0.47989,-0.43839,-0.56262,-0.049653,1.4019,2.8456,0.67859,0,0,0,6.8114,6.8298,6.8752,6.8699,-0.39451,7.5177,-2.0945,0.63544,-3.9925,-4.4655
2.03,-11.145,-5.0884,4.031,-0.14947,0.0015833,-0.41743,0.89633,3.8386,-4.5147,0.48657,-0.44029,-0.55805,-0.049391,1.398,2.9206,0.65743,0,0,0,6.8099,6.8293,6.8748,6.8698,-0.38835,7.4772,-2.1385,0.59705,-4.1139,-4.34
2.04,-11.107,-5.1334,4.0359,-0.15261,0.00036347,-0.41491,0.89697,3.8526,-4.4851,0.49304,-0.44211,-0.55337,-0.049126,1.3941,2.9951,0.63583,0,0,0,6.8085,6.8288,6.8743,6.8697,-0.38257,7.4355,-2.1813,0.55794,-4.2337,-4.214
2.05,-11.068,-5.1781,4.0409,-0.15573,-0.00082354,-0.41234,0.89762,3.8665,-4.4548,0.49929,-0.44384,-0.5486,-0.048858,1.3903,3.0693,0.61381,0,0,0,6.8072,6.8284,6.8738,6.8696,-0.37719,7.3925,-2.2228,0.51815,-4.352,-4.0874
2.06,-11.03,-5.2225,4.0459,-0.15886,-0.0019772,-0.40971,0.89827,3.8804,-4.4237,0.50531,-0.44549,-0.54373,-0.048587,1.3866,3.143,0.59138,0,0,0,6.806,6.8281,6.8733,6.8695,-0.37221,7.3484,-2.263,0.47772,-4.4689,-3.9603
2.07,-10.991,-5.2666,4.051,-0.16197,-0.003097,-0.40704,0.89893,3.8942,-4.3919,0.51111,-0.44704,-0.53875,-0.048314,1.3829,3.2162,0.56855,0,0,0,6.8048,6.8278,6.8728,6.8694,-0.36764,7.3032,-2.302,0.43672,-4.5842,-3.8326
2.08,-10.952,-5.3104,4.0561,-0.16508,-0.0041824,-0.40432,0.89959,3.908,-4.3594,0.51668,-0.44851,-0.53368,-0.048039,1.3792,3.289,0.54534,0,0,0,6.8037,6.8276,6.8722,6.8693,-0.36348,7.2567,-2.3397,0.39519,-4.698,-3.7044
2.09,-10.913,-5.3538,4.0613,-0.16819,-0.0052329,-0.40154,0.90025,3.9218,-4.3262,0.52202,-0.44988,-0.52852,-0.047763,1.3756,3.3614,0.52176,0,0,0,6.8026,6.8274,6.8717,6.8691,-0.35973,7.2092,-2.3761,0.35317,-4.8104,-3.5756
2.1,-10.873,-5.3969,4.0666,-0.17128,-0.0062479,-0.39871,0.90092,3.9355,-4.2922,0.52712,-0.45116,-0.52326,-0.047486,1.372,3.4332,0.49783,0,0,0,6.8017,6.8273,6.8711,6.869,-0.35641,7.1605,-2.4112,0.31072,-4.9212,-3.4461
2.11,-10.834,-5.4396,4.0719,-0.17437,-0.0072269,-0.39583,0.90159,3.9492,-4.2575,0.53197,-0.45234,-0.5179,-0.047208,1.3685,3.5046,0.47354,0,0,0,6.8008,6.8273,6.8705,6.8688,-0.35352,7.1108,-2.445,0.26789,-5.0305,-3.3161
2.12,-10.794,-5.482,4.0772,-0.17745,-0.0081694,-0.39289,0.90227,3.9629,-4.2221,0.53659,-0.45342,-0.51245,-0.04693,1.3649,3.5754,0.44893,0,0,0,6.7999,6.8274,6.8699,6.8687,-0.35106,7.0599,-2.4775,0.22472,-5.1384,-3.1855
2.13,-10.755,-5.5241,4.0826,-0.18052,-0.009075,-0.3899,0.90294,3.9765,-4.186,0.54095,-0.4544,-0.50692,-0.046652,1.3614,3.6458,0.424,0,0,0,6.7992,6.8275,6.8692,6.8686,-0.34903,7.008,-2.5087,0.18126,-5.2447,-3.0543
2.14,-10.715,-5.5657,4.088,-0.18358,-0.0099431,-0.38685,0.90363,3.9901,-4.1492,0.54506,-0.45527,-0.50129,-0.046374,1.358,3.7156,0.39876,0,0,0,6.7985,6.8277,6.8686,6.8684,-0.34743,6.9551,-2.5386,0.13757,-5.3496,-2.9224
2.15,-10.675,-5.607,4.0935,-0.18663,-0.010773,-0.38376,0.90431,4.0037,-4.1117,0.54892,-0.45604,-0.49558,-0.046098,1.3545,3.7849,0.37323,0,0,0,6.7979,6.8279,6.8679,6.8683,-0.34628,6.901,-2.5671,0.093689,-5.4529,-2.7899
2.16,-10.635,-5.648,4.099,-0.18967,-0.011565,-0.3806,0.905,4.0172,-4.0735,0.55253,-0.4567,-0.48978,-0.045822,1.351,3.8536,0.34742,0,0,0,6.7973,6.8283,6.8672,6.8681,-0.34556,6.846,-2.5944,0.049669,-5.5548,-2.6567
2.17,-10.595,-5.6885,4.1046,-0.1927,-0.012318,-0.37739,0.9057,4.0307,-4.0346,0.55587,-0.45725,-0.4839,-0.045549,1.3476,3.9218,0.32135,0,0,0,6.7969,6.8286,6.8665,6.868,-0.34528,6.7899,-2.6203,0.005558,-5.6552,-2.523
2.18,-10.554,-5.7287,4.1101,-0.19571,-0.013031,-0.37413,0.9064,4.0442,-3.9951,0.55895,-0.45769,-0.47794,-0.045277,1.3441,3.9894,0.29502,0,0,0,6.7965,6.8291,6.8658,6.8679,-0.34545,6.7329,-2.6448,-0.038594,-5.754,-2.3885
2.19,-10.514,-5.7684,4.1157,-0.19872,-0.013704,-0.37081,0.9071,4.0576,-3.9548,0.56177,-0.45801,-0.4719,-0.045008,1.3407,4.0564,0.26846,0,0,0,6.7961,6.8296,6.8651,6.8677,-0.34606,6.6749,-2.668,-0.082738,-5.8514,-2.2534
2.2,-10.473,-5.8078,4.1214,-0.20171,-0.014338,-0.36743,0.9078,4.071,-3.9139,0.56432,-0.45821,-0.46579,-0.044742,1.3372,4.1229,0.24167,0,0,0,6.7959,6.8302,6.8644,6.8676,-0.3471,6.6159,-2.6899,-0.12682,-5.9473,-2.1176
2.21,-10.432,-5.8467,4.127,-0.20468,-0.01493,-0.364,0.90851,4.0843,-3.8724,0.5666,-0.4583,-0.4596,-0.044479,1.3337,4.1888,0.21466,0,0,0,6.7957,6.8308,6.8636,6.8675,-0.34859,6.5559,-2.7104,-0.17081,-6.0418,-1.9811
2.22,-10.391,-5.8852,4.1327,-0.20764,-0.015482,-0.36051,0.90922,4.0977,-3.8302,0.56862,-0.45827,-0.45334,-0.044219,1.3302,4.254,0.18746,0,0,0,6.7956,6.8315,6.8629,6.8674,-0.35052,6.495,-2.7295,-0.21463,-6.1347,-1.8439
2.23,-10.35,-5.9233,4.1384,-0.21059,-0.015992,-0.35696,0.90993,4.111,-3.7873,0.57035,-0.45811,-0.44702,-0.043963,1.3267,4.3187,0.16008,0,0,0,6.7955,6.8322,6.8621,6.8672,-0.35288,6.4332,-2.7472,-0.25825,-6.2261,-1.706
2.24,-10.309,-5.9609,4.1441,-0.21352,-0.01646,-0.35336,0.91065,4.1242,-3.7438,0.57182,-0.45783,-0.44062,-0.043711,1.3232,4.3827,0.13252,0,0,0,6.7955,6.833,6.8614,6.8671,-0.35568,6.3705,-2.7636,-0.30162,-6.3161,-1.5674
2.25,-10.268,-5.9982,4.1498,-0.21643,-0.016886,-0.3497,0.91136,4.1374,-3.6996,0.573,-0.45742,-0.43417,-0.043463,1.3196,4.4461,0.10481,0,0,0,6.7955,6.8339,6.8606,6.867,-0.35891,6.3069,-2.7786,-0.34469,-6.4046,-1.428
2.26,-10.226,-6.0349,4.1556,-0.21932,-0.01727,-0.34598,0.91208,4.1506,-3.6549,0.57391,-0.45688,-0.42765,-0.04322,1.316,4.5088,0.076956,0,0,0,6.7957,6.8348,6.8598,6.8669,-0.36258,6.2424,-2.7922,-0.38741,-6.4916,-1.2879
2.27,-10.185,-6.0713,4.1613,-0.2222,-0.017611,-0.34221,0.9128,4.1637,-3.6095,0.57454,-0.45621,-0.42108,-0.042982,1.3123,4.5709,0.048972,0,0,0,6.7958,6.8357,6.859,6.8668,-0.36666,6.1771,-2.8044,-0.42972,-6.5771,-1.1471
2.28,-10.143,-6.1071,4.167,-0.22506,-0.017908,-0.33837,0.91353,4.1768,-3.5634,0.57489,-0.4554,-0.41446,-0.042749,1.3087,4.6323,0.020873,0,0,0,6.7961,6.8367,6.8582,6.8667,-0.37117,6.1109,-2.8151,-0.47159,-6.6612,-1.0056
2.29,-10.101,-6.1425,4.1728,-0.2279,-0.018162,-0.33448,0.91425,4.1899,-3.5168,0.57496,-0.45446,-0.40778,-0.042521,1.3049,4.6931,-0.0073257,0,0,0,6.7964,6.8377,6.8573,6.8666,-0.37609,6.0439,-2.8245,-0.51295,-6.7438,-0.86322
2.3,-10.059,-6.1775,4.1785,-0.23072,-0.018372,-0.33053,0.91498,4.2029,-3.4696,0.57474,-0.45338,-0.40106,-0.042299,1.3011,4.7532,-0.035611,0,0,0,6.7967,6.8388,6.8565,6.8666,-0.38143,5.976,-2.8324,-0.55377,-6.8249,-0.72012
2.31,-10.017,-6.2119,4.1843,-0.23351,-0.018538,-0.32652,0.9157,4.2159,-3.4218,0.57425,-0.45216,-0.3943,-0.042083,1.2973,4.8126,-0.063968,0,0,0,6.7971,6.8399,6.8557,6.8665,-0.38717,5.9074,-2.8389,-0.594,-6.9045,-0.57624
2.32,-9.975,-6.2459,4.19,-0.23629,-0.01866,-0.32245,0.91643,4.2289,-3.3733,0.57346,-0.4508,-0.38749,-0.041873,1.2934,4.8714,-0.092383,0,0,0,6.7975,6.841,6.8549,6.8664,-0.3933,5.8379,-2.8439,-0.63358,-6.9826,-0.43157
2.33,-9.9326,-6.2794,4.1958,-0.23904,-0.018738,-0.31833,0.91716,4.2418,-3.3243,0.5724,-0.4493,-0.38065,-0.041669,1.2894,4.9294,-0.12084,0,0,0,6.7979,6.8422,6.854,6.8664,-0.39983,5.7677,-2.8475,-0.67246,-7.0593,-0.2861
2.34,-9.8901,-6.3124,4.2015,-0.24178,-0.018771,-0.31414,0.91788,4.2547,-3.2747,0.57105,-0.44765,-0.37378,-0.041472,1.2854,4.9867,-0.14933,0,0,0,6.7985,6.8434,6.8532,6.8663,-0.40675,5.6968,-2.8496,-0.7106,-7.1345,-0.13983
2.35,-9.8475,-6.3449,4.2072,-0.24448,-0.018759,-0.3099,0.91861,4.2675,-3.2246,0.56941,-0.44585,-0.36688,-0.041281,1.2813,5.0433,-0.17783,0,0,0,6.799,6.8446,6.8523,6.8663,-0.41404,5.6251,-2.8503,-0.74795,-7.2082,0.0072586
2.36,-9.8048,-6.3769,4.2129,-0.24717,-0.018702,-0.3056,0.91933,4.2803,-3.1739,0.56749,-0.4439,-0.35995,-0.041097,1.2771,5.0992,-0.20633,0,0,0,6.7996,6.8458,6.8515,6.8663,-0.42171,5.5526,-2.8495,-0.78446,-7.2805,0.15517
2.37,-9.7619,-6.4083,4.2185,-0.24982,-0.018601,-0.30124,0.92005,4.293,-3.1226,0.56529,-0.44179,-0.35301,-0.040919,1.2729,5.1544,-0.23481,0,0,0,6.8002,6.8471,6.8506,6.8662,-0.42973,5.4794,-2.8472,-0.82007,-7.3513,0.30392
2.38,-9.7189,-6.4393,4.2242,-0.25246,-0.018454,-0.29683,0.92077,4.3058,-3.0708,0.5628,-0.43954,-0.34604,-0.040749,1.2685,5.2088,-0.26327,0,0,0,6.8008,6.8483,6.8497,6.8662,-0.43811,5.4056,-2.8434,-0.85476,-7.4206,0.45345
2.39,-9.6758,-6.4698,4.2298,-0.25506,-0.018262,-0.29235,0.92149,4.3184,-3.0184,0.56002,-0.43713,-0.33907,-0.040585,1.2641,5.2625,-0.29168,0,0,0,6.8015,6.8496,6.8489,6.8662,-0.44682,5.331,-2.8381,-0.88852,-7.4884,0.60367
2.4,-9.6325,-6.4997,4.2354,-0.25764,-0.018025,-0.28782,0.9222,4.331,-2.9656,0.55696,-0.43456,-0.33209,-0.040429,1.2596,5.3154,-0.32002,0,0,0,6.8021,6.8509,6.848,6.8663,-0.45587,5.2558,-2.8313,-0.92132,-7.5547,0.75446
2.41,-9.5892,-6.5291,4.2409,-0.26019,-0.017743,-0.28323,0.92291,4.3436,-2.9121,0.55362,-0.43183,-0.32511,-0.040279,1.255,5.3676,-0.3483,0,0,0,6.8028,6.8522,6.8472,6.8663,-0.46525,5.1799,-2.823,-0.95316,-7.6195,0.90571
2.42,-9.5457,-6.5579,4.2464,-0.26271,-0.017416,-0.27859,0.92362,4.3561,-2.8582,0.55,-0.42894,-0.31813,-0.040137,1.2503,5.419,-0.37648,0,0,0,6.8036,6.8535,6.8463,6.8663,-0.47493,5.1034,-2.8132,-0.98403,-7.6826,1.0573
2.43,-9.502,-6.5862,4.2519,-0.2652,-0.017043,-0.27388,0.92432,4.3686,-2.8038,0.54609,-0.42589,-0.31115,-0.040001,1.2455,5.4697,-0.40456,0,0,0,6.8043,6.8548,6.8454,6.8664,-0.48492,5.0263,-2.8019,-1.0139,-7.7441,1.2091
2.44,-9.4583,-6.614,4.2574,-0.26765,-0.016626,-0.26912,0.92502,4.381,-2.7488,0.54191,-0.42268,-0.30419,-0.039873,1.2406,5.5195,-0.43251,0,0,0,6.8051,6.8561,6.8446,6.8664,-0.49521,4.9486,-2.789,-1.0428,-7.804,1.361
2.45,-9.4144,-6.6412,4.2628,-0.27008,-0.016165,-0.26431,0.92571,4.3934,-2.6934,0.53744,-0.4193,-0.29725,-0.039752,1.2356,5.5686,-0.46033,0,0,0,6.8058,6.8574,6.8437,6.8665,-0.50578,4.8702,-2.7746,-1.0707,-7.8622,1.5129
2.46,-9.3704,-6.6679,4.2681,-0.27248,-0.015658,-0.25944,0.92639,4.4058,-2.6374,0.5327,-0.41575,-0.29033,-0.039639,1.2305,5.6169,-0.488,0,0,0,6.8066,6.8587,6.8428,6.8666,-0.51662,4.7913,-2.7588,-1.0975,-7.9188,1.6648
2.47,-9.3263,-6.694,4.2734,-0.27484,-0.015108,-0.25451,0.92707,4.418,-2.581,0.52768,-0.41204,-0.28344,-0.039532,1.2252,5.6645,-0.5155,0,0,0,6.8074,6.86,6.842,6.8667,-0.52772,4.7119,-2.7414,-1.1233,-7.9736,1.8163
2.48,-9.2821,-6.7195,4.2787,-0.27717,-0.014513,-0.24953,0.92774,4.4303,-2.5242,0.52239,-0.40817,-0.27659,-0.039432,1.2199,5.7112,-0.54282,0,0,0,6.8082,6.8613,6.8411,6.8668,-0.53908,4.6319,-2.7224,-1.1481,-8.0266,1.9676
2.49,-9.2377,-6.7444,4.2839,-0.27946,-0.013875,-0.2445,0.9284,4.4424,-2.4668,0.51683,-0.40412,-0.26977,-0.03934,1.2145,5.7571,-0.56995,0,0,0,6.8091,6.8625,6.8402,6.8669,-0.55068,4.5513,-2.702,-1.1718,-8.0779,2.1183
2.5,-9.1932,-6.7688,4.289,-0.28172,-0.013193,-0.23941,0.92905,4.4546,-2.409,0.51099,-0.39991,-0.26301,-0.039255,1.2089,5.8022,-0.59686,0,0,0,6.8099,6.8638,6.8394,6.867,-0.56251,4.4703,-2.6801,-1.1944,-8.1274,2.2685
2.51,-9.1486,-6.7926,4.2941,-0.28394,-0.012468,-0.23427,0.9297,4.4666,-2.3508,0.50489,-0.39553,-0.25629,-0.039176,1.2032,5.8465,-0.62354,0,0,0,6.8107,6.865,6.8385,6.8671,-0.57457,4.3888,-2.6566,-1.216,-8.175,2.418
2.52,-9.1039,-6.8158,4.2991,-0.28613,-0.011701,-0.22908,0.93033,4.4786,-2.2921,0.49852,-0.39099,-0.24964,-0.039105,1.1974,5.89,-0.64998,0,0,0,6.8115,6.8662,6.8377,6.8672,-0.58683,4.3068,-2.6317,-1.2365,-8.2208,2.5667
2.53,-9.059,-6.8385,4.304,-0.28827,-0.010892,-0.22384,0.93095,4.4906,-2.233,0.49189,-0.38628,-0.24304,-0.039041,1.1915,5.9326,-0.67617,0,0,0,6.8124,6.8674,6.8368,6.8674,-0.59929,4.2244,-2.6053,-1.2558,-8.2647,2.7145
2.54,-9.0141,-6.8605,4.3089,-0.29038,-0.010041,-0.21854,0.93157,4.5024,-2.1734,0.485,-0.3814,-0.23652,-0.038983,1.1854,5.9745,-0.70209,0,0,0,6.8132,6.8685,6.8359,6.8675,-0.61194,4.1415,-2.5774,-1.2741,-8.3066,2.8613
2.55,-8.969,-6.8819,4.3137,-0.29245,-0.009149,-0.2132,0.93217,4.5143,-2.1135,0.47785,-0.37635,-0.23008,-0.038932,1.1792,6.0155,-0.72771,0,0,0,6.814,6.8696,6.8351,6.8677,-0.62477,4.0583,-2.5481,-1.2912,-8.3467,3.0069
2.56,-8.9238,-6.9028,4.3185,-0.29448,-0.0082168,-0.20781,0.93275,4.526,-2.0531,0.47045,-0.37114,-0.22372,-0.038887,1.1729,6.0556,-0.75304,0,0,0,6.8148,6.8707,6.8342,6.8679,-0.63776,3.9746,-2.5173,-1.3071,-8.3848,3.1512
2.57,-8.8785,-6.923,4.3232,-0.29647,-0.0072449,-0.20238,0.93333,4.5377,-1.9924,0.46279,-0.36577,-0.21746,-0.038849,1.1665,6.095,-0.77806,0,0,0,6.8157,6.8718,6.8334,6.868,-0.65091,3.8906,-2.4851,-1.3219,-8.4208,3.2942
2.58,-8.833,-6.9426,4.3277,-0.29841,-0.006234,-0.19689,0.93389,4.5494,-1.9312,0.45489,-0.36024,-0.21128,-0.038817,1.1599,6.1334,-0.80274,0,0,0,6.8165,6.8728,6.8325,6.8682,-0.6642,3.8062,-2.4514,-1.3356,-8.4549,3.4357
2.59,-8.7875,-6.9616,4.3322,-0.30032,-0.0051848,-0.19137,0.93443,4.5609,-1.8697,0.44674,-0.35455,-0.20522,-0.038792,1.1532,6.1711,-0.82708,0,0,0,6.8173,6.8738,6.8317,6.8684,-0.67761,3.7215,-2.4164,-1.348,-8.4869,3.5756
2.6,-8.7418,-6.98,4.3367,-0.30218,-0.0040981,-0.18579,0.93496,4.5724,-1.8078,0.43835,-0.34869,-0.19926,-0.038772,1.1463,6.2079,-0.85106,0,0,0,6.818,6.8747,6.8309,6.8686,-0.69115,3.6365,-2.3799,-1.3593,-8.5168,3.7138
2.61,-8.696,-6.9978,4.341,-0.30399,-0.0029748,-0.18018,0.93548,4.5838,-1.7456,0.42972,-0.34269,-0.19342,-0.038758,1.1394,6.2438,-0.87467,0,0,0,6.8188,6.8756,6.8301,6.8688,-0.7048,3.5511,-2.3421,-1.3694,-8.5446,3.8501
2.62,-8.6501,-7.0149,4.3453,-0.30577,-0.0018157,-0.17452,0.93597,4.5952,-1.6829,0.42085,-0.33653,-0.1877,-0.03875,1.1322,6.2789,-0.8979,0,0,0,6.8196,6.8765,6.8292,6.869,-0.71854,3.4656,-2.3029,-1.3782,-8.5703,3.9845
2.63,-8.6041,-7.0314,4.3494,-0.30749,-0.00062173,-0.16883,0.93645,4.6065,-1.62,0.41176,-0.33022,-0.18211,-0.038747,1.125,6.3131,-0.92073,0,0,0,6.8203,6.8773,6.8284,6.8692,-0.73236,3.3797,-2.2624,-1.3859,-8.5938,4.1168
2.64,-8.558,-7.0473,4.3535,-0.30917,0.00060611,-0.16309,0.93692,4.6177,-1.5567,0.40244,-0.32376,-0.17665,-0.03875,1.1176,6.3465,-0.94314,0,0,0,6.821,6.8781,6.8277,6.8694,-0.74625,3.2937,-2.2206,-1.3922,-8.6152,4.247
2.65,-8.5118,-7.0626,4.3575,-0.31081,0.0018668,-0.15732,0.93736,4.6288,-1.4931,0.3929,-0.31716,-0.17133,-0.038757,1.1101,6.379,-0.96513,0,0,0,6.8217,6.8788,6.8269,6.8696,-0.7602,3.2075,-2.1775,-1.3974,-8.6343,4.3749
2.66,-8.4654,-7.0772,4.3614,-0.31239,0.0031594,-0.15152,0.93779,4.6399,-1.4291,0.38314,-0.31042,-0.16616,-0.038769,1.1024,6.4106,-0.98669,0,0,0,6.8224,6.8794,6.8261,6.8699,-0.77419,3.121,-2.1331,-1.4013,-8.6512,4.5003
2.67,-8.419,-7.0911,4.3651,-0.31393,0.0044826,-0.14568,0.93819,4.6509,-1.3648,0.37317,-0.30354,-0.16115,-0.038786,1.0946,6.4414,-1.0078,0,0,0,6.823,6.88,6.8254,6.8701,-0.78822,3.0344,-2.0875,-1.4039,-8.6658,4.6233
2.68,-8.3724,-7.1045,4.3688,-0.31542,0.0058355,-0.1398,0.93858,4.6618,-1.3003,0.36298,-0.29654,-0.15629,-0.038807,1.0866,6.4713,-1.0284,0,0,0,6.8237,6.8806,6.8246,6.8704,-0.80226,2.9477,-2.0406,-1.4052,-8.6782,4.7436
2.69,-8.3257,-7.1171,4.3724,-0.31686,0.0072169,-0.1339,0.93894,4.6726,-1.2354,0.3526,-0.2894,-0.1516,-0.038832,1.0785,6.5004,-1.0486,0,0,0,6.8243,6.8811,6.8239,6.8706,-0.81632,2.8609,-1.9926,-1.4052,-8.6882,4.8612
2.7,-8.279,-7.1292,4.3759,-0.31826,0.0086254,-0.12796,0.93929,4.6834,-1.1703,0.34201,-0.28214,-0.14707,-0.038861,1.0703,6.5285,-1.0683,0,0,0,6.8249,6.8815,6.8232,6.8709,-0.83036,2.774,-1.9434,-1.4039,-8.6958,4.9759
2.71,-8.2321,-7.1405,4.3792,-0.3196,0.01006,-0.122,0.93961,4.694,-1.1049,0.33124,-0.27477,-0.14272,-0.038893,1.0619,6.5558,-1.0875,0,0,0,6.8254,6.8819,6.8226,6.8711,-0.84439,2.687,-1.8931,-1.4013,-8.7011,5.0877
2.72,-8.1851,-7.1513,4.3825,-0.32089,0.011519,-0.11601,0.93991,4.7046,-1.0392,0.32027,-0.26728,-0.13854,-0.038929,1.0534,6.5823,-1.1061,0,0,0,6.8259,6.8822,6.8219,6.8714,-0.85839,2.5999,-1.8417,-1.3973,-8.7039,5.1963
2.73,-8.138,-7.1613,4.3856,-0.32213,0.013002,-0.11,0.94019,4.7151,-0.97321,0.30911,-0.25968,-0.13455,-0.038967,1.0448,6.6078,-1.1243,0,0,0,6.8264,6.8824,6.8213,6.8717,-0.87233,2.5129,-1.7892,-1.392,-8.7044,5.3018
2.74,-8.0908,-7.1707,4.3887,-0.32332,0.014507,-0.10397,0.94045,4.7255,-0.90701,0.29778,-0.25199,-0.13075,-0.039007,1.036,6.6325,-1.1419,0,0,0,6.8268,6.8826,6.8207,6.872,-0.88622,2.4259,-1.7357,-1.3853,-8.7024,5.4039
2.75,-8.0435,-7.1795,4.3916,-0.32445,0.016032,-0.097913,0.94068,4.7358,-0.84056,0.28628,-0.2442,-0.12714,-0.03905,1.027,6.6564,-1.159,0,0,0,6.8273,6.8827,6.8201,6.8723,-0.90004,2.3389,-1.6811,-1.3773,-8.6978,5.5026
2.76,-7.9961,-7.1875,4.3944,-0.32554,0.017577,-0.09184,0.94089,4.746,-0.77389,0.2746,-0.23631,-0.12373,-0.039095,1.018,6.6793,-1.1755,0,0,0,6.8276,6.8828,6.8196,6.8726,-0.91376,2.2519,-1.6256,-1.3679,-8.6908,5.5978
2.77,-7.9486,-7.1949,4.3971,-0.32657,0.01914,-0.085749,0.94108,4.7562,-0.70698,0.26277,-0.22835,-0.12051,-0.039141,1.0088,6.7014,-1.1915,0,0,0,6.828,6.8828,6.8191,6.8729,-0.92739,2.1651,-1.5692,-1.3572,-8.6816,5.6893
2.78,-7.9009,-7.2017,4.3997,-0.32755,0.020719,-0.079644,0.94124,4.7662,-0.63986,0.25078,-0.22031,-0.11749,-0.039189,0.99942,6.7226,-1.2069,0,0,0,6.8283,6.8827,6.8186,6.8733,-0.9409,2.0783,-1.5118,-1.3453,-8.6703,5.7771
2.79,-7.8532,-7.2077,4.4021,-0.32848,0.022313,-0.073525,0.94138,4.7762,-0.57253,0.23863,-0.2122,-0.11468,-0.039237,0.98994,6.743,-1.2217,0,0,0,6.8286,6.8826,6.8182,6.8736,-0.95429,1.9917,-1.4536,-1.3323,-8.6574,5.8612
2.8,-7.8054,-7.2131,4.4044,-0.32935,0.023921,-0.067396,0.94149,4.786,-0.505,0.22634,-0.20403,-0.11208,-0.039285,0.98033,6.7625,-1.236,0,0,0,6.8288,6.8824,6.8178,6.8739,-0.96754,1.9051,-1.3946,-1.3183,-8.6431,5.9414
2.81,-7.7575,-7.2178,4.4066,-0.33018,0.025541,-0.061257,0.94158,4.7958,-0.43729,0.21391,-0.1958,-0.10969,-0.039334,0.97059,6.7811,-1.2496,0,0,0,6.829,6.8822,6.8174,6.8743,-0.98065,1.8188,-1.3348,-1.3035,-8.6279,6.0177
2.82,-7.7095,-7.2219,4.4087,-0.33094,0.027171,-0.05511,0.94165,4.8054,-0.36939,0.20135,-0.18751,-0.1075,-0.039383,0.96072,6.7988,-1.2627,0,0,0,6.8292,6.8819,6.817,6.8746,-0.99361,1.7326,-1.2743,-1.2879,-8.612,6.09
2.83,-7.6614,-7.2252,4.4107,-0.33166,0.028811,-0.048958,0.94169,4.815,-0.30131,0.18866,-0.17918,-0.10554,-0.039431,0.95072,6.8157,-1.2751,0,0,0,6.8294,6.8815,6.8167,6.875,-1.0064,1.6466,-1.213,-1.2716,-8.5957,6.1582
2.84,-7.6132,-7.2279,4.4125,-0.33232,0.030458,-0.042803,0.9417,4.8244,-0.23307,0.17585,-0.17081,-0.10378,-0.039479,0.94059,6.8318,-1.2869,0,0,0,6.8295,6.8812,6.8163,6.8754,-1.019,1.5607,-1.1511,-1.2549,-8.5793,6.2223
2.85,-7.5649,-7.2299,4.4142,-0.33292,0.032111,-0.036646,0.94169,4.8338,-0.16468,0.16293,-0.1624,-0.10224,-0.039526,0.93034,6.8469,-1.2981,0,0,0,6.8296,6.8808,6.816,6.8757,-1.0315,1.475,-1.0886,-1.2377,-8.5632,6.2821
2.86,-7.5165,-7.2312,4.4157,-0.33348,0.033769,-0.03049,0.94166,4.843,-0.096138,0.14989,-0.15396,-0.10092,-0.039572,0.91996,6.8613,-1.3087,0,0,0,6.8297,6.8803,6.8157,6.8761,-1.0438,1.3894,-1.0255,-1.2202,-8.5477,6.3377
2.87,-7.4681,-7.2318,4.4172,-0.33398,0.035429,-0.024336,0.9416,4.8522,-0.027457,0.13675,-0.1455,-0.09982,-0.039617,0.90947,6.8747,-1.3186,0,0,0,6.8297,6.8798,6.8155,6.8764,-1.0559,1.304,-0.96187,-1.2023,-8.5328,6.389
2.88,-7.4195,-7.2317,4.4185,-0.33442,0.037091,-0.018186,0.94152,4.8612,0.041354,0.12352,-0.13702,-0.098936,-0.03966,0.89885,6.8873,-1.3279,0,0,0,6.8298,6.8793,6.8152,6.8768,-1.0678,1.2188,-0.89774,-1.1842,-8.5185,6.4361
2.89,-7.3708,-7.231,4.4196,-0.33482,0.038754,-0.012043,0.94141,4.8702,0.11029,0.1102,-0.12853,-0.098272,-0.039702,0.88811,6.8991,-1.3366,0,0,0,6.8298,6.8787,6.815,6.8771,-1.0796,1.1336,-0.83316,-1.1658,-8.5047,6.479
2.9,-7.3221,-7.2295,4.4207,-0.33516,0.040414,-0.005907,0.94128,4.879,0.17933,0.09679,-0.12002,-0.097826,-0.039742,0.87726,6.91,-1.3446,0,0,0,6.8298,6.8781,6.8147,6.8775,-1.0912,1.0487,-0.76817,-1.147,-8.4913,6.5177
2.91,-7.2733,-7.2274,4.4216,-0.33544,0.042071,0.00021871,0.94112,4.8877,0.24848,0.083307,-0.11152,-0.097599,-0.039781,0.86629,6.9201,-1.352,0,0,0,6.8298,6.8775,6.8145,6.8778,-1.1025,0.96381,-0.70282,-1.1279,-8.4785,6.5523
2.92,-7.2243,-7.2246,4.4223,-0.33567,0.043724,0.0063327,0.94094,4.8963,0.31773,0.069753,-0.10301,-0.09759,-0.039817,0.85521,6.9293,-1.3587,0,0,0,6.8297,6.8768,6.8144,6.8782,-1.1137,0.87909,-0.63714,-1.1085,-8.466,6.5829
2.93,-7.1753,-7.221,4.423,-0.33585,0.045371,0.012433,0.94074,4.9048,0.38707,0.056136,-0.09452,-0.097799,-0.039851,0.84401,6.9377,-1.3647,0,0,0,6.8297,6.8762,6.8142,6.8785,-1.1247,0.79449,-0.57118,-1.0888,-8.4539,6.6094
2.94,-7.1262,-7.2168,4.4235,-0.33598,0.04701,0.018519,0.94051,4.9132,0.45648,0.042461,-0.086038,-0.098223,-0.039882,0.83271,6.9452,-1.3701,0,0,0,6.8296,6.8754,6.814,6.8789,-1.1355,0.71001,-0.50497,-1.0687,-8.4421,6.6318
2.95,-7.0771,-7.2119,4.4238,-0.33606,0.04864,0.024587,0.94026,4.9215,0.52597,0.028736,-0.077575,-0.098863,-0.039911,0.8213,6.9519,-1.3748,0,0,0,6.8295,6.8747,6.8139,6.8792,-1.1461,0.62565,-0.43855,-1.0483,-8.4306,6.6503
2.96,-7.0278,-7.2063,4.424,-0.33608,0.05026,0.030636,0.93999,4.9296,0.59552,0.014967,-0.069135,-0.099715,-0.039937,0.80979,6.9577,-1.3789,0,0,0,6.8294,6.8739,6.8138,6.8795,-1.1565,0.5414,-0.37197,-1.0275,-8.4194,6.6649
2.97,-6.9785,-7.2,4.4241,-0.33605,0.051868,0.036665,0.9397,4.9377,0.66512,0.0011614,-0.060725,-0.10078,-0.039961,0.79818,6.9627,-1.3822,0,0,0,6.8292,6.8731,6.8137,6.8799,-1.1666,0.45726,-0.30527,-1.0064,-8.4084,6.6755
2.98,-6.9291,-7.193,4.4241,-0.33597,0.053462,0.042673,0.93939,4.9456,0.73477,-0.012675,-0.052349,-0.10205,-0.039981,0.78646,6.9668,-1.385,0,0,0,6.8291,6.8723,6.8136,6.8802,-1.1766,0.37323,-0.23848,-0.98488,-8.3975,6.6823
2.99,-6.8796,-7.1853,4.4239,-0.33584,0.055042,0.048656,0.93905,4.9534,0.80445,-0.026536,-0.044013,-0.10353,-0.039998,0.77464,6.9702,-1.387,0,0,0,6.8289,6.8714,6.8136,6.8805,-1.1863,0.28931,-0.17163,-0.96302,-8.3868,6.6853
3,-6.83,-7.1769,4.4235,-0.33565,0.056606,0.054614,0.9387,4.9611,0.87417,-0.040413,-0.03572,-0.10521,-0.040012,0.76273,6.9726,-1.3884,0,0,0,6.8287,6.8705,6.8136,6.8808,-1.1958,0.20549,-0.10478,-0.94078,-8.3762,6.6845
3.01,-6.7803,-7.1678,4.4231,-0.33542,0.058153,0.060546,0.93832,4.9686,0.9439,-0.054301,-0.027476,-0.10709,-0.040022,0.75073,6.9743,-1.3891,0,0,0,6.8285,6.8696,6.8135,6.8811,-1.2051,0.12178,-0.037957,-0.91816,-8.3656,6.6799
3.02,-6.7306,-7.158,4.4224,-0.33514,0.059681,0.06645,0.93793,4.9761,1.0137,-0.068193,-0.019286,-0.10917,-0.040029,0.73863,6.9751,-1.3892,0,0,0,6.8282,6.8687,6.8135,6.8814,-1.2142,0.038181,0.028803,-0.89515,-8.355,6.6716
3.03,-6.6808,-7.1475,4.4217,-0.3348,0.06119,0.072324,0.93751,4.9834,1.0834,-0.082082,-0.011153,-0.11144,-0.040032,0.72645,6.975,-1.3885,0,0,0,6.828,6.8677,6.8136,6.8817,-1.223,-0.045316,0.095463,-0.87176,-8.3444,6.6597
3.04,-6.6309,-7.1364,4.4208,-0.33442,0.062677,0.078167,0.93708,4.9906,1.1531,-0.095962,-0.0030833,-0.1139,-0.040031,0.71417,6.9742,-1.3872,0,0,0,6.8277,6.8667,6.8136,6.882,-1.2316,-0.12871,0.16198,-0.84797,-8.3337,6.6441
3.05,-6.581,-7.1245,4.4198,-0.33399,0.064142,0.083978,0.93663,4.9977,1.2229,-0.10982,0.0049203,-0.11654,-0.040026,0.70181,6.9725,-1.3853,0,0,0,6.8274,6.8657,6.8137,6.8823,-1.24,-0.21199,0.22833,-0.82378,-8.3229,6.6248
3.06,-6.531,-7.1119,4.4186,-0.33351,0.065584,0.089756,0.93617,5.0047,1.2926,-0.12367,0.012853,-0.11937,-0.040017,0.68937,6.9699,-1.3827,0,0,0,6.8271,6.8647,6.8138,6.8826,-1.2481,-0.29516,0.29447,-0.79918,-8.312,6.602
3.07,-6.4809,-7.0986,4.4173,-0.33298,0.067001,0.095499,0.93569,5.0115,1.3623,-0.13748,0.020712,-0.12238,-0.040003,0.67685,6.9665,-1.3794,0,0,0,6.8267,6.8637,6.8139,6.8828,-1.256,-0.37823,0.36036,-0.77416,-8.3008,6.5757
3.08,-6.4308,-7.0847,4.4159,-0.33241,0.068393,0.10121,0.93519,5.0182,1.4319,-0.15125,0.028492,-0.12555,-0.039985,0.66425,6.9624,-1.3755,0,0,0,6.8264,6.8626,6.814,6.8831,-1.2636,-0.46118,0.42597,-0.74873,-8.2895,6.5459
3.09,-6.3805,-7.07,4.4143,-0.33179,0.069759,0.10688,0.93468,5.0248,1.5015,-0.16498,0.036191,-0.1289,-0.039963,0.65158,6.9573,-1.3709,0,0,0,6.826,6.8615,6.8141,6.8834,-1.2709,-0.54402,0.49127,-0.72287,-8.2779,6.5126
3.1,-6.3303,-7.0546,4.4126,-0.33112,0.071096,0.11251,0.93416,5.0312,1.5711,-0.17867,0.043804,-0.13241,-0.039936,0.63884,6.9515,-1.3657,0,0,0,6.8256,6.8605,6.8143,6.8836,-1.278,-0.62674,0.55621,-0.69659,-8.2659,6.4759
3.11,-6.2799,-7.0386,4.4107,-0.3304,0.072406,0.1181,0.93362,5.0376,1.6405,-0.19229,0.051329,-0.13607,-0.039904,0.62602,6.9448,-1.3598,0,0,0,6.8252,6.8593,6.8145,6.8838,-1.2849,-0.70933,0.62078,-0.66986,-8.2536,6.4359
3.12,-6.2295,-7.0218,4.4087,-0.32965,0.073685,0.12366,0.93307,5.0437,1.71,-0.20586,0.058763,-0.13989,-0.039867,0.61314,6.9373,-1.3532,0,0,0,6.8247,6.8582,6.8147,6.8841,-1.2914,-0.79181,0.68492,-0.6427,-8.241,6.3924
3.13,-6.179,-7.0044,4.4066,-0.32884,0.074935,0.12917,0.9325,5.0498,1.7793,-0.21936,0.066103,-0.14386,-0.039825,0.60019,6.929,-1.3461,0,0,0,6.8243,6.8571,6.8149,6.8843,-1.2977,-0.87415,0.74861,-0.61509,-8.2279,6.3457
3.14,-6.1285,-6.9862,4.4043,-0.328,0.076153,0.13464,0.93193,5.0558,1.8485,-0.23278,0.073345,-0.14797,-0.039778,0.58719,6.9198,-1.3383,0,0,0,6.8238,6.8559,6.8151,6.8845,-1.3037,-0.95636,0.81182,-0.58702,-8.2143,6.2957
3.15,-6.0779,-6.9674,4.4019,-0.3271,0.07734,0.14007,0.93134,5.0616,1.9177,-0.24612,0.080489,-0.15221,-0.039725,0.57412,6.9098,-1.3298,0,0,0,6.8233,6.8548,6.8154,6.8848,-1.3095,-1.0384,0.87452,-0.5585,-8.2002,6.2424
3.16,-6.0273,-6.9479,4.3994,-0.32617,0.078493,0.14546,0.93075,5.0672,1.9867,-0.25937,0.087531,-0.15659,-0.039667,0.561,6.899,-1.3208,0,0,0,6.8228,6.8536,6.8157,6.885,-1.3149,-1.1204,0.93666,-0.52952,-8.1856,6.186
3.17,-5.9766,-6.9277,4.3967,-0.32519,0.079614,0.1508,0.93015,5.0728,2.0557,-0.27253,0.094469,-0.16109,-0.039604,0.54782,6.8874,-1.3111,0,0,0,6.8223,6.8524,6.816,6.8852,-1.3201,-1.2021,0.99822,-0.50007,-8.1704,6.1263
3.18,-5.9258,-6.9068,4.394,-0.32418,0.0807,0.15609,0.92953,5.0782,2.1245,-0.28559,0.1013,-0.16571,-0.039535,0.5346,6.875,-1.3008,0,0,0,6.8218,6.8512,6.8163,6.8854,-1.3249,-1.2838,1.0592,-0.47019,-8.1546,6.0636
3.19,-5.875,-6.8852,4.391,-0.32312,0.081752,0.16135,0.92891,5.0835,2.1932,-0.29855,0.10803,-0.17045,-0.039461,0.52133,6.8617,-1.2899,0,0,0,6.8212,6.85,6.8167,6.8856,-1.3295,-1.3652,1.1195,-0.43988,-8.1383,5.9979
3.2,-5.8242,-6.8629,4.388,-0.32202,0.082768,0.16655,0.92828,5.0886,2.2617,-0.31139,0.11464,-0.1753,-0.03938,0.50801,6.8477,-1.2784,0,0,0,6.8206,6.8488,6.817,6.8858,-1.3337,-1.4465,1.1791,-0.40919,-8.1215,5.9292
3.21,-5.7733,-6.8399,4.3848,-0.32088,0.083749,0.17171,0.92765,5.0936,2.3301,-0.32411,0.12115,-0.18024,-0.039294,0.49465,6.8328,-1.2663,0,0,0,6.8201,6.8476,6.8174,6.8859,-1.3376,-1.5277,1.2381,-0.37813,-8.1043,5.8577
3.22,-5.7223,-6.8163,4.3815,-0.3197,0.084693,0.17683,0.92701,5.0985,2.3984,-0.33672,0.12754,-0.18529,-0.039202,0.48126,6.8171,-1.2537,0,0,0,6.8195,6.8465,6.8178,6.8861,-1.3413,-1.6086,1.2963,-0.34672,-8.0865,5.7833
3.23,-5.6713,-6.792,4.3781,-0.31848,0.0856,0.18189,0.92637,5.1033,2.4665,-0.34919,0.13383,-0.19042,-0.039104,0.46783,6.8006,-1.2404,0,0,0,6.8189,6.8453,6.8182,6.8863,-1.3446,-1.6894,1.3537,-0.31498,-8.0684,5.7061
3.24,-5.6202,-6.767,4.3745,-0.31723,0.086471,0.18691,0.92572,5.1079,2.5344,-0.36152,0.14,-0.19564,-0.039,0.45437,6.7833,-1.2266,0,0,0,6.8183,6.8441,6.8186,6.8865,-1.3476,-1.77,1.4104,-0.28295,-8.0498,5.6263
3.25,-5.5691,-6.7413,4.3708,-0.31594,0.087303,0.19188,0.92506,5.1123,2.6021,-0.37372,0.14606,-0.20095,-0.03889,0.44088,6.7652,-1.2122,0,0,0,6.8177,6.8429,6.8191,6.8866,-1.3502,-1.8504,1.4662,-0.25064,-8.0308,5.5438
3.26,-5.518,-6.7149,4.367,-0.31461,0.088098,0.19681,0.92441,5.1167,2.6697,-0.38576,0.152,-0.20632,-0.038775,0.42736,6.7463,-1.1973,0,0,0,6.8171,6.8417,6.8195,6.8868,-1.3526,-1.9306,1.5212,-0.21807,-8.0114,5.4588
3.27,-5.4668,-6.6879,4.3631,-0.31324,0.088854,0.20168,0.92375,5.1209,2.737,-0.39766,0.15783,-0.21177,-0.038653,0.41383,6.7266,-1.1818,0,0,0,6.8165,6.8406,6.82,6.8869,-1.3546,-2.0106,1.5754,-0.18527,-7.9917,5.3713
3.28,-5.4156,-6.6602,4.3591,-0.31184,0.089572,0.20651,0.92309,5.125,2.8042,-0.4094,0.16355,-0.21728,-0.038525,0.40027,6.7061,-1.1658,0,0,0,6.8159,6.8394,6.8205,6.8871,-1.3563,-2.0904,1.6287,-0.15227,-7.9717,5.2813
3.29,-5.3643,-6.6318,4.3549,-0.3104,0.090251,0.21129,0.92242,5.1289,2.8712,-0.42097,0.16916,-0.22284,-0.038391,0.3867,6.6848,-1.1492,0,0,0,6.8153,6.8383,6.821,6.8872,-1.3576,-2.17,1.681,-0.11908,-7.9513,5.1891
3.3,-5.313,-6.6028,4.3507,-0.30893,0.090891,0.21601,0.92176,5.1327,2.9379,-0.43238,0.17465,-0.22847,-0.038251,0.37312,6.6627,-1.1322,0,0,0,6.8147,6.8371,6.8215,6.8874,-1.3587,-2.2495,1.7324,-0.085735,-7.9307,5.0945
3.31,-5.2616,-6.5731,4.3463,-0.30743,0.091492,0.22069,0.92109,5.1364,3.0044,-0.44361,0.18003,-0.23414,-0.038106,0.35953,6.6398,-1.1146,0,0,0,6.8141,6.836,6.822,6.8875,-1.3594,-2.3287,1.7829,-0.052248,-7.9098,4.9977
3.32,-5.2103,-6.5427,4.3418,-0.30589,0.092054,0.22532,0.92043,5.1399,3.0707,-0.45467,0.1853,-0.23985,-0.037954,0.34594,6.6162,-1.0965,0,0,0,6.8135,6.835,6.8226,6.8876,-1.3597,-2.4077,1.8324,-0.018647,-7.8886,4.8987
3.33,-5.1588,-6.5116,4.3372,-0.30431,0.092576,0.2299,0.91976,5.1433,3.1367,-0.46554,0.19046,-0.2456,-0.037797,0.33234,6.5917,-1.0779,0,0,0,6.8129,6.8339,6.8231,6.8877,-1.3597,-2.4864,1.8809,0.015046,-7.8673,4.7977
3.34,-5.1074,-6.48,4.3325,-0.30271,0.093059,0.23444,0.9191,5.1465,3.2025,-0.47623,0.19551,-0.25139,-0.037634,0.31874,6.5664,-1.0589,0,0,0,6.8123,6.8329,6.8236,6.8879,-1.3594,-2.565,1.9283,0.048808,-7.8457,4.6946
3.35,-5.0559,-6.4476,4.3277,-0.30107,0.093502,0.23892,0.91844,5.1497,3.2681,-0.48672,0.20045,-0.2572,-0.037466,0.30515,6.5404,-1.0394,0,0,0,6.8118,6.8319,6.8242,6.888,-1.3587,-2.6433,1.9748,0.082615,-7.824,4.5896
3.36,-5.0044,-6.4146,4.3228,-0.29941,0.093905,0.24335,0.91778,5.1526,3.3333,-0.49701,0.20529,-0.26304,-0.037291,0.29157,6.5136,-1.0194,0,0,0,6.8112,6.8309,6.8248,6.8881,-1.3578,-2.7215,2.0201,0.11644,-7.8021,4.4827
3.37,-4.9529,-6.3809,4.3177,-0.29771,0.094269,0.24773,0.91712,5.1555,3.3983,-0.50711,0.21002,-0.2689,-0.037112,0.278,6.486,-0.99897,0,0,0,6.8107,6.8299,6.8253,6.8882,-1.3564,-2.7994,2.0644,0.15027,-7.7801,4.374
3.38,-4.9013,-6.3466,4.3126,-0.29598,0.094593,0.25207,0.91647,5.1582,3.463,-0.51699,0.21464,-0.27478,-0.036927,0.26444,6.4576,-0.97811,0,0,0,6.8102,6.829,6.8259,6.8883,-1.3547,-2.8771,2.1076,0.18408,-7.7579,4.2635
3.39,-4.8497,-6.3117,4.3074,-0.29422,0.094878,0.25635,0.91581,5.1608,3.5275,-0.52667,0.21917,-0.28067,-0.036737,0.2509,6.4284,-0.95682,0,0,0,6.8097,6.8281,6.8265,6.8884,-1.3527,-2.9545,2.1497,0.21783,-7.7357,4.1514
3.4,-4.7981,-6.2761,4.3021,-0.29244,0.095124,0.26059,0.91516,5.1632,3.5916,-0.53613,0.22359,-0.28656,-0.036541,0.23739,6.3985,-0.93512,0,0,0,6.8092,6.8272,6.8271,6.8884,-1.3504,-3.0318,2.1906,0.25152,-7.7135,4.0376
3.41,-4.7464,-6.2398,4.2967,-0.29062,0.09533,0.26477,0.91452,5.1655,3.6554,-0.54537,0.22791,-0.29246,-0.036341,0.2239,6.3678,-0.91301,0,0,0,6.8087,6.8264,6.8276,6.8885,-1.3477,-3.1088,2.2304,0.28511,-7.6912,3.9223
3.42,-4.6948,-6.203,4.2912,-0.28878,0.095497,0.26891,0.91388,5.1677,3.719,-0.55439,0.23213,-0.29837,-0.036136,0.21043,6.3363,-0.89051,0,0,0,6.8083,6.8256,6.8282,6.8886,-1.3447,-3.1856,2.2691,0.31858,-7.6688,3.8055
3.43,-4.6431,-6.1655,4.2856,-0.2869,0.095625,0.273,0.91324,5.1697,3.7822,-0.56318,0.23626,-0.30426,-0.035926,0.197,6.3041,-0.86763,0,0,0,6.8079,6.8248,6.8288,6.8887,-1.3413,-3.2622,2.3065,0.35192,-7.6465,3.6872
3.44,-4.5914,-6.1273,4.2799,-0.285,0.095714,0.27704,0.91261,5.1716,3.845,-0.57174,0.24029,-0.31016,-0.035712,0.18361,6.2711,-0.84439,0,0,0,6.8075,6.8241,6.8294,6.8887,-1.3377,-3.3385,2.3428,0.38509,-7.6242,3.5676
3.45,-4.5397,-6.0886,4.2742,-0.28308,0.095765,0.28103,0.91198,5.1734,3.9076,-0.58006,0.24424,-0.31604,-0.035494,0.17025,6.2373,-0.82078,0,0,0,6.8071,6.8234,6.83,6.8888,-1.3336,-3.4147,2.3779,0.41808,-7.6019,3.4468
3.46,-4.4879,-6.0492,4.2683,-0.28112,0.095777,0.28498,0.91136,5.175,3.9698,-0.58815,0.24809,-0.32191,-0.035271,0.15694,6.2028,-0.79683,0,0,0,6.8068,6.8228,6.8306,6.8889,-1.3293,-3.4906,2.4117,0.45085,-7.5797,3.3247
3.47,-4.4362,-6.0092,4.2624,-0.27915,0.09575,0.28887,0.91075,5.1765,4.0316,-0.596,0.25185,-0.32777,-0.035044,0.14367,6.1675,-0.77255,0,0,0,6.8065,6.8222,6.8312,6.8889,-1.3246,-3.5663,2.4444,0.4834,-7.5576,3.2014
3.48,-4.3844,-5.9685,4.2564,-0.27714,0.095686,0.29272,0.91014,5.1779,4.0931,-0.6036,0.25553,-0.33361,-0.034814,0.13045,6.1314,-0.74795,0,0,0,6.8062,6.8216,6.8317,6.889,-1.3196,-3.6417,2.4758,0.5157,-7.5356,3.0771
3.49,-4.3326,-5.9273,4.2503,-0.27511,0.095584,0.29652,0.90953,5.1791,4.1543,-0.61096,0.25912,-0.33943,-0.03458,0.11728,6.0947,-0.72304,0,0,0,6.806,6.8211,6.8323,6.889,-1.3143,-3.717,2.5059,0.54776,-7.5135,2.9517
3.5,-4.2808,-5.8855,4.2442,-0.27306,0.095445,0.30028,0.90894,5.1803,4.215,-0.61806,0.26264,-0.34523,-0.034343,0.10416,6.0571,-0.69784,0,0,0,6.8057,6.8206,6.8329,6.8891,-1.3087,-3.792,2.5348,0.57959,-7.4913,2.8253
3.51,-4.229,-5.843,4.238,-0.27098,0.095268,0.30398,0.90834,5.1812,4.2754,-0.62491,0.26607,-0.351,-0.034102,0.091103,6.0188,-0.67235,0,0,0,6.8056,6.8202,6.8335,6.8891,-1.3027,-3.8668,2.5624,0.61118,-7.4689,2.698
3.52,-4.1772,-5.8,4.2317,-0.26887,0.095055,0.30764,0.90776,5.1821,4.3354,-0.63151,0.26943,-0.35674,-0.033859,0.078107,5.9798,-0.64659,0,0,0,6.8054,6.8198,6.8341,6.8891,-1.2964,-3.9414,2.5887,0.64253,-7.4462,2.5698
3.53,-4.1253,-5.7563,4.2253,-0.26675,0.094805,0.31126,0.90718,5.1828,4.395,-0.63784,0.27271,-0.36246,-0.033612,0.065175,5.94,-0.62058,0,0,0,6.8053,6.8194,6.8346,6.8892,-1.2899,-4.0157,2.6138,0.67365,-7.4231,2.4407
3.54,-4.0735,-5.7121,4.2189,-0.26459,0.094519,0.31482,0.90661,5.1834,4.4542,-0.64392,0.27591,-0.36814,-0.033363,0.052311,5.8995,-0.59432,0,0,0,6.8052,6.8191,6.8352,6.8892,-1.283,-4.0898,2.6376,0.70453,-7.3995,2.3108
3.55,-4.0217,-5.6672,4.2125,-0.26242,0.094197,0.31835,0.90605,5.1838,4.513,-0.64973,0.27905,-0.37379,-0.033112,0.039517,5.8582,-0.56783,0,0,0,6.8051,6.8189,6.8358,6.8892,-1.2758,-4.1637,2.66,0.73518,-7.3755,2.1802
3.56,-3.9698,-5.6218,4.2059,-0.26022,0.093839,0.32182,0.90549,5.1842,4.5714,-0.65527,0.28211,-0.3794,-0.032858,0.026796,5.8162,-0.54113,0,0,0,6.8051,6.8186,6.8363,6.8893,-1.2683,-4.2373,2.6812,0.7656,-7.3508,2.0489
3.57,-3.918,-5.5758,4.1994,-0.258,0.093446,0.32525,0.90494,5.1844,4.6293,-0.66055,0.28511,-0.38498,-0.032603,0.014152,5.7734,-0.51421,0,0,0,6.8051,6.8184,6.8369,6.8893,-1.2605,-4.3107,2.701,0.79579,-7.3254,1.9169
3.58,-3.8662,-5.5292,4.1927,-0.25576,0.093018,0.32864,0.9044,5.1845,4.6868,-0.66556,0.28804,-0.39051,-0.032345,0.001588,5.73,-0.48711,0,0,0,6.8052,6.8183,6.8375,6.8893,-1.2524,-4.3839,2.7195,0.82575,-7.2992,1.7843
3.59,-3.8143,-5.4821,4.186,-0.2535,0.092556,0.33198,0.90386,5.1844,4.7439,-0.67029,0.29091,-0.396,-0.032086,-0.010894,5.6858,-0.45983,0,0,0,6.8052,6.8182,6.8381,6.8893,-1.244,-4.4567,2.7367,0.85548,-7.2721,1.6511
3.6,-3.7625,-5.4343,4.1793,-0.25121,0.09206,0.33527,0.90333,5.1842,4.8005,-0.67475,0.29371,-0.40145,-0.031825,-0.02329,5.6408,-0.43238,0,0,0,6.8053,6.8181,6.8386,6.8893,-1.2352,-4.5293,2.7525,0.88498,-7.2441,1.5175
3.61,-3.7106,-5.3861,4.1725,-0.24891,0.09153,0.33852,0.90281,5.1839,4.8567,-0.67894,0.29646,-0.40685,-0.031563,-0.035598,5.5952,-0.40478,0,0,0,6.8054,6.8181,6.8392,6.8893,-1.2263,-4.6016,2.767,0.91426,-7.2151,1.3834
3.62,-3.6588,-5.3372,4.1657,-0.24658,0.090966,0.34173,0.9023,5.1835,4.9124,-0.68285,0.29914,-0.4122,-0.0313,-0.047814,5.5488,-0.37705,0,0,0,6.8056,6.8181,6.8398,6.8893,-1.217,-4.6736,2.7802,0.94331,-7.1849,1.2489
3.63,-3.607,-5.2878,4.1589,-0.24423,0.09037,0.34489,0.90179,5.183,4.9677,-0.68648,0.30177,-0.41751,-0.031036,-0.059936,5.5017,-0.34918,0,0,0,6.8058,6.8181,6.8403,6.8893,-1.2074,-4.7453,2.792,0.97214,-7.1535,1.114
3.64,-3.5551,-5.2379,4.152,-0.24187,0.089741,0.34801,0.9013,5.1823,5.0225,-0.68983,0.30434,-0.42276,-0.030772,-0.071961,5.4539,-0.32121,0,0,0,6.806,6.8182,6.8409,6.8893,-1.1975,-4.8167,2.8025,1.0007,-7.1208,0.97883
3.65,-3.5033,-5.1874,4.1451,-0.23948,0.08908,0.35109,0.90081,5.1815,5.0768,-0.6929,0.30685,-0.42796,-0.030506,-0.083886,5.4054,-0.29314,0,0,0,6.8063,6.8183,6.8415,6.8893,-1.1874,-4.8877,2.8116,1.0291,-7.0868,0.84339
3.66,-3.4515,-5.1363,4.1382,-0.23707,0.088388,0.35412,0.90032,5.1807,5.1306,-0.69569,0.30931,-0.43311,-0.030241,-0.095707,5.3562,-0.26498,0,0,0,6.8065,6.8185,6.8421,6.8893,-1.1769,-4.9584,2.8193,1.0573,-7.0513,0.70774
3.67,-3.3997,-5.0847,4.1312,-0.23464,0.087664,0.35711,0.89985,5.1796,5.1839,-0.6982,0.31172,-0.4382,-0.029975,-0.10742,5.3062,-0.23676,0,0,0,6.8068,6.8187,6.8426,6.8893,-1.1662,-5.0287,2.8257,1.0852,-7.0142,0.57193
3.68,-3.3479,-5.0326,4.1242,-0.23219,0.08691,0.36006,0.89938,5.1785,5.2367,-0.70043,0.31409,-0.44324,-0.029708,-0.11903,5.2556,-0.20847,0,0,0,6.8072,6.8189,6.8432,6.8893,-1.1552,-5.0987,2.8308,1.113,-6.9755,0.43601
3.69,-3.2961,-4.98,4.1172,-0.22973,0.086125,0.36297,0.89892,5.1773,5.289,-0.70237,0.3164,-0.44821,-0.029442,-0.13053,5.2042,-0.18015,0,0,0,6.8075,6.8192,6.8438,6.8893,-1.144,-5.1682,2.8344,1.1405,-6.9351,0.30002
3.7,-3.2444,-4.9269,4.1101,-0.22724,0.085311,0.36583,0.89847,5.1759,5.3408,-0.70403,0.31866,-0.45313,-0.029176,-0.14191,5.1522,-0.15179,0,0,0,6.8079,6.8195,6.8444,6.8893,-1.1324,-5.2374,2.8368,1.1678,-6.893,0.16402
3.71,-3.1926,-4.8732,4.1031,-0.22474,0.084467,0.36865,0.89803,5.1744,5.392,-0.70541,0.32088,-0.45798,-0.028911,-0.15317,5.0995,-0.12342,0,0,0,6.8083,6.8198,6.845,6.8893,-1.1206,-5.3061,2.8377,1.1949,-6.8489,0.028058
3.72,-3.1409,-4.819,4.096,-0.22222,0.083594,0.37144,0.89759,5.1728,5.4428,-0.7065,0.32305,-0.46277,-0.028646,-0.16432,5.0461,-0.095039,0,0,0,6.8088,6.8202,6.8456,6.8893,-1.1085,-5.3743,2.8373,1.2217,-6.8029,-0.10782
3.73,-3.0892,-4.7643,4.089,-0.21968,0.082692,0.37418,0.89716,5.1711,5.493,-0.70731,0.32518,-0.46749,-0.028381,-0.17534,4.992,-0.066673,0,0,0,6.8092,6.8206,6.8462,6.8893,-1.0962,-5.4421,2.8356,1.2484,-6.7548,-0.24357
3.74,-3.0374,-4.7092,4.0819,-0.21712,0.081763,0.37687,0.89674,5.1693,5.5426,-0.70783,0.32726,-0.47215,-0.028117,-0.18624,4.9373,-0.038332,0,0,0,6.8097,6.821,6.8468,6.8893,-1.0836,-5.5094,2.8325,1.2748,-6.7047,-0.37913
3.75,-2.9858,-4.6535,4.0748,-0.21454,0.080806,0.37953,0.89632,5.1674,5.5917,-0.70808,0.32931,-0.47674,-0.027855,-0.19702,4.8818,-0.010029,0,0,0,6.8102,6.8214,6.8474,6.8893,-1.0707,-5.5762,2.828,1.301,-6.6523,-0.51446
3.76,-2.9341,-4.5973,4.0677,-0.21195,0.079822,0.38215,0.89592,5.1654,5.6402,-0.70803,0.33131,-0.48126,-0.027593,-0.20766,4.8257,0.018223,0,0,0,6.8108,6.8219,6.848,6.8892,-1.0575,-5.6425,2.8222,1.3271,-6.5976,-0.64951
3.77,-2.8825,-4.5407,4.0607,-0.20934,0.078811,0.38473,0.89552,5.1633,5.6882,-0.70771,0.33327,-0.4857,-0.027332,-0.21817,4.769,0.04641,0,0,0,6.8113,6.8224,6.8486,6.8892,-1.0441,-5.7082,2.815,1.3529,-6.5405,-0.78423
3.78,-2.8308,-4.4836,4.0536,-0.20671,0.077774,0.38727,0.89512,5.161,5.7356,-0.70711,0.33519,-0.49008,-0.027072,-0.22854,4.7116,0.074519,0,0,0,6.8119,6.823,6.8492,6.8892,-1.0305,-5.7733,2.8065,1.3785,-6.481,-0.91857
3.79,-2.7792,-4.426,4.0465,-0.20407,0.076712,0.38977,0.89474,5.1587,5.7824,-0.70622,0.33708,-0.49438,-0.026814,-0.23877,4.6535,0.10254,0,0,0,6.8125,6.8236,6.8499,6.8892,-1.0166,-5.8378,2.7966,1.4039,-6.4192,-1.0525
3.8,-2.7277,-4.3679,4.0395,-0.20141,0.075624,0.39223,0.89436,5.1562,5.8287,-0.70506,0.33892,-0.4986,-0.026557,-0.24887,4.5948,0.13045,0,0,0,6.8131,6.8241,6.8505,6.8892,-1.0024,-5.9016,2.7854,1.429,-6.355,-1.1859
3.81,-2.6761,-4.3094,4.0324,-0.19873,0.074512,0.39465,0.89398,5.1537,5.8743,-0.70361,0.34073,-0.50275,-0.026302,-0.25882,4.5355,0.15824,0,0,0,6.8137,6.8248,6.8511,6.8891,-0.988,-5.9649,2.7729,1.4539,-6.2886,-1.3188
3.82,-2.6246,-4.2504,4.0254,-0.19604,0.073376,0.39703,0.89362,5.1511,5.9194,-0.70189,0.3425,-0.50682,-0.026048,-0.26863,4.4755,0.1859,0,0,0,6.8144,6.8254,6.8518,6.8891,-0.97333,-6.0274,2.7591,1.4785,-6.2201,-1.4511
3.83,-2.5731,-4.191,4.0184,-0.19333,0.072216,0.39937,0.89326,5.1483,5.9638,-0.6999,0.34424,-0.51081,-0.025796,-0.27829,4.4149,0.21342,0,0,0,6.8151,6.8261,6.8524,6.8891,-0.95843,-6.0893,2.7439,1.5028,-6.1495,-1.5828
3.84,-2.5216,-4.1312,4.0114,-0.19061,0.071033,0.40167,0.89291,5.1455,6.0077,-0.69762,0.34595,-0.51472,-0.025546,-0.2878,4.3537,0.24077,0,0,0,6.8158,6.8268,6.8531,6.8891,-0.94328,-6.1504,2.7274,1.5269,-6.0769,-1.7138
3.85,-2.4702,-4.0709,4.0044,-0.18787,0.069828,0.40393,0.89256,5.1426,6.0509,-0.69508,0.34762,-0.51855,-0.025298,-0.29715,4.2919,0.26796,0,0,0,6.8165,6.8275,6.8537,6.8891,-0.92789,-6.2108,2.7096,1.5506,-6.0024,-1.8441
3.86,-2.4188,-4.0102,3.9975,-0.18512,0.068601,0.40616,0.89222,5.1396,6.0935,-0.69227,0.34926,-0.52229,-0.025053,-0.30635,4.2295,0.29496,0,0,0,6.8172,6.8283,6.8544,6.889,-0.91227,-6.2704,2.6905,1.574,-5.9261,-1.9735
3.87,-2.3674,-3.949,3.9906,-0.18235,0.067352,0.40835,0.89189,5.1365,6.1355,-0.68918,0.35087,-0.52595,-0.024809,-0.3154,4.1665,0.32177,0,0,0,6.818,6.8291,6.855,6.889,-0.89641,-6.3293,2.6701,1.597,-5.8481,-2.1022
3.88,-2.316,-3.8874,3.9837,-0.17957,0.066082,0.4105,0.89156,5.1333,6.1769,-0.68583,0.35245,-0.52953,-0.024567,-0.32428,4.1029,0.34836,0,0,0,6.8187,6.8299,6.8557,6.889,-0.88033,-6.3874,2.6485,1.6196,-5.7684,-2.2299
3.89,-2.2647,-3.8255,3.9769,-0.17677,0.064791,0.41261,0.89124,5.13,6.2176,-0.68222,0.354,-0.53303,-0.024328,-0.333,4.0388,0.37473,0,0,0,6.8195,6.8307,6.8563,6.889,-0.86402,-6.4447,2.6256,1.6419,-5.6871,-2.3567
3.9,-2.2134,-3.7631,3.9701,-0.17396,0.063481,0.41468,0.89092,5.1266,6.2576,-0.67834,0.35552,-0.53644,-0.024092,-0.34156,3.9741,0.40087,0,0,0,6.8203,6.8315,6.857,6.889,-0.84749,-6.5011,2.6014,1.6638,-5.6043,-2.4826
3.91,-2.1622,-3.7003,3.9633,-0.17114,0.062151,0.41672,0.89061,5.1231,6.297,-0.6742,0.35702,-0.53976,-0.023858,-0.34995,3.9088,0.42675,0,0,0,6.8212,6.8324,6.8576,6.8889,-0.83075,-6.5567,2.5759,1.6853,-5.52,-2.6074
3.92,-2.111,-3.6372,3.9566,-0.1683,0.060802,0.41872,0.89031,5.1196,6.3358,-0.6698,0.35849,-0.543,-0.023627,-0.35817,3.8429,0.45238,0,0,0,6.822,6.8333,6.8583,6.8889,-0.81379,-6.6115,2.5492,1.7063,-5.4345,-2.7311
3.93,-2.0598,-3.5736,3.9499,-0.16545,0.059435,0.42068,0.89001,5.116,6.3739,-0.66515,0.35994,-0.54615,-0.023399,-0.36623,3.7765,0.47773,0,0,0,6.8229,6.8342,6.8589,6.8889,-0.79662,-6.6654,2.5213,1.7269,-5.3476,-2.8536
3.94,-2.0087,-3.5097,3.9433,-0.16259,0.05805,0.4226,0.88972,5.1123,6.4113,-0.66025,0.36136,-0.54922,-0.023173,-0.37411,3.7096,0.5028,0,0,0,6.8237,6.8351,6.8595,6.8888,-0.77925,-6.7185,2.4921,1.7471,-5.2596,-2.975
3.95,-1.9576,-3.4454,3.9367,-0.15971,0.056647,0.42449,0.88943,5.1085,6.4481,-0.6551,0.36276,-0.5522,-0.022951,-0.38181,3.6422,0.52757,0,0,0,6.8246,6.8361,6.8601,6.8888,-0.76168,-6.7706,2.4618,1.7667,-5.1704,-3.0952
3.96,-1.9065,-3.3807,3.9302,-0.15682,0.055228,0.42634,0.88915,5.1046,6.4842,-0.6497,0.36414,-0.5551,-0.022732,-0.38934,3.5742,0.55203,0,0,0,6.8255,6.837,6.8608,6.8888,-0.74392,-6.8219,2.4302,1.7859,-5.0802,-3.214
3.97,-1.8555,-3.3157,3.9237,-0.15392,0.053793,0.42816,0.88887,5.1007,6.5196,-0.64406,0.3655,-0.55791,-0.022516,-0.39669,3.5057,0.57617,0,0,0,6.8265,6.838,6.8614,6.8887,-0.72596,-6.8722,2.3975,1.8046,-4.9891,-3.3315
3.98,-1.8045,-3.2503,3.9173,-0.15101,0.052342,0.42994,0.8886,5.0967,6.5543,-0.63818,0.36684,-0.56063,-0.022304,-0.40386,3.4368,0.59998,0,0,0,6.8274,6.839,6.862,6.8887,-0.70783,-6.9217,2.3636,1.8227,-4.8971,-3.4476
3.99,-1.7535,-3.1846,3.9109,-0.14808,0.050875,0.43168,0.88833,5.0926,6.5883,-0.63206,0.36816,-0.56327,-0.022095,-0.41084,3.3673,0.62344,0,0,0,6.8284,6.84,6.8626,6.8886,-0.68951,-6.9702,2.3286,1.8403,-4.8043,-3.5623
4,-1.7026,-3.1186,3.9047,-0.14515,0.049394,0.43338,0.88807,5.0885,6.6216,-0.62571,0.36947,-0.56583,-0.02189,-0.41765,3.2974,0.64655,0,0,0,6.8293,6.841,6.8631,6.8886,-0.67102,-7.0177,2.2924,1.8574,-4.7108,-3.6754
4.01,-1.6518,-3.0522,3.8984,-0.1422,0.047898,0.43505,0.88782,5.0843,6.6543,-0.61913,0.37076,-0.5683,-0.021688,-0.42426,3.227,0.66929,0,0,0,6.8303,6.8421,6.8637,6.8885,-0.65237,-7.0644,2.2551,1.8739,-4.6166,-3.7871
4.02,-1.6009,-2.9855,3.8923,-0.13924,0.046389,0.43668,0.88756,5.08,6.6862,-0.61232,0.37203,-0.57069,-0.021491,-0.43069,3.1561,0.69165,0,0,0,6.8313,6.8431,6.8642,6.8885,-0.63355,-7.1101,2.2166,1.8898,-4.5219,-3.8971
4.03,-1.5502,-2.9185,3.8862,-0.13627,0.044867,0.43828,0.88732,5.0757,6.7174,-0.6053,0.3733,-0.57299,-0.021297,-0.43693,3.0848,0.71362,0,0,0,6.8323,6.8442,6.8648,6.8884,-0.61457,-7.1548,2.1771,1.9051,-4.4267,-4.0055
4.04,-1.4994,-2.8511,3.8802,-0.13329,0.043332,0.43984,0.88707,5.0713,6.7479,-0.59805,0.37455,-0.57522,-0.021107,-0.44299,3.013,0.73519,0,0,0,6.8333,6.8453,6.8653,6.8883,-0.59545,-7.1986,2.1365,1.9198,-4.3311,-4.1122
4.05,-1.4487,-2.7835,3.8742,-0.13029,0.041784,0.44136,0.88684,5.0668,6.7776,-0.5906,0.37579,-0.57736,-0.020922,-0.44884,2.9408,0.75634,0,0,0,6.8343,6.8463,6.8658,6.8882,-0.57618,-7.2414,2.0949,1.9338,-4.2352,-4.2171
4.06,-1.3981,-2.7156,3.8684,-0.12729,0.040226,0.44285,0.8866,5.0623,6.8067,-0.58293,0.37702,-0.57942,-0.020741,-0.45451,2.8682,0.77708,0,0,0,6.8353,6.8474,6.8662,6.8881,-0.55677,-7.2833,2.0522,1.9472,-4.139,-4.3202
4.07,-1.3475,-2.6474,3.8626,-0.12428,0.038655,0.44431,0.88637,5.0577,6.835,-0.57505,0.37824,-0.58141,-0.020564,-0.45998,2.7951,0.79738,0,0,0,6.8363,6.8485,6.8667,6.888,-0.53724,-7.3242,2.0085,1.96,-4.0427,-4.4215
4.08,-1.2969,-2.5789,3.8569,-0.12125,0.037075,0.44572,0.88615,5.0531,6.8626,-0.56698,0.37945,-0.58331,-0.020391,-0.46525,2.7217,0.81725,0,0,0,6.8374,6.8496,6.8671,6.8879,-0.51758,-7.3642,1.9638,1.972,-3.9463,-4.5209
4.09,-1.2464,-2.5101,3.8512,-0.11822,0.035483,0.44711,0.88592,5.0484,6.8894,-0.55871,0.38066,-0.58514,-0.020223,-0.47033,2.6478,0.83666,0,0,0,6.8384,6.8507,6.8675,6.8878,-0.4978,-7.4031,1.9181,1.9834,-3.8498,-4.6183
4.1,-1.196,-2.4411,3.8457,-0.11518,0.033883,0.44845,0.88571,5.0437,6.9155,-0.55025,0.38186,-0.5869,-0.02006,-0.47521,2.5736,0.8556,0,0,0,6.8394,6.8518,6.8679,6.8876,-0.47791,-7.4411,1.8714,1.9939,-3.7529,-4.7137
4.11,-1.1456,-2.3718,3.8402,-0.11213,0.032272,0.44976,0.88549,5.0389,6.9409,-0.5416,0.38306,-0.58858,-0.019902,-0.47989,2.499,0.87408,0,0,0,6.8405,6.8529,6.8683,6.8875,-0.45792,-7.4782,1.8238,2.0037,-3.6556,-4.8068
4.12,-1.0952,-2.3023,3.8348,-0.10907,0.030654,0.45104,0.88528,5.0341,6.9655,-0.53277,0.38425,-0.59018,-0.019748,-0.48437,2.4241,0.89208,0,0,0,6.8415,6.8539,6.8686,6.8873,-0.43784,-7.5143,1.7753,2.0126,-3.5577,-4.8975
4.13,-1.0449,-2.2325,3.8296,-0.10599,0.029026,0.45228,0.88508,5.0292,6.9894,-0.52376,0.38544,-0.59171,-0.019599,-0.48864,2.3487,0.90958,0,0,0,6.8425,6.855,6.8689,6.8871,-0.41767,-7.5493,1.7259,2.0206,-3.4589,-4.9859
4.14,-0.99461,-2.1625,3.8244,-0.10291,0.027391,0.45349,0.88488,5.0243,7.0125,-0.51458,0.38663,-0.59317,-0.019456,-0.49272,2.2731,0.92659,0,0,0,6.8436,6.8561,6.8692,6.8869,-0.39743,-7.5834,1.6756,2.0276,-3.359,-5.0717
4.15,-0.94439,-2.0923,3.8193,-0.099825,0.025749,0.45466,0.88468,5.0194,7.0348,-0.50523,0.38781,-0.59456,-0.019317,-0.49659,2.1971,0.94309,0,0,0,6.8446,6.8572,6.8695,6.8867,-0.37713,-7.6165,1.6244,2.0336,-3.258,-5.1548
4.16,-0.89422,-2.0218,3.8143,-0.096728,0.024099,0.45579,0.88449,5.0144,7.0564,-0.49572,0.389,-0.59588,-0.019184,-0.50026,2.1208,0.95908,0,0,0,6.8456,6.8582,6.8697,6.8864,-0.35676,-7.6486,1.5725,2.0385,-3.1556,-5.2351
4.17,-0.8441,-1.9511,3.8094,-0.093621,0.022443,0.45689,0.8843,5.0094,7.0772,-0.48605,0.39018,-0.59712,-0.019055,-0.50373,2.0441,0.97454,0,0,0,6.8466,6.8592,6.8699,6.8861,-0.33636,-7.6796,1.5198,2.0423,-3.0516,-5.3124
4.18,-0.79403,-1.8803,3.8045,-0.090506,0.020781,0.45796,0.88411,5.0043,7.0973,-0.47623,0.39135,-0.5983,-0.018932,-0.50699,1.9672,0.98947,0,0,0,6.8476,6.8603,6.8701,6.8858,-0.31592,-7.7096,1.4663,2.0449,-2.9458,-5.3868
4.19,-0.74401,-1.8092,3.7998,-0.087383,0.019114,0.45899,0.88393,4.9992,7.1166,-0.46626,0.39252,-0.5994,-0.018815,-0.51005,1.8899,1.0039,0,0,0,6.8485,6.8613,6.8703,6.8855,-0.29547,-7.7385,1.412,2.0463,-2.8381,-5.458
4.2,-0.69405,-1.7379,3.7952,-0.084251,0.017441,0.45999,0.88375,4.9941,7.1351,-0.45616,0.39369,-0.60043,-0.018702,-0.5129,1.8124,1.0177,0,0,0,6.8495,6.8623,6.8705,6.8852,-0.275,-7.7664,1.3571,2.0463,-2.7283,-5.526
4.21,-0.64413,-1.6665,3.7907,-0.081112,0.015763,0.46095,0.88357,4.989,7.1528,-0.44591,0.39486,-0.60139,-0.018595,-0.51555,1.7346,1.031,0,0,0,6.8504,6.8632,6.8706,6.8848,-0.25454,-7.7931,1.3015,2.0451,-2.6162,-5.5905
4.22,-0.59427,-1.5949,3.7863,-0.077964,0.014081,0.46187,0.8834,4.9838,7.1698,-0.43554,0.39602,-0.60228,-0.018493,-0.51799,1.6565,1.0437,0,0,0,6.8514,6.8642,6.8708,6.8844,-0.2341,-7.8187,1.2453,2.0425,-2.5016,-5.6516
4.23,-0.54446,-1.5231,3.782,-0.074809,0.012396,0.46277,0.88323,4.9786,7.186,-0.42504,0.39717,-0.60309,-0.018397,-0.52023,1.5782,1.0559,0,0,0,6.8523,6.8651,6.8709,6.884,-0.2137,-7.8431,1.1885,2.0384,-2.3843,-5.7091
4.24,-0.4947,-1.4512,3.7778,-0.071647,0.010707,0.46362,0.88307,4.9734,7.2014,-0.41442,0.39831,-0.60383,-0.018306,-0.52226,1.4997,1.0675,0,0,0,6.8531,6.866,6.871,6.8835,-0.19334,-7.8664,1.1311,2.0329,-2.2642,-5.7628
4.25,-0.44499,-1.3791,3.7737,-0.068477,0.009015,0.46444,0.8829,4.9682,7.216,-0.40369,0.39944,-0.6045,-0.01822,-0.5241,1.4209,1.0785,0,0,0,6.854,6.8668,6.8711,6.883,-0.17305,-7.8884,1.0733,2.0258,-2.141,-5.8127
4.26,-0.39533,-1.3069,3.7697,-0.0653,0.0073206,0.46523,0.88275,4.9629,7.2298,-0.39285,0.40057,-0.60509,-0.018139,-0.52572,1.3419,1.089,0,0,0,6.8548,6.8677,6.8712,6.8825,-0.15283,-7.9092,1.0149,2.0171,-2.0147,-5.8587
4.27,-0.34573,-1.2345,3.7659,-0.062116,0.0056241,0.46598,0.88259,4.9576,7.2428,-0.38191,0.40167,-0.6056,-0.018064,-0.52715,1.2627,1.0988,0,0,0,6.8556,6.8684,6.8712,6.882,-0.13271,-7.9287,0.9561,2.0067,-1.8849,-5.9005
4.28,-0.29618,-1.162,3.7621,-0.058926,0.0039261,0.4667,0.88244,4.9524,7.255,-0.37088,0.40277,-0.60603,-0.017993,-0.52838,1.1833,1.1081,0,0,0,6.8564,6.8692,6.8713,6.8815,-0.1127,-7.9469,0.8969,1.9947,-1.7516,-5.9382
4.29,-0.24668,-1.0894,3.7584,-0.055729,0.0022268,0.46738,0.88229,4.9471,7.2665,-0.35975,0.40384,-0.60638,-0.017928,-0.52941,1.1038,1.1168,0,0,0,6.8571,6.8699,6.8714,6.8809,-0.092822,-7.9637,0.83735,1.9809,-1.6145,-5.9715
4.3,-0.19724,-1.0167,3.7549,-0.052526,0.00052691,0.46803,0.88215,4.9418,7.2771,-0.34854,0.4049,-0.60665,-0.017867,-0.53024,1.0241,1.1248,0,0,0,6.8578,6.8706,6.8715,6.8803,-0.073089,-7.9791,0.77749,1.9653,-1.4734,-6.0004
4.31,-0.14785,-0.94385,3.7515,-0.049317,-0.0011733,0.46864,0.88201,4.9365,7.2869,-0.33726,0.40593,-0.60683,-0.017811,-0.53087,0.94421,1.1323,0,0,0,6.8585,6.8713,6.8716,6.8797,-0.053521,-7.9931,0.71736,1.9479,-1.3282,-6.0248
4.32,-0.09851,-0.87094,3.7482,-0.046103,-0.0028733,0.46922,0.88187,4.9312,7.296,-0.3259,0.40694,-0.60692,-0.01776,-0.53131,0.86422,1.1392,0,0,0,6.8591,6.8719,6.8717,6.879,-0.034137,-8.0057,0.65701,1.9285,-1.1787,-6.0445
4.33,-0.049225,-0.79793,3.745,-0.042884,-0.0045726,0.46976,0.88174,4.9259,7.3042,-0.31448,0.40792,-0.60693,-0.017713,-0.53155,0.7841,1.1455,0,0,0,6.8597,6.8725,6.8718,6.8784,-0.014957,-8.0167,0.59648,1.9072,-1.0248,-6.0594
4.34,7.4425e-06,-0.72485,3.7419,-0.039659,-0.0062708,0.47027,0.88161,4.9205,7.3117,-0.30299,0.40887,-0.60684,-0.01767,-0.53161,0.70389,1.1511,0,0,0,6.8603,6.873,6.8719,6.8777,0.0040009,-8.0262,0.53583,1.8839,-0.8661,-6.0694
4.35,0.049186,-0.6517,3.7389,-0.03643,-0.0079674,0.47074,0.88148,4.9152,7.3183,-0.29146,0.40979,-0.60665,-0.017631,-0.53147,0.62359,1.1562,0,0,0,6.8608,6.8735,6.872,6.877,0.022715,-8.034,0.47511,1.8586,-0.70258,-6.0744
4.36,0.098312,-0.57849,3.736,-0.033197,-0.009662,0.47118,0.88136,4.9099,7.3241,-0.27987,0.41066,-0.60636,-0.017596,-0.53115,0.54321,1.1606,0,0,0,6.8613,6.874,6.8722,6.8763,0.041165,-8.0402,0.41436,1.8311,-0.53403,-6.0743
4.37,0.14738,-0.50522,3.7333,-0.029961,-0.011354,0.47158,0.88124,4.9046,7.3292,-0.26825,0.4115,-0.60597,-0.017565,-0.53065,0.46279,1.1645,0,0,0,6.8617,6.8744,6.8724,6.8756,0.059329,-8.0447,0.35364,1.8014,-0.36026,-6.069
4.38,0.1964,-0.43191,3.7307,-0.02672,-0.013043,0.47195,0.88112,4.8993,7.3334,-0.25658,0.41228,-0.60548,-0.017537,-0.52997,0.38233,1.1677,0,0,0,6.8621,6.8747,6.8726,6.8748,0.077186,-8.0474,0.293,1.7695,-0.18108,-6.0582
4.39,0.24537,-0.35856,3.7282,-0.023478,-0.014728,0.47228,0.88101,4.894,7.3368,-0.24489,0.41302,-0.60487,-0.017512,-0.52911,0.30185,1.1703,0,0,0,6.8625,6.875,6.8729,6.8741,0.094713,-8.0483,0.2325,1.7355,0.0034207,-6.0421
4.4,0.29428,-0.28518,3.7258,-0.020232,-0.01641,0.47258,0.8809,4.8887,7.3394,-0.23318,0.4137,-0.60415,-0.017489,-0.52807,0.22137,1.1723,0,0,0,6.8628,6.8753,6.8732,6.8733,0.11189,-8.0473,0.17217,1.7005,0.19125,-6.0214
4.41,0.34314,-0.21177,3.7235,-0.016985,-0.018087,0.47284,0.8808,4.8834,7.3412,-0.22145,0.41433,-0.60332,-0.017469,-0.52687,0.14091,1.1738,0,0,0,6.863,6.8755,6.8735,6.8726,0.12872,-8.0445,0.11208,1.6659,0.37958,-5.9971
4.42,0.39195,-0.13835,3.7213,-0.013737,-0.019758,0.47307,0.8807,4.8782,7.3423,-0.20971,0.4149,-0.60236,-0.017451,-0.5255,0.060484,1.1746,0,0,0,6.8633,6.8758,6.8739,6.8719,0.14522,-8.0397,0.05224,1.6334,0.56559,-5.9704
4.43,0.44071,-0.064929,3.7193,-0.010488,-0.021425,0.47326,0.8806,4.8729,7.3425,-0.19796,0.41542,-0.60129,-0.017435,-0.52397,-0.019882,1.1748,0,0,0,6.8635,6.876,6.8742,6.8712,0.1614,-8.0332,-0.0073227,1.6036,0.74758,-5.9418
4.44,0.48941,0.0084928,3.7174,-0.0072379,-0.023085,0.47342,0.88051,4.8677,7.3419,-0.18621,0.41589,-0.60011,-0.017422,-0.52227,-0.10017,1.1744,0,0,0,6.8637,6.8761,6.8745,6.8705,0.1773,-8.0248,-0.06659,1.5767,0.92551,-5.9114
4.45,0.53806,0.081905,3.7156,-0.0039883,-0.024738,0.47354,0.88042,4.8625,7.3405,-0.17447,0.41632,-0.59881,-0.01741,-0.52042,-0.18037,1.1735,0,0,0,6.8638,6.8763,6.8747,6.8698,0.19294,-8.0147,-0.12554,1.5523,1.0995,-5.8791
4.46,0.58666,0.1553,3.7139,-0.00073929,-0.026385,0.47363,0.88033,4.8573,7.3382,-0.16275,0.41672,-0.59739,-0.0174,-0.51842,-0.26046,1.1719,0,0,0,6.864,6.8765,6.875,6.8692,0.20836,-8.0028,-0.18417,1.5303,1.2696,-5.845
4.47,0.63521,0.22867,3.7123,0.0025088,-0.028024,0.47368,0.88025,4.8521,7.3352,-0.15104,0.41707,-0.59587,-0.017391,-0.51626,-0.34042,1.1698,0,0,0,6.8641,6.8767,6.8752,6.8685,0.22356,-7.9893,-0.24244,1.5105,1.4361,-5.809
4.48,0.6837,0.302,3.7109,0.0057554,-0.029654,0.47369,0.88017,4.847,7.3314,-0.13935,0.41739,-0.59423,-0.017385,-0.51395,-0.42024,1.1671,0,0,0,6.8642,6.8769,6.8754,6.8678,0.23857,-7.9741,-0.30034,1.4928,1.5988,-5.7711
4.49,0.73215,0.37529,3.7095,0.0090004,-0.031276,0.47367,0.8801,4.8418,7.3268,-0.1277,0.41768,-0.59248,-0.01738,-0.51149,-0.4999,1.1638,0,0,0,6.8643,6.8771,6.8756,6.8672,0.25342,-7.9573,-0.35785,1.4768,1.7581,-5.7312
4.5,0.78054,0.44854,3.7083,0.012243,-0.032888,0.47362,0.88003,4.8367,7.3214,-0.11608,0.41794,-0.59062,-0.017378,-0.50888,-0.57938,1.1599,0,0,0,6.8644,6.8772,6.8758,6.8665,0.26811,-7.9389,-0.41496,1.4625,1.914,-5.6893
4.51,0.82888,0.52172,3.7072,0.015483,-0.034491,0.47353,0.87997,4.8317,7.3153,-0.1045,0.41818,-0.58866,-0.017377,-0.50612,-0.65867,1.1555,0,0,0,6.8645,6.8774,6.876,6.8659,0.28267,-7.919,-0.47163,1.4496,2.0666,-5.6454
4.52,0.87717,0.59484,3.7062,0.018721,-0.036083,0.4734,0.87991,4.8266,7.3083,-0.09297,0.41839,-0.58658,-0.017378,-0.50322,-0.73776,1.1505,0,0,0,6.8646,6.8776,6.8761,6.8652,0.29711,-7.8976,-0.52786,1.438,2.216,-5.5995
4.53,0.92541,0.66788,3.7054,0.021955,-0.037665,0.47324,0.87985,4.8216,7.3005,-0.081492,0.41858,-0.5844,-0.017381,-0.50018,-0.81662,1.1449,0,0,0,6.8647,6.8778,6.8763,6.8646,0.31144,-7.8747,-0.58362,1.4275,2.3623,-5.5514
4.54,0.97361,0.74085,3.7046,0.025186,-0.039234,0.47304,0.8798,4.8166,7.2919,-0.070073,0.41875,-0.58212,-0.017386,-0.497,-0.89525,1.1388,0,0,0,6.8648,6.878,6.8764,6.8639,0.32566,-7.8504,-0.63888,1.4178,2.5056,-5.5013
4.55,1.0217,0.81372,3.704,0.028413,-0.040792,0.47281,0.87976,4.8117,7.2826,-0.058718,0.4189,-0.57973,-0.017394,-0.49367,-0.97362,1.1322,0,0,0,6.8649,6.8782,6.8764,6.8632,0.3398,-7.8246,-0.69364,1.4089,2.6461,-5.449
4.56,1.0698,0.88649,3.7034,0.031635,-0.042338,0.47255,0.87972,4.8067,7.2725,-0.047432,0.41903,-0.57724,-0.017403,-0.4902,-1.0517,1.1249,0,0,0,6.865,6.8784,6.8765,6.8626,0.35384,-7.7975,-0.74785,1.4005,2.7838,-5.3945
4.57,1.1179,0.95917,3.703,0.034854,-0.04387,0.47224,0.87968,4.8019,7.2616,-0.036221,0.41914,-0.57465,-0.017415,-0.48659,-1.1296,1.1172,0,0,0,6.8651,6.8786,6.8765,6.8619,0.36781,-7.769,-0.80152,1.3924,2.9189,-5.3378
4.58,1.1659,1.0317,3.7027,0.038067,-0.045389,0.47191,0.87966,4.797,7.2499,-0.02509,0.41924,-0.57196,-0.017429,-0.48284,-1.2071,1.1089,0,0,0,6.8651,6.8788,6.8766,6.8612,0.38169,-7.7391,-0.8546,1.3844,3.0514,-5.2789
4.59,1.2138,1.1042,3.7025,0.041276,-0.046893,0.47154,0.87963,4.7922,7.2374,-0.014044,0.41932,-0.56917,-0.017446,-0.47896,-1.2843,1.1001,0,0,0,6.8652,6.879,6.8766,6.8605,0.3955,-7.7079,-0.90709,1.3764,3.1815,-5.2177
4.6,1.2617,1.1765,3.7024,0.044479,-0.048383,0.47113,0.87961,4.7874,7.2242,-0.0030891,0.41939,-0.56628,-0.017465,-0.47494,-1.3613,1.0908,0,0,0,6.8653,6.8791,6.8766,6.8598,0.40922,-7.6755,-0.95895,1.3681,3.3093,-5.1543
4.61,1.3096,1.2486,3.7024,0.047677,-0.049858,0.47068,0.8796,4.7827,7.2102,0.0077699,0.41944,-0.56329,-0.017486,-0.47077,-1.4379,1.0809,0,0,0,6.8654,6.8793,6.8766,6.8591,0.42286,-7.6418,-1.0102,1.3594,3.4349,-5.0884
4.62,1.3574,1.3207,3.7026,0.050868,-0.051317,0.47021,0.87959,4.778,7.1954,0.018528,0.41947,-0.56021,-0.01751,-0.46648,-1.5141,1.0706,0,0,0,6.8655,6.8795,6.8765,6.8584,0.43641,-7.6068,-1.0607,1.3502,3.5583,-5.0203
4.63,1.4051,1.3925,3.7028,0.054054,-0.052759,0.46969,0.87959,4.7734,7.1799,0.02918,0.41949,-0.55704,-0.017536,-0.46205,-1.59,1.0597,0,0,0,6.8656,6.8796,6.8765,6.8577,0.44986,-7.5706,-1.1106,1.3401,3.6798,-4.9497
4.64,1.4528,1.4643,3.7032,0.057233,-0.054185,0.46914,0.8796,4.7688,7.1636,0.039721,0.41948,-0.55377,-0.017565,-0.45748,-1.6655,1.0484,0,0,0,6.8656,6.8797,6.8765,6.857,0.4632,-7.5332,-1.1597,1.329,3.7994,-4.8767
4.65,1.5005,1.5358,3.7036,0.060406,-0.055594,0.46856,0.87961,4.7642,7.1466,0.050146,0.41946,-0.55041,-0.017596,-0.45278,-1.7406,1.0365,0,0,0,6.8657,6.8798,6.8764,6.8563,0.47643,-7.4946,-1.2081,1.3167,3.9172,-4.8013
4.66,1.5481,1.6072,3.7042,0.063572,-0.056985,0.46794,0.87963,4.7597,7.1288,0.06045,0.41942,-0.54696,-0.017629,-0.44795,-1.8154,1.0242,0,0,0,6.8657,6.8799,6.8764,6.8556,0.48953,-7.4549,-1.2557,1.3031,4.0334,-4.7234
4.67,1.5957,1.6784,3.7048,0.06673,-0.058358,0.46728,0.87965,4.7553,7.1103,0.070628,0.41936,-0.54342,-0.017664,-0.44299,-1.8897,1.0114,0,0,0,6.8657,6.8799,6.8763,6.8549,0.50249,-7.414,-1.3025,1.288,4.148,-4.6429
4.68,1.6432,1.7494,3.7056,0.069881,-0.059712,0.46659,0.87968,4.7509,7.091,0.080677,0.41927,-0.53978,-0.017701,-0.4379,-1.9637,0.99816,0,0,0,6.8658,6.8799,6.8763,6.8542,0.51529,-7.3719,-1.3486,1.2711,4.2611,-4.5599
4.69,1.6907,1.8202,3.7064,0.073025,-0.061048,0.46586,0.87972,4.7465,7.071,0.09059,0.41916,-0.53607,-0.01774,-0.43269,-2.0372,0.98445,0,0,0,6.8657,6.8799,6.8763,6.8535,0.52791,-7.3287,-1.3937,1.2523,4.3729,-4.4744
4.7,1.7382,1.8908,3.7074,0.07616,-0.062363,0.4651,0.87977,4.7422,7.0503,0.10036,0.41902,-0.53226,-0.01778,-0.42735,-2.1102,0.97029,0,0,0,6.8657,6.8798,6.8763,6.8528,0.54033,-7.2845,-1.438,1.2314,4.4835,-4.3862
4.71,1.7856,1.9612,3.7084,0.079287,-0.063659,0.4643,0.87982,4.738,7.0288,0.10999,0.41885,-0.52837,-0.017822,-0.42188,-2.1829,0.95569,0,0,0,6.8656,6.8797,6.8763,6.8522,0.55253,-7.2391,-1.4815,1.2082,4.5929,-4.2954
4.72,1.8329,2.0314,3.7096,0.082405,-0.064933,0.46347,0.87988,4.7338,7.0066,0.11948,0.41865,-0.52439,-0.017864,-0.4163,-2.255,0.94067,0,0,0,6.8655,6.8796,6.8763,6.8515,0.56448,-7.1926,-1.5239,1.1829,4.7011,-4.2021
4.73,1.8802,2.1013,3.7108,0.085515,-0.066188,0.4626,0.87995,4.7296,6.9837,0.12881,0.41841,-0.52033,-0.017908,-0.41059,-2.3267,0.92522,0,0,0,6.8654,6.8794,6.8764,6.8509,0.57618,-7.1451,-1.5655,1.1556,4.8081,-4.1062
4.74,1.9275,2.1711,3.7122,0.088615,-0.06742,0.46169,0.88002,4.7256,6.9601,0.13798,0.41813,-0.51618,-0.017952,-0.40477,-2.3979,0.90936,0,0,0,6.8653,6.8791,6.8765,6.8503,0.58759,-7.0964,-1.6061,1.1264,4.9139,-4.008
4.75,1.9748,2.2405,3.7136,0.091706,-0.068631,0.46075,0.88011,4.7215,6.9358,0.14699,0.41781,-0.51196,-0.017996,-0.39884,-2.4686,0.8931,0,0,0,6.8651,6.8788,6.8766,6.8496,0.5987,-7.0468,-1.6456,1.0955,5.0184,-3.9073
4.76,2.0219,2.3098,3.7151,0.094786,-0.06982,0.45978,0.8802,4.7176,6.9107,0.15584,0.41745,-0.50765,-0.01804,-0.3928,-2.5388,0.87645,0,0,0,6.8648,6.8784,6.8767,6.8491,0.60949,-6.9961,-1.6842,1.0628,5.1217,-3.8044
4.77,2.0691,2.3788,3.7167,0.097857,-0.070986,0.45876,0.8803,4.7137,6.885,0.16452,0.41704,-0.50326,-0.018084,-0.38665,-2.6085,0.85942,0,0,0,6.8646,6.878,6.8768,6.8485,0.61995,-6.9444,-1.7217,1.0287,5.2235,-3.6992
4.78,2.1162,2.4475,3.7184,0.10092,-0.072129,0.45771,0.8804,4.7098,6.8586,0.17303,0.41659,-0.4988,-0.018127,-0.3804,-2.6777,0.84202,0,0,0,6.8643,6.8776,6.877,6.8479,0.63006,-6.8916,-1.7582,0.99309,5.3241,-3.5919
4.79,2.1633,2.5159,3.7202,0.10397,-0.073249,0.45663,0.88052,4.7061,6.8314,0.18136,0.41608,-0.49425,-0.018169,-0.37405,-2.7464,0.82426,0,0,0,6.864,6.8771,6.8772,6.8474,0.63981,-6.8379,-1.7935,0.95623,5.4232,-3.4824
4.8,2.2103,2.5841,3.722,0.107,-0.074345,0.4555,0.88065,4.7024,6.8036,0.18951,0.41553,-0.48963,-0.018209,-0.36761,-2.8145,0.80615,0,0,0,6.8636,6.8766,6.8774,6.8468,0.64918,-6.7832,-1.8278,0.91819,5.5209,-3.3709
4.81,2.2573,2.652,3.7239,0.11003,-0.075417,0.45435,0.88078,4.6987,6.7752,0.19748,0.41491,-0.48493,-0.018249,-0.36107,-2.882,0.78771,0,0,0,6.8633,6.876,6.8776,6.8463,0.65817,-6.7275,-1.861,0.87909,5.6172,-3.2575
4.82,2.3043,2.7196,3.726,0.11304,-0.076465,0.45315,0.88092,4.6951,6.746,0.20526,0.41424,-0.48016,-0.018286,-0.35445,-2.949,0.76894,0,0,0,6.8629,6.8753,6.8778,6.8458,0.66676,-6.6708,-1.893,0.83907,5.7119,-3.1421
4.83,2.3512,2.7869,3.7281,0.11605,-0.077487,0.45192,0.88108,4.6916,6.7162,0.21286,0.41352,-0.47531,-0.018321,-0.34774,-3.0155,0.74985,0,0,0,6.8624,6.8747,6.8781,6.8454,0.67495,-6.6132,-1.9238,0.79823,5.8052,-3.0249
4.84,2.3981,2.8539,3.7302,0.11903,-0.078485,0.45065,0.88124,4.6882,6.6857,0.22026,0.41273,-0.47038,-0.018354,-0.34095,-3.0813,0.73046,0,0,0,6.8619,6.874,6.8783,6.8449,0.68272,-6.5547,-1.9535,0.7567,5.8969,-2.9059
4.85,2.445,2.9206,3.7325,0.12201,-0.079457,0.44935,0.88141,4.6848,6.6545,0.22747,0.41188,-0.46539,-0.018385,-0.33408,-3.1465,0.71079,0,0,0,6.8614,6.8732,6.8786,6.8444,0.69008,-6.4953,-1.9819,0.71461,5.987,-2.7851
4.86,2.4918,2.987,3.7348,0.12497,-0.080403,0.44801,0.88159,4.6815,6.6228,0.23448,0.41096,-0.46032,-0.018412,-0.32715,-3.2112,0.69083,0,0,0,6.8609,6.8724,6.8789,6.844,0.69701,-6.435,-2.0091,0.67206,6.0755,-2.6628
4.87,2.5386,3.0531,3.7371,0.12792,-0.081324,0.44663,0.88178,4.6783,6.5903,0.24128,0.40998,-0.45518,-0.018436,-0.32015,-3.2752,0.67061,0,0,0,6.8603,6.8716,6.8792,6.8436,0.70352,-6.3738,-2.0352,0.62918,6.1623,-2.5388
4.88,2.5854,3.1188,3.7396,0.13085,-0.082217,0.44522,0.88198,4.6751,6.5573,0.24789,0.40893,-0.44997,-0.018457,-0.31308,-3.3387,0.65013,0,0,0,6.8597,6.8707,6.8795,6.8431,0.7096,-6.3117,-2.0599,0.58609,6.2475,-2.4133
4.89,2.6321,3.1842,3.7421,0.13377,-0.083084,0.44377,0.8822,4.672,6.5236,0.25428,0.40781,-0.44469,-0.018475,-0.30595,-3.4015,0.62941,0,0,0,6.8591,6.8698,6.8799,6.8427,0.71524,-6.2489,-2.0834,0.54291,6.331,-2.2864
4.9,2.6789,3.2493,3.7447,0.13668,-0.083924,0.44228,0.88242,4.669,6.4892,0.26047,0.40663,-0.43934,-0.018489,-0.29878,-3.4636,0.60847,0,0,0,6.8585,6.8689,6.8802,6.8423,0.72046,-6.1851,-2.1056,0.49977,6.4127,-2.1581
4.91,2.7255,3.314,3.7473,0.13957,-0.084736,0.44076,0.88265,4.666,6.4543,0.26645,0.40537,-0.43392,-0.018499,-0.29155,-3.5252,0.5873,0,0,0,6.8578,6.8679,6.8806,6.8419,0.72524,-6.1206,-2.1266,0.45677,6.4926,-2.0284
4.92,2.7722,3.3784,3.75,0.14244,-0.085521,0.4392,0.88289,4.6632,6.4187,0.27222,0.40403,-0.42844,-0.018505,-0.28427,-3.5861,0.56594,0,0,0,6.8572,6.8669,6.8809,6.8416,0.72959,-6.0553,-2.1462,0.41405,6.5708,-1.8975
4.93,2.8188,3.4424,3.7528,0.1453,-0.086277,0.4376,0.88315,4.6604,6.3826,0.27777,0.40262,-0.42289,-0.018507,-0.27696,-3.6463,0.54438,0,0,0,6.8565,6.8659,6.8813,6.8412,0.73352,-5.9892,-2.1645,0.37172,6.6471,-1.7654
4.94,2.8654,3.506,3.7556,0.14814,-0.087005,0.43596,0.88341,4.6576,6.3458,0.28311,0.40114,-0.41728,-0.018505,-0.2696,-3.7058,0.52265,0,0,0,6.8558,6.8649,6.8816,6.8408,0.73703,-5.9223,-2.1815,0.32991,6.7216,-1.6322
4.95,2.9119,3.5693,3.7584,0.15096,-0.087705,0.43429,0.88369,4.655,6.3085,0.28822,0.39957,-0.4116,-0.018498,-0.26222,-3.7647,0.50076,0,0,0,6.855,6.8638,6.882,6.8404,0.74012,-5.8548,-2.1972,0.28872,6.7942,-1.4979
4.96,2.9585,3.6322,3.7613,0.15376,-0.088376,0.43258,0.88398,4.6524,6.2705,0.29312,0.39793,-0.40586,-0.018487,-0.2548,-3.8229,0.47871,0,0,0,6.8543,6.8628,6.8823,6.84,0.74281,-5.7865,-2.2115,0.2483,6.8648,-1.3626
4.97,3.005,3.6947,3.7643,0.15655,-0.089018,0.43083,0.88428,4.6499,6.232,0.2978,0.39621,-0.40006,-0.018472,-0.24736,-3.8804,0.45653,0,0,0,6.8536,6.8617,6.8827,6.8396,0.74509,-5.7175,-2.2244,0.20874,6.9335,-1.2263
4.98,3.0515,3.7568,3.7673,0.15932,-0.08963,0.42905,0.88459,4.6474,6.1929,0.30225,0.39441,-0.3942,-0.018452,-0.2399,-3.9373,0.43423,0,0,0,6.8528,6.8606,6.883,6.8392,0.74698,-5.6478,-2.236,0.17018,7.0002,-1.0892
4.99,3.0979,3.8186,3.7703,0.16207,-0.090212,0.42723,0.88491,4.6451,6.1533,0.30648,0.39253,-0.38828,-0.018428,-0.23242,-3.9934,0.41182,0,0,0,6.8521,6.8595,6.8833,6.8388,0.7485,-5.5775,-2.2462,0.13272,7.0649,-0.95132
5,3.1444,3.8799,3.7734,0.1648,-0.090765,0.42537,0.88525,4.6428,6.113,0.31049,0.39056,-0.3823,-0.018399,-0.22493,-4.0488,0.38931,0,0,0,6.8513,6.8584,6.8836,6.8384,0.74964,-5.5065,-2.255,0.096324,7.1276,-0.81274
5.01,3.1908,3.9408,3.7765,0.16751,-0.091287,0.42347,0.88559,4.6406,6.0723,0.31427,0.38852,-0.37626,-0.018367,-0.21743,-4.1035,0.36672,0,0,0,6.8506,6.8573,6.8839,6.838,0.75043,-5.4349,-2.2624,0.060951,7.1882,-0.67365
5.02,3.2372,4.0013,3.7797,0.1702,-0.091779,0.42154,0.88595,4.6384,6.031,0.31782,0.38639,-0.37016,-0.01833,-0.20993,-4.1575,0.34407,0,0,0,6.8498,6.8562,6.8841,6.8376,0.75086,-5.3628,-2.2685,0.026543,7.2469,-0.53417
5.03,3.2836,4.0614,3.7829,0.17287,-0.09224,0.41957,0.88633,4.6364,5.9891,0.32115,0.38417,-0.36401,-0.018288,-0.20242,-4.2108,0.32136,0,0,0,6.8491,6.8551,6.8844,6.8371,0.75096,-5.29,-2.2731,-0.0069559,7.3036,-0.39446
5.04,3.3299,4.1211,3.7861,0.17552,-0.092671,0.41756,0.88671,4.6344,5.9468,0.32425,0.38187,-0.35781,-0.018243,-0.19491,-4.2633,0.29861,0,0,0,6.8483,6.854,6.8847,6.8367,0.75073,-5.2167,-2.2764,-0.039599,7.3583,-0.25466
5.05,3.3763,4.1804,3.7894,0.17814,-0.09307,0.41551,0.88711,4.6325,5.9039,0.32712,0.37948,-0.35156,-0.018193,-0.1874,-4.3151,0.27584,0,0,0,6.8476,6.8529,6.8849,6.8362,0.75017,-5.1428,-2.2782,-0.071442,7.4111,-0.11491
5.06,3.4226,4.2392,3.7927,0.18075,-0.093437,0.41342,0.88751,4.6306,5.8605,0.32977,0.37701,-0.34525,-0.01814,-0.17991,-4.3662,0.25305,0,0,0,6.8468,6.8517,6.8851,6.8358,0.7493,-5.0685,-2.2787,-0.10254,7.4619,0.024644
5.07,3.4689,4.2976,3.796,0.18333,-0.093773,0.4113,0.88794,4.6289,5.8165,0.33218,0.37444,-0.3389,-0.018082,-0.17242,-4.4165,0.23027,0,0,0,6.8461,6.8506,6.8853,6.8353,0.74812,-4.9936,-2.2777,-0.13295,7.5107,0.16385
5.08,3.5151,4.3555,3.7993,0.18589,-0.094077,0.40914,0.88837,4.6272,5.7721,0.33437,0.37178,-0.3325,-0.01802,-0.16494,-4.466,0.2075,0,0,0,6.8453,6.8495,6.8855,6.8349,0.74664,-4.9183,-2.2754,-0.16272,7.5576,0.30257
5.09,3.5614,4.413,3.8027,0.18843,-0.094349,0.40694,0.88882,4.6256,5.7272,0.33633,0.36904,-0.32605,-0.017954,-0.15749,-4.5148,0.18476,0,0,0,6.8446,6.8483,6.8857,6.8344,0.74487,-4.8425,-2.2717,-0.1919,7.6026,0.44066
5.1,3.6077,4.4701,3.806,0.19094,-0.094589,0.4047,0.88928,4.624,5.6818,0.33807,0.3662,-0.31957,-0.017883,-0.15005,-4.5629,0.16207,0,0,0,6.8438,6.8471,6.8859,6.834,0.74281,-4.7662,-2.2666,-0.22057,7.6456,0.57798
5.11,3.6539,4.5266,3.8094,0.19343,-0.094796,0.40242,0.88975,4.6226,5.636,0.33957,0.36327,-0.31304,-0.017809,-0.14263,-4.6102,0.13944,0,0,0,6.8431,6.846,6.8861,6.8335,0.74046,-4.6896,-2.2601,-0.24875,7.6868,0.71437
5.12,3.7001,4.5828,3.8128,0.19589,-0.094971,0.40011,0.89024,4.6212,5.5896,0.34086,0.36024,-0.30648,-0.01773,-0.13524,-4.6567,0.11687,0,0,0,6.8423,6.8448,6.8863,6.8331,0.73783,-4.6125,-2.2523,-0.27653,7.726,0.84971
5.13,3.7463,4.6384,3.8162,0.19833,-0.095113,0.39775,0.89074,4.6199,5.5428,0.34191,0.35712,-0.29989,-0.017648,-0.12788,-4.7024,0.094394,0,0,0,6.8416,6.8436,6.8864,6.8326,0.73493,-4.535,-2.2431,-0.30394,7.7634,0.98383
5.14,3.7925,4.6936,3.8197,0.20075,-0.095222,0.39536,0.89125,4.6186,5.4956,0.34274,0.3539,-0.29326,-0.017561,-0.12054,-4.7474,0.072014,0,0,0,6.8408,6.8424,6.8866,6.8322,0.73176,-4.4572,-2.2326,-0.33104,7.7988,1.1166
5.15,3.8387,4.7483,3.8231,0.20313,-0.095297,0.39293,0.89177,4.6175,5.4479,0.34335,0.35058,-0.2866,-0.01747,-0.11324,-4.7916,0.049746,0,0,0,6.84,6.8412,6.8868,6.8318,0.72831,-4.3791,-2.2208,-0.35789,7.8324,1.2479
5.16,3.8849,4.8026,3.8265,0.2055,-0.09534,0.39046,0.89231,4.6164,5.3998,0.34374,0.34717,-0.27992,-0.017374,-0.10598,-4.835,0.027602,0,0,0,6.8393,6.84,6.8869,6.8313,0.7246,-4.3006,-2.2077,-0.38453,7.8642,1.3775
5.17,3.931,4.8563,3.83,0.20783,-0.09535,0.38795,0.89286,4.6153,5.3512,0.3439,0.34365,-0.27322,-0.017275,-0.09875,-4.8776,0.0055966,0,0,0,6.8385,6.8387,6.8871,6.8309,0.72062,-4.2218,-2.1933,-0.41104,7.894,1.5054
5.18,3.9772,4.9096,3.8334,0.21014,-0.095326,0.38541,0.89343,4.6144,5.3022,0.34385,0.34004,-0.2665,-0.017171,-0.091565,-4.9194,-0.016259,0,0,0,6.8377,6.8374,6.8872,6.8305,0.71638,-4.1427,-2.1776,-0.43746,7.9221,1.6313
5.19,4.0233,4.9624,3.8368,0.21242,-0.095268,0.38282,0.89401,4.6135,5.2528,0.34358,0.33632,-0.25976,-0.017062,-0.084423,-4.9604,-0.037951,0,0,0,6.837,6.8362,6.8873,6.8301,0.71187,-4.0634,-2.1606,-0.46384,7.9483,1.7551
5.2,4.0694,5.0147,3.8403,0.21467,-0.095177,0.38019,0.8946,4.6127,5.203,0.34309,0.3325,-0.25301,-0.016949,-0.077328,-5.0007,-0.059468,0,0,0,6.8362,6.8349,6.8875,6.8298,0.7071,-3.9838,-2.1425,-0.49024,7.9727,1.8767
5.21,4.1156,5.0664,3.8437,0.21689,-0.095053,0.37753,0.89521,4.612,5.1528,0.34239,0.32858,-0.24626,-0.016831,-0.070282,-5.0401,-0.080797,0,0,0,6.8354,6.8335,6.8876,6.8294,0.70207,-3.9039,-2.1231,-0.51672,7.9952,1.996
5.22,4.1617,5.1177,3.8471,0.21909,-0.094894,0.37483,0.89582,4.6113,5.1022,0.34148,0.32455,-0.2395,-0.016708,-0.063288,-5.0787,-0.10193,0,0,0,6.8346,6.8322,6.8878,6.8291,0.69677,-3.8239,-2.1026,-0.54333,8.016,2.1128
5.23,4.2078,5.1685,3.8505,0.22125,-0.094703,0.37208,0.89646,4.6107,5.0512,0.34035,0.32042,-0.23274,-0.016581,-0.056348,-5.1166,-0.12284,0,0,0,6.8338,6.8308,6.8879,6.8288,0.6912,-3.7436,-2.0809,-0.57012,8.0349,2.2269
5.24,4.2539,5.2187,3.8539,0.22339,-0.094477,0.3693,0.8971,4.6102,4.9999,0.33902,0.31618,-0.22598,-0.016448,-0.049465,-5.1536,-0.14354,0,0,0,6.833,6.8294,6.888,6.8285,0.68536,-3.6632,-2.058,-0.59715,8.0521,2.3382
5.25,4.3,5.2685,3.8573,0.22549,-0.094218,0.36648,0.89776,4.6097,4.9482,0.33748,0.31184,-0.21923,-0.01631,-0.042641,-5.1898,-0.164,0,0,0,6.8321,6.828,6.8882,6.8282,0.67926,-3.5826,-2.0341,-0.62448,8.0675,2.4466
5.26,4.3461,5.3177,3.8607,0.22757,-0.093926,0.36362,0.89843,4.6093,4.8961,0.33574,0.30739,-0.2125,-0.016166,-0.035881,-5.2253,-0.18422,0,0,0,6.8313,6.8266,6.8883,6.828,0.67287,-3.5018,-2.0091,-0.65215,8.0811,2.5518
5.27,4.3922,5.3664,3.864,0.22961,-0.0936,0.36072,0.89911,4.609,4.8437,0.3338,0.30284,-0.20579,-0.016017,-0.029185,-5.2599,-0.20418,0,0,0,6.8304,6.8251,6.8885,6.8278,0.66621,-3.421,-1.9831,-0.68023,8.0929,2.6539
5.28,4.4383,5.4146,3.8673,0.23162,-0.09324,0.35778,0.89981,4.6087,4.7909,0.33166,0.29817,-0.19909,-0.015863,-0.022557,-5.2937,-0.22388,0,0,0,6.8295,6.8236,6.8886,6.8276,0.65927,-3.34,-1.9561,-0.70871,8.103,2.7528
5.29,4.4843,5.4622,3.8707,0.2336,-0.092848,0.3548,0.90052,4.6085,4.7378,0.32932,0.29341,-0.19243,-0.015702,-0.016001,-5.3267,-0.2433,0,0,0,6.8286,6.822,6.8888,6.8274,0.65204,-3.2589,-1.928,-0.7376,8.1114,2.8486
5.3,4.5304,5.5093,3.8739,0.23554,-0.092422,0.35178,0.90124,4.6084,4.6844,0.32679,0.28853,-0.1858,-0.015535,-0.0095175,-5.3589,-0.26243,0,0,0,6.8277,6.8205,6.8889,6.8272,0.64451,-3.1778,-1.8991,-0.76688,8.1179,2.9414
5.31,4.5765,5.5559,3.8772,0.23746,-0.091963,0.34872,0.90197,4.6083,4.6306,0.32408,0.28355,-0.1792,-0.015362,-0.0031112,-5.3902,-0.28128,0,0,0,6.8267,6.8188,6.8891,6.8271,0.6367,-3.0965,-1.8692,-0.79653,8.1227,3.0313
5.32,4.6226,5.6019,3.8804,0.23934,-0.091471,0.34562,0.90272,4.6083,4.5766,0.32117,0.27846,-0.17265,-0.015182,0.0032154,-5.4208,-0.29982,0,0,0,6.8257,6.8172,6.8892,6.827,0.62858,-3.0153,-1.8385,-0.82656,8.1257,3.1184
5.33,4.6687,5.6474,3.8836,0.24118,-0.090947,0.34248,0.90347,4.6084,4.5222,0.31808,0.27327,-0.16614,-0.014995,0.0094594,-5.4505,-0.31804,0,0,0,6.8248,6.8155,6.8893,6.8269,0.62016,-2.934,-1.8069,-0.85695,8.1269,3.2029
5.34,4.7148,5.6924,3.8868,0.243,-0.09039,0.3393,0.90424,4.6085,4.4676,0.31481,0.26797,-0.15968,-0.014802,0.015618,-5.4795,-0.33595,0,0,0,6.8237,6.8138,6.8895,6.8269,0.61144,-2.8528,-1.7744,-0.88769,8.1263,3.2848
5.35,4.7609,5.7368,3.8899,0.24477,-0.089801,0.33608,0.90503,4.6087,4.4126,0.31136,0.26257,-0.15329,-0.014601,0.021687,-5.5076,-0.35353,0,0,0,6.8227,6.8121,6.8896,6.8269,0.60241,-2.7715,-1.7412,-0.91877,8.1239,3.3642
5.36,4.8069,5.7806,3.893,0.24652,-0.08918,0.33282,0.90582,4.609,4.3574,0.30774,0.25706,-0.14695,-0.014393,0.027665,-5.5349,-0.37077,0,0,0,6.8216,6.8103,6.8897,6.8268,0.59307,-2.6903,-1.7072,-0.95017,8.1197,3.4413
5.37,4.853,5.8239,3.8961,0.24822,-0.088528,0.32952,0.90662,4.6093,4.3019,0.30395,0.25144,-0.14068,-0.014178,0.033547,-5.5614,-0.38767,0,0,0,6.8206,6.8085,6.8899,6.8268,0.58341,-2.6091,-1.6724,-0.9819,8.1137,3.516
5.38,4.8991,5.8667,3.8991,0.2499,-0.087844,0.32618,0.90744,4.6096,4.2462,0.29999,0.24573,-0.13448,-0.013955,0.039332,-5.5871,-0.40422,0,0,0,6.8195,6.8066,6.89,6.8269,0.57343,-2.528,-1.6368,-1.0139,8.1059,3.5887
5.39,4.9452,5.9089,3.9021,0.25153,-0.087129,0.3228,0.90826,4.6101,4.1902,0.29586,0.2399,-0.12835,-0.013724,0.045015,-5.612,-0.4204,0,0,0,6.8183,6.8048,6.8901,6.8269,0.56313,-2.447,-1.6006,-1.0463,8.0963,3.6593
5.4,4.9913,5.9505,3.905,0.25313,-0.086383,0.31938,0.9091,4.6105,4.1339,0.29158,0.23398,-0.1223,-0.013485,0.050593,-5.636,-0.43623,0,0,0,6.8172,6.8029,6.8902,6.827,0.5525,-2.3661,-1.5637,-1.0789,8.0848,3.7279
5.41,5.0374,5.9915,3.9079,0.25469,-0.085607,0.31592,0.90994,4.6111,4.0775,0.28714,0.22796,-0.11634,-0.013238,0.056064,-5.6593,-0.45168,0,0,0,6.816,6.8009,6.8903,6.827,0.54155,-2.2853,-1.526,-1.1118,8.0716,3.7947
5.42,5.0835,6.032,3.9107,0.25622,-0.084801,0.31242,0.9108,4.6117,4.0208,0.28255,0.22184,-0.11047,-0.012983,0.061423,-5.6817,-0.46675,0,0,0,6.8148,6.7989,6.8903,6.8271,0.53026,-2.2047,-1.4878,-1.1449,8.0564,3.8597
5.43,5.1297,6.0719,3.9135,0.2577,-0.083966,0.30887,0.91167,4.6123,3.9638,0.27781,0.21561,-0.1047,-0.012719,0.066668,-5.7034,-0.48143,0,0,0,6.8135,6.7969,6.8904,6.8272,0.51865,-2.1242,-1.4489,-1.1784,8.0395,3.9231
5.44,5.1758,6.1113,3.9163,0.25915,-0.083101,0.30529,0.91254,4.613,3.9067,0.27292,0.20929,-0.09902,-0.012447,0.071795,-5.7242,-0.49572,0,0,0,6.8123,6.7949,6.8905,6.8273,0.5067,-2.0439,-1.4093,-1.212,8.0206,3.985
5.45,5.2219,6.1501,3.919,0.26057,-0.082207,0.30167,0.91342,4.6137,3.8493,0.26789,0.20288,-0.093446,-0.012166,0.076801,-5.7443,-0.50961,0,0,0,6.811,6.7928,6.8905,6.8275,0.49441,-1.9638,-1.3692,-1.2459,8,4.0454
5.46,5.2681,6.1883,3.9217,0.26194,-0.081286,0.298,0.91432,4.6145,3.7918,0.26273,0.19637,-0.08798,-0.011876,0.081682,-5.7635,-0.5231,0,0,0,6.8096,6.7907,6.8906,6.8276,0.48178,-1.8839,-1.3284,-1.2801,7.9775,4.1045
5.47,5.3142,6.2259,3.9243,0.26327,-0.080336,0.2943,0.91522,4.6154,3.7341,0.25743,0.18976,-0.082627,-0.011577,0.086435,-5.7819,-0.53618,0,0,0,6.8083,6.7886,6.8906,6.8277,0.4688,-1.8043,-1.2871,-1.3144,7.9531,4.1624
5.48,5.3604,6.263,3.9268,0.26457,-0.079359,0.29055,0.91613,4.6163,3.6762,0.25201,0.18307,-0.077391,-0.011269,0.091057,-5.7996,-0.54884,0,0,0,6.8069,6.7864,6.8906,6.8279,0.45549,-1.7249,-1.2452,-1.349,7.9268,4.2191
5.49,5.4065,6.2994,3.9293,0.26582,-0.078356,0.28677,0.91704,4.6172,3.6181,0.24646,0.17628,-0.072276,-0.010951,0.095544,-5.8164,-0.56108,0,0,0,6.8055,6.7842,6.8906,6.8281,0.44182,-1.6457,-1.2027,-1.3837,7.8987,4.2748
5.5,5.4527,6.3353,3.9317,0.26704,-0.077327,0.28294,0.91796,4.6182,3.5598,0.24079,0.16941,-0.067287,-0.010624,0.099892,-5.8325,-0.57289,0,0,0,6.8041,6.782,6.8906,6.8283,0.42781,-1.5669,-1.1597,-1.4186,7.8687,4.3297
5.51,5.4989,6.3706,3.9341,0.26821,-0.076272,0.27908,0.91889,4.6192,3.5014,0.235,0.16244,-0.062429,-0.010287,0.1041,-5.8478,-0.58427,0,0,0,6.8027,6.7797,6.8906,6.8285,0.41345,-1.4884,-1.1161,-1.4537,7.8368,4.3837
5.52,5.5451,6.4054,3.9364,0.26934,-0.075191,0.27517,0.91983,4.6202,3.4429,0.2291,0.1554,-0.057704,-0.0099404,0.10816,-5.8623,-0.59521,0,0,0,6.8012,6.7774,6.8905,6.8287,0.39874,-1.4102,-1.072,-1.489,7.803,4.437
5.53,5.5913,6.4395,3.9387,0.27044,-0.074087,0.27123,0.92077,4.6213,3.3842,0.2231,0.14827,-0.053119,-0.009584,0.11207,-5.876,-0.60571,0,0,0,6.7997,6.7751,6.8905,6.8289,0.38367,-1.3323,-1.0274,-1.5244,7.7673,4.4897
5.54,5.6375,6.473,3.9409,0.27149,-0.072959,0.26724,0.92171,4.6225,3.3254,0.21699,0.14106,-0.048676,-0.0092177,0.11583,-5.8889,-0.61576,0,0,0,6.7982,6.7728,6.8904,6.8291,0.36825,-1.2548,-0.98221,-1.56,7.7297,4.5419
5.55,5.6838,6.506,3.943,0.2725,-0.071808,0.26322,0.92266,4.6237,3.2664,0.21079,0.13378,-0.04438,-0.0088413,0.11944,-5.9011,-0.62535,0,0,0,6.7967,6.7705,6.8904,6.8294,0.35247,-1.1777,-0.93653,-1.5957,7.6903,4.5937
5.56,5.73,6.5384,3.9451,0.27347,-0.070634,0.25915,0.92362,4.6249,3.2074,0.20449,0.12642,-0.040235,-0.0084548,0.12288,-5.9125,-0.63449,0,0,0,6.7951,6.7681,6.8903,6.8297,0.33633,-1.101,-0.89034,-1.6315,7.6489,4.6449
5.57,5.7763,6.5701,3.9471,0.27439,-0.069439,0.25505,0.92457,4.6261,3.1482,0.1981,0.11898,-0.036245,-0.008058,0.12616,-5.9231,-0.64316,0,0,0,6.7936,6.7658,6.8902,6.8299,0.31984,-1.0247,-0.84364,-1.6674,7.6056,4.6953
5.58,5.8225,6.6013,3.9491,0.27528,-0.068223,0.2509,0.92554,4.6274,3.0889,0.19162,0.11148,-0.032414,-0.0076508,0.12928,-5.933,-0.65136,0,0,0,6.792,6.7634,6.8901,6.8302,0.30299,-0.94891,-0.79644,-1.7033,7.5604,4.7445
5.59,5.8688,6.6319,3.951,0.27612,-0.066987,0.24672,0.9265,4.6287,3.0295,0.18507,0.10391,-0.028745,-0.0072333,0.13222,-5.9421,-0.65909,0,0,0,6.7905,6.7611,6.89,6.8306,0.28577,-0.87354,-0.74875,-1.7392,7.5134,4.7922
5.6,5.9151,6.6619,3.9528,0.27692,-0.065732,0.2425,0.92746,4.63,2.9701,0.17844,0.096282,-0.025244,-0.0068054,0.13499,-5.9504,-0.66633,0,0,0,6.7889,6.7587,6.8899,6.8309,0.2682,-0.79865,-0.7006,-1.7751,7.4645,4.8379
5.61,5.9614,6.6913,3.9545,0.27767,-0.064457,0.23824,0.92843,4.6314,2.9105,0.17175,0.088593,-0.021913,-0.006367,0.13758,-5.958,-0.6731,0,0,0,6.7873,6.7563,6.8898,6.8312,0.25027,-0.72426,-0.652,-1.8109,7.4137,4.8814
5.62,6.0077,6.7201,3.9562,0.27839,-0.063166,0.23394,0.9294,4.6328,2.8509,0.16498,0.08085,-0.018757,-0.0059181,0.13999,-5.9649,-0.67937,0,0,0,6.7857,6.754,6.8897,6.8316,0.23198,-0.65038,-0.60298,-1.8466,7.3611,4.9223
5.63,6.0541,6.7483,3.9578,0.27906,-0.061857,0.2296,0.93037,4.6342,2.7912,0.15816,0.073059,-0.01578,-0.0054588,0.14222,-5.9711,-0.68515,0,0,0,6.7842,6.7516,6.8896,6.832,0.21334,-0.57704,-0.55357,-1.8822,7.3066,4.9602
5.64,6.1004,6.776,3.9594,0.27968,-0.060532,0.22523,0.93134,4.6356,2.7315,0.15128,0.065223,-0.012984,-0.004989,0.14426,-5.9765,-0.69044,0,0,0,6.7826,6.7493,6.8894,6.8325,0.19434,-0.50425,-0.50379,-1.9176,7.2504,4.9949
5.65,6.1468,6.803,3.9608,0.28026,-0.059192,0.22082,0.9323,4.6371,2.6717,0.14435,0.05735,-0.010374,-0.0045089,0.14611,-5.9811,-0.69523,0,0,0,6.781,6.747,6.8893,6.8329,0.17499,-0.43204,-0.45368,-1.9527,7.1923,5.0259
5.66,6.1932,6.8294,3.9623,0.2808,-0.057837,0.21637,0.93327,4.6386,2.6119,0.13738,0.049443,-0.0079535,-0.0040183,0.14776,-5.9851,-0.69951,0,0,0,6.7795,6.7448,6.8891,6.8334,0.15529,-0.36042,-0.40328,-1.9877,7.1324,5.053
5.67,6.2395,6.8552,3.9636,0.2813,-0.05647,0.21188,0.93423,4.64,2.552,0.13037,0.04151,-0.0057252,-0.0035175,0.14921,-5.9884,-0.70329,0,0,0,6.778,6.7425,6.889,6.8339,0.13524,-0.2894,-0.35264,-2.0223,7.0706,5.0757
5.68,6.286,6.8804,3.9649,0.28175,-0.05509,0.20736,0.93519,4.6415,2.4921,0.12332,0.033558,-0.0036925,-0.0030065,0.15046,-5.9909,-0.70657,0,0,0,6.7765,6.7404,6.8888,6.8345,0.11484,-0.21901,-0.30178,-2.0566,7.0071,5.0938
5.69,6.3324,6.9051,3.9661,0.28215,-0.053698,0.20281,0.93615,4.6431,2.4322,0.11624,0.025592,-0.0018583,-0.0024854,0.15151,-5.9927,-0.70933,0,0,0,6.775,6.7382,6.8886,6.8351,0.094105,-0.14926,-0.25078,-2.0906,6.9419,5.1068
5.7,6.3788,6.9291,3.9672,0.28252,-0.052296,0.19822,0.9371,4.6446,2.3722,0.10913,0.01762,-0.00022536,-0.0019542,0.15234,-5.9939,-0.71158,0,0,0,6.7736,6.7361,6.8885,6.8357,0.073031,-0.080177,-0.19967,-2.1241,6.8748,5.1145
5.71,6.4253,6.9525,3.9682,0.28283,-0.050884,0.19359,0.93805,4.6461,2.3123,0.10201,0.0096505,0.0012037,-0.0014133,0.15297,-5.9943,-0.71332,0,0,0,6.7721,6.7341,6.8883,6.8363,0.051624,-0.011772,-0.14851,-2.1573,6.806,5.1165
5.72,6.4717,6.9753,3.9692,0.28311,-0.049464,0.18893,0.93899,4.6476,2.2524,0.094866,0.00169,0.0024267,-0.00086256,0.15337,-5.9941,-0.71455,0,0,0,6.7708,6.7321,6.8881,6.837,0.029888,0.055937,-0.097355,-2.1899,6.7354,5.1125
5.73,6.5182,6.9975,3.9701,0.28334,-0.048036,0.18424,0.93993,4.6492,2.1924,0.087717,-0.0062528,0.0034415,-0.00030233,0.15356,-5.9932,-0.71527,0,0,0,6.7694,6.7302,6.8879,6.8377,0.007827,0.12293,-0.046277,-2.2221,6.6631,5.102
5.74,6.5647,7.0192,3.971,0.28352,-0.046602,0.17951,0.94086,4.6507,2.1325,0.080563,-0.01417,0.0042464,0.00026726,0.15353,-5.9917,-0.71548,0,0,0,6.7681,6.7284,6.8877,6.8385,-0.014553,0.18919,0.004663,-2.2537,6.589,5.0848
5.75,6.6112,7.0402,3.9717,0.28367,-0.045162,0.17475,0.94178,4.6522,2.0726,0.073409,-0.022051,0.00484,0.00084601,0.15327,-5.9894,-0.71518,0,0,0,6.7668,6.7267,6.8875,6.8393,-0.037245,0.25471,0.055396,-2.2848,6.5133,5.0605
5.76,6.6578,7.0606,3.9724,0.28377,-0.043718,0.16996,0.9427,4.6538,2.0127,0.066261,-0.029889,0.005221,0.0014337,0.15278,-5.9866,-0.71437,0,0,0,6.7656,6.725,6.8873,6.8401,-0.060246,0.31945,0.10585,-2.3152,6.4358,5.0288
5.77,6.7043,7.0805,3.9731,0.28382,-0.042271,0.16514,0.9436,4.6553,1.9529,0.059123,-0.037673,0.0053886,0.0020301,0.15207,-5.9831,-0.71306,0,0,0,6.7644,6.7234,6.8871,6.841,-0.083547,0.38342,0.15595,-2.345,6.3566,4.9893
5.78,6.7509,7.0997,3.9736,0.28384,-0.040821,0.16029,0.9445,4.6568,1.8931,0.052001,-0.045395,0.0053424,0.002635,0.15111,-5.9789,-0.71125,0,0,0,6.7633,6.7219,6.8869,6.8419,-0.10714,0.44658,0.20561,-2.3741,6.2757,4.9417
5.79,6.7975,7.1183,3.9741,0.28381,-0.039371,0.15541,0.94538,4.6583,1.8333,0.0449,-0.053044,0.0050822,0.0032481,0.14992,-5.9741,-0.70895,0,0,0,6.7622,6.7205,6.8866,6.8428,-0.13103,0.50892,0.25475,-2.4025,6.1931,4.8856
5.8,6.844,7.1363,3.9745,0.28373,-0.03792,0.15051,0.94626,4.6598,1.7736,0.037824,-0.06061,0.0046084,0.0038691,0.14849,-5.9687,-0.70616,0,0,0,6.7611,6.7192,6.8864,6.8438,-0.15519,0.57043,0.30329,-2.4301,6.1088,4.8207
5.81,6.8906,7.1538,3.9749,0.28362,-0.03647,0.14557,0.94712,4.6613,1.7139,0.030778,-0.068082,0.0039215,0.0044977,0.14682,-5.9627,-0.70289,0,0,0,6.7601,6.7179,6.8862,6.8448,-0.17963,0.63109,0.35114,-2.457,6.0229,4.7467
5.82,6.9373,7.1706,3.9751,0.28346,-0.035022,0.14061,0.94797,4.6627,1.6543,0.023768,-0.075452,0.0030227,0.0051337,0.1449,-5.9561,-0.69914,0,0,0,6.7592,6.7168,6.8859,6.8459,-0.20433,0.69089,0.39819,-2.483,5.9353,4.6631
5.83,6.9839,7.1869,3.9753,0.28327,-0.033578,0.13562,0.94881,4.6642,1.5948,0.016797,-0.082707,0.0019133,0.0057768,0.14273,-5.9489,-0.69493,0,0,0,6.7583,6.7158,6.8857,6.847,-0.22929,0.7498,0.44437,-2.5082,5.8461,4.5697
5.84,7.0305,7.2025,3.9755,0.28303,-0.032137,0.13061,0.94963,4.6656,1.5353,0.0098706,-0.089837,0.0005954,0.0064265,0.14031,-5.9411,-0.69026,0,0,0,6.7574,6.7149,6.8854,6.8481,-0.25449,0.8078,0.48955,-2.5325,5.7552,4.4666
5.85,7.0772,7.2176,3.9755,0.28275,-0.030703,0.12557,0.95044,4.667,1.476,0.0029933,-0.096832,-0.00092864,0.0070826,0.13764,-5.9328,-0.68514,0,0,0,6.7566,6.714,6.8851,6.8492,-0.27993,0.8649,0.53367,-2.5559,5.663,4.3549
5.86,7.1239,7.232,3.9755,0.28244,-0.029274,0.12051,0.95124,4.6683,1.4167,-0.0038307,-0.10368,-0.0026558,0.0077448,0.13471,-5.9238,-0.67959,0,0,0,6.7558,6.7133,6.8848,6.8504,-0.3056,0.92106,0.57663,-2.5785,5.5697,4.2357
5.87,7.1706,7.2459,3.9755,0.28208,-0.027853,0.11543,0.95201,4.6697,1.3575,-0.010597,-0.11038,-0.0045824,0.0084127,0.13153,-5.9143,-0.67361,0,0,0,6.7551,6.7127,6.8845,6.8515,-0.3315,0.97629,0.61836,-2.6003,5.4753,4.1102
5.88,7.2173,7.2592,3.9753,0.28169,-0.026441,0.11033,0.95278,4.671,1.2984,-0.017302,-0.11692,-0.0067045,0.009086,0.12808,-5.9043,-0.66722,0,0,0,6.7544,6.7122,6.8843,6.8527,-0.35761,1.0306,0.65881,-2.6213,5.3802,3.9795
5.89,7.264,7.2719,3.9751,0.28126,-0.025038,0.1052,0.95352,4.6722,1.2394,-0.02394,-0.12329,-0.0090176,0.0097644,0.12437,-5.8937,-0.66044,0,0,0,6.7538,6.7117,6.884,6.8539,-0.38392,1.0839,0.69794,-2.6416,5.2845,3.8447
5.9,7.3107,7.284,3.9749,0.28079,-0.023646,0.10006,0.95425,4.6735,1.1805,-0.030509,-0.12948,-0.011517,0.010448,0.1204,-5.8826,-0.65327,0,0,0,6.7532,6.7113,6.8837,6.8551,-0.41044,1.1363,0.7357,-2.6611,5.1884,3.7071
5.91,7.3575,7.2955,3.9745,0.28029,-0.022265,0.094903,0.95495,4.6746,1.1218,-0.037004,-0.1355,-0.014197,0.011135,0.11616,-5.871,-0.64573,0,0,0,6.7527,6.711,6.8834,6.8563,-0.43714,1.1877,0.77207,-2.6799,5.0921,3.5676
5.92,7.4042,7.3064,3.9741,0.27975,-0.020898,0.089728,0.95564,4.6758,1.0631,-0.043422,-0.14133,-0.017052,0.011828,0.11166,-5.8589,-0.63783,0,0,0,6.7522,6.7108,6.8831,6.8574,-0.46403,1.2381,0.80705,-2.6981,4.9959,3.4275
5.93,7.451,7.3168,3.9736,0.27918,-0.019543,0.084537,0.95631,4.6769,1.0046,-0.04976,-0.14697,-0.020077,0.012524,0.10688,-5.8462,-0.62959,0,0,0,6.7517,6.7106,6.8829,6.8586,-0.4911,1.2876,0.84062,-2.7155,4.8999,3.2879
5.94,7.4978,7.3265,3.9731,0.27857,-0.018204,0.079333,0.95696,4.6779,0.94619,-0.056013,-0.15243,-0.023265,0.013223,0.10184,-5.8331,-0.62102,0,0,0,6.7513,6.7105,6.8826,6.8598,-0.51834,1.3361,0.87281,-2.7324,4.8043,3.1499
5.95,7.5445,7.3357,3.9725,0.27793,-0.01688,0.074116,0.95759,4.6789,0.88793,-0.062179,-0.1577,-0.026611,0.013926,0.096515,-5.8195,-0.61214,0,0,0,6.7509,6.7105,6.8823,6.8609,-0.54575,1.3837,0.90363,-2.7487,4.7094,3.0147
5.96,7.5913,7.3443,3.9719,0.27726,-0.015573,0.068887,0.95819,4.6798,0.8298,-0.068255,-0.16277,-0.030108,0.014633,0.09092,-5.8055,-0.60296,0,0,0,6.7505,6.7105,6.8821,6.862,-0.57331,1.4303,0.93312,-2.7643,4.6152,2.8833
5.97,7.6381,7.3523,3.9712,0.27656,-0.014284,0.063649,0.95878,4.6807,0.77182,-0.074237,-0.16765,-0.033749,0.015342,0.085049,-5.7909,-0.59348,0,0,0,6.7502,6.7105,6.8818,6.8631,-0.60103,1.476,0.96131,-2.7794,4.5219,2.7558
5.98,7.6849,7.3597,3.9704,0.27583,-0.013013,0.058401,0.95934,4.6815,0.71399,-0.080124,-0.17234,-0.037528,0.016054,0.078899,-5.7759,-0.58373,0,0,0,6.7499,6.7106,6.8816,6.8642,-0.6289,1.5207,0.98825,-2.7939,4.4295,2.6321
5.99,7.7318,7.3666,3.9696,0.27507,-0.011761,0.053146,0.95988,4.6823,0.6563,-0.085911,-0.17683,-0.041439,0.016768,0.07247,-5.7605,-0.57372,0,0,0,6.7496,6.7108,6.8814,6.8652,-0.65691,1.5646,1.014,-2.8078,4.338,2.5122
6,7.7786,7.3728,3.9687,0.27428,-0.01053,0.047884,0.9604,4.683,0.59878,-0.091597,-0.18113,-0.045476,0.017484,0.06576,-5.7447,-0.56346,0,0,0,6.7494,6.711,6.8811,6.8662,-0.68505,1.6075,1.0385,-2.8212,4.2473,2.3959
6.01,7.8254,7.3785,3.9677,0.27347,-0.0093192,0.042618,0.96089,4.6836,0.54141,-0.09718,-0.18525,-0.049631,0.018203,0.058769,-5.7284,-0.55296,0,0,0,6.7492,6.7112,6.8809,6.8672,-0.71333,1.6495,1.0619,-2.8339,4.1574,2.2831
6.02,7.8723,7.3837,3.9667,0.27263,-0.0081305,0.037348,0.96136,4.6842,0.48421,-0.10266,-0.18916,-0.0539,0.018923,0.051493,-5.7117,-0.54222,0,0,0,6.749,6.7115,6.8806,6.8681,-0.74173,1.6906,1.0842,-2.846,4.0685,2.1737
6.03,7.9191,7.3882,3.9657,0.27176,-0.0069646,0.032076,0.96181,4.6846,0.42718,-0.10802,-0.19289,-0.058275,0.019644,0.043934,-5.6946,-0.53128,0,0,0,6.7488,6.7118,6.8804,6.869,-0.77025,1.7309,1.1054,-2.8576,3.9804,2.0677
6.04,7.966,7.3922,3.9646,0.27087,-0.0058221,0.026803,0.96223,4.685,0.37032,-0.11328,-0.19643,-0.06275,0.020367,0.036088,-5.6771,-0.52012,0,0,0,6.7487,6.7121,6.8802,6.8699,-0.79888,1.7703,1.1255,-2.8685,3.8932,1.9649
6.05,8.0128,7.3956,3.9634,0.26995,-0.0047038,0.021531,0.96262,4.6854,0.31364,-0.11843,-0.19978,-0.06732,0.02109,0.027956,-5.6592,-0.50877,0,0,0,6.7486,6.7125,6.8799,6.8707,-0.82762,1.8088,1.1447,-2.8788,3.8069,1.8652
6.06,8.0597,7.3985,3.9622,0.26901,-0.0036103,0.01626,0.96299,4.6856,0.25714,-0.12346,-0.20294,-0.071978,0.021814,0.019535,-5.6409,-0.49723,0,0,0,6.7486,6.7129,6.8796,6.8715,-0.85645,1.8464,1.1629,-2.8885,3.7215,1.7686
6.07,8.1065,7.4008,3.9609,0.26804,-0.0025425,0.010993,0.96334,4.6858,0.20082,-0.12837,-0.20591,-0.076718,0.022538,0.010826,-5.6222,-0.48551,0,0,0,6.7485,6.7134,6.8794,6.8723,-0.88538,1.8832,1.1801,-2.8976,3.637,1.6749
6.08,8.1534,7.4025,3.9596,0.26706,-0.0015009,0.0057303,0.96366,4.6858,0.1447,-0.13316,-0.2087,-0.081534,0.023263,0.0018275,-5.6032,-0.47363,0,0,0,6.7485,6.7138,6.8791,6.873,-0.9144,1.9191,1.1964,-2.906,3.5534,1.584
6.09,8.2002,7.4037,3.9583,0.26605,-0.00048627,0.00047366,0.96396,4.6858,0.08876,-0.13784,-0.2113,-0.08642,0.023987,-0.0074619,-5.5839,-0.46159,0,0,0,6.7485,6.7144,6.8788,6.8737,-0.9435,1.9543,1.2118,-2.9138,3.4707,1.4958
6.1,8.2471,7.4043,3.9569,0.26503,0.00050088,-0.0047757,0.96423,4.6857,0.03302,-0.1424,-0.21372,-0.09137,0.024711,-0.017043,-5.5641,-0.4494,0,0,0,6.7485,6.7149,6.8786,6.8744,-0.97268,1.9886,1.2263,-2.921,3.3889,1.4103
6.11,8.294,7.4043,3.9554,0.26398,0.0014599,-0.010017,0.96447,4.6855,-0.022522,-0.14683,-0.21595,-0.096379,0.025435,-0.026916,-5.5441,-0.43707,0,0,0,6.7486,6.7155,6.8783,6.875,-1.0019,2.022,1.24,-2.9276,3.308,1.3274
6.12,8.3408,7.4038,3.9539,0.26292,0.0023903,-0.015247,0.96469,4.6851,-0.077861,-0.15114,-0.21801,-0.10144,0.026157,-0.037081,-5.5237,-0.4246,0,0,0,6.7487,6.7161,6.878,6.8756,-1.0312,2.0547,1.2528,-2.9336,3.2281,1.2468
6.13,8.3877,7.4028,3.9524,0.26184,0.0032915,-0.020467,0.96489,4.6847,-0.13299,-0.15532,-0.21988,-0.10655,0.026879,-0.04754,-5.503,-0.41201,0,0,0,6.7488,6.7168,6.8777,6.8762,-1.0606,2.0866,1.2649,-2.9388,3.149,1.1686
6.14,8.4345,7.4012,3.9508,0.26074,0.0041631,-0.025675,0.96506,4.6842,-0.18792,-0.15938,-0.22158,-0.1117,0.027599,-0.058293,-5.482,-0.39931,0,0,0,6.7489,6.7174,6.8774,6.8767,-1.09,2.1177,1.2762,-2.9435,3.0709,1.0927
6.15,8.4813,7.399,3.9492,0.25963,0.0050045,-0.030869,0.9652,4.6835,-0.24263,-0.16331,-0.2231,-0.11689,0.028317,-0.069341,-5.4606,-0.38649,0,0,0,6.7491,6.7182,6.8771,6.8772,-1.1195,2.148,1.2868,-2.9475,2.9937,1.0189
6.16,8.5282,7.3963,3.9476,0.2585,0.0058153,-0.036048,0.96532,4.6828,-0.29713,-0.16711,-0.22445,-0.12211,0.029034,-0.080683,-5.439,-0.37357,0,0,0,6.7493,6.7189,6.8768,6.8777,-1.1489,2.1776,1.2966,-2.9509,2.9175,0.94708
6.17,8.575,7.3931,3.9459,0.25736,0.0065951,-0.041211,0.96541,4.6819,-0.35141,-0.17078,-0.22563,-0.12735,0.029748,-0.09232,-5.4171,-0.36056,0,0,0,6.7495,6.7197,6.8764,6.8781,-1.1785,2.2064,1.3057,-2.9535,2.8421,0.87724
6.18,8.6218,7.3893,3.9442,0.2562,0.0073436,-0.046357,0.96548,4.6809,-0.40547,-0.17432,-0.22664,-0.13261,0.030461,-0.10425,-5.3949,-0.34746,0,0,0,6.7498,6.7205,6.8761,6.8785,-1.208,2.2344,1.3142,-2.9556,2.7678,0.80924
6.19,8.6686,7.385,3.9424,0.25503,0.0080603,-0.051484,0.96553,4.6798,-0.45931,-0.17773,-0.22748,-0.13789,0.03117,-0.11648,-5.3724,-0.33428,0,0,0,6.75,6.7213,6.8758,6.8789,-1.2376,2.2617,1.3219,-2.957,2.6943,0.74298
6.2,8.7154,7.3801,3.9406,0.25385,0.008745,-0.056593,0.96555,4.6786,-0.51292,-0.181,-0.22816,-0.14318,0.031877,-0.129,-5.3497,-0.32102,0,0,0,6.7503,6.7222,6.8754,6.8792,-1.2672,2.2883,1.329,-2.9577,2.6219,0.67837
6.21,8.7622,7.3747,3.9388,0.25266,0.0093974,-0.061681,0.96554,4.6773,-0.5663,-0.18415,-0.22867,-0.14848,0.032581,-0.14182,-5.3266,-0.3077,0,0,0,6.7507,6.7231,6.8751,6.8796,-1.2967,2.3142,1.3355,-2.9577,2.5503,0.6153
6.22,8.809,7.3688,3.9369,0.25146,0.010017,-0.066748,0.96551,4.6758,-0.61945,-0.18716,-0.22903,-0.15378,0.033281,-0.15494,-5.3034,-0.29432,0,0,0,6.751,6.7241,6.8748,6.8798,-1.3263,2.3393,1.3413,-2.9571,2.4798,0.55367
6.23,8.8557,7.3623,3.935,0.25025,0.010604,-0.071792,0.96546,4.6742,-0.67237,-0.19003,-0.22923,-0.15907,0.033978,-0.16835,-5.2799,-0.28088,0,0,0,6.7514,6.7251,6.8744,6.8801,-1.3559,2.3638,1.3466,-2.9558,2.4101,0.49339
6.24,8.9024,7.3553,3.9331,0.24903,0.011158,-0.076813,0.96538,4.6724,-0.72505,-0.19277,-0.22927,-0.16436,0.034671,-0.18206,-5.2561,-0.26739,0,0,0,6.7519,6.7261,6.8741,6.8804,-1.3854,2.3875,1.3512,-2.9538,2.3415,0.43435
6.25,8.9491,7.3478,3.9312,0.2478,0.011679,-0.08181,0.96528,4.6705,-0.77749,-0.19538,-0.22916,-0.16963,0.03536,-0.19606,-5.2321,-0.25385,0,0,0,6.7523,6.7271,6.8737,6.8806,-1.4149,2.4106,1.3553,-2.9511,2.2738,0.37646
6.26,8.9958,7.3398,3.9292,0.24656,0.012166,-0.086783,0.96516,4.6685,-0.82969,-0.19785,-0.22891,-0.17489,0.036045,-0.21035,-5.2079,-0.24028,0,0,0,6.7528,6.7282,6.8734,6.8808,-1.4444,2.433,1.3587,-2.9478,2.2071,0.31962
6.27,9.0425,7.3312,3.9272,0.24532,0.01262,-0.091729,0.96501,4.6663,-0.88165,-0.20019,-0.2285,-0.18013,0.036725,-0.22495,-5.1835,-0.22668,0,0,0,6.7533,6.7293,6.873,6.8809,-1.4739,2.4548,1.3617,-2.9437,2.1414,0.26372
6.28,9.0892,7.3221,3.9252,0.24407,0.013041,-0.096649,0.96484,4.664,-0.93336,-0.20238,-0.22796,-0.18534,0.037401,-0.23983,-5.1588,-0.21305,0,0,0,6.7539,6.7305,6.8727,6.8811,-1.5033,2.4758,1.364,-2.939,2.0767,0.20868
6.29,9.1358,7.3126,3.9232,0.24281,0.013428,-0.10154,0.96465,4.6615,-0.98482,-0.20445,-0.22727,-0.19053,0.038072,-0.25501,-5.1339,-0.1994,0,0,0,6.7545,6.7317,6.8723,6.8812,-1.5327,2.4963,1.3658,-2.9336,2.013,0.15438
6.3,9.1824,7.3024,3.9211,0.24155,0.013781,-0.10641,0.96444,4.6589,-1.036,-0.20637,-0.22645,-0.19569,0.038738,-0.27049,-5.1089,-0.18574,0,0,0,6.7551,6.7329,6.872,6.8813,-1.562,2.5161,1.3671,-2.9274,1.9502,0.10073
6.31,9.229,7.2918,3.919,0.24029,0.0141,-0.11124,0.9642,4.6561,-1.087,-0.20816,-0.22549,-0.20081,0.039398,-0.28625,-5.0836,-0.17206,0,0,0,6.7558,6.7342,6.8717,6.8814,-1.5912,2.5353,1.3678,-2.9206,1.8884,0.047638
6.32,9.2755,7.2807,3.917,0.23902,0.014386,-0.11605,0.96395,4.6532,-1.1377,-0.20981,-0.2244,-0.20589,0.040053,-0.30231,-5.0582,-0.15838,0,0,0,6.7565,6.7355,6.8713,6.8815,-1.6204,2.5539,1.3681,-2.913,1.8277,-0.0050055
6.33,9.322,7.2691,3.9148,0.23775,0.014639,-0.12083,0.96367,4.6501,-1.1882,-0.21133,-0.22318,-0.21093,0.040702,-0.31866,-5.0325,-0.1447,0,0,0,6.7572,6.7368,6.871,6.8816,-1.6495,2.5719,1.3678,-2.9048,1.7679,-0.057296
6.34,9.3685,7.2569,3.9127,0.23648,0.014857,-0.12557,0.96337,4.6468,-1.2384,-0.21271,-0.22183,-0.21592,0.041345,-0.3353,-5.0067,-0.13103,0,0,0,6.758,6.7382,6.8707,6.8816,-1.6785,2.5892,1.3669,-2.8958,1.7092,-0.10933
6.35,9.415,7.2443,3.9106,0.2352,0.015043,-0.13029,0.96306,4.6433,-1.2883,-0.21395,-0.22036,-0.22086,0.041983,-0.35223,-4.9808,-0.11737,0,0,0,6.7588,6.7396,6.8703,6.8816,-1.7074,2.606,1.3656,-2.8861,1.6515,-0.16122
6.36,9.4614,7.2312,3.9084,0.23393,0.015195,-0.13497,0.96272,4.6397,-1.338,-0.21506,-0.21877,-0.22576,0.042613,-0.36945,-4.9546,-0.10372,0,0,0,6.7596,6.741,6.87,6.8817,-1.7362,2.6223,1.3637,-2.8756,1.5947,-0.21304
6.37,9.5078,7.2176,3.9063,0.23265,0.015313,-0.13963,0.96236,4.636,-1.3874,-0.21602,-0.21707,-0.2306,0.043238,-0.38695,-4.9283,-0.090095,0,0,0,6.7605,6.7425,6.8697,6.8817,-1.7649,2.6379,1.3613,-2.8645,1.5391,-0.26488
6.38,9.5541,7.2034,3.9041,0.23138,0.015399,-0.14425,0.96199,4.632,-1.4365,-0.21686,-0.21525,-0.23539,0.043855,-0.40474,-4.9019,-0.076496,0,0,0,6.7614,6.744,6.8694,6.8817,-1.7935,2.6531,1.3584,-2.8526,1.4844,-0.3167
6.39,9.6004,7.1888,3.902,0.2301,0.015452,-0.14884,0.96159,4.6279,-1.4854,-0.21755,-0.21331,-0.24011,0.044466,-0.42282,-4.8753,-0.062929,0,0,0,6.7624,6.7455,6.8691,6.8816,-1.822,2.6676,1.355,-2.84,1.4307,-0.36848
6.4,9.6467,7.1737,3.8998,0.22883,0.015472,-0.15339,0.96118,4.6235,-1.534,-0.21812,-0.21127,-0.24478,0.04507,-0.44118,-4.8485,-0.049398,0,0,0,6.7634,6.7471,6.8689,6.8816,-1.8503,2.6817,1.351,-2.8267,1.3779,-0.42019
6.41,9.6929,7.1581,3.8976,0.22756,0.015459,-0.15792,0.96075,4.619,-1.5824,-0.21854,-0.20913,-0.24938,0.045666,-0.45983,-4.8216,-0.03591,0,0,0,6.7644,6.7487,6.8686,6.8816,-1.8785,2.6952,1.3466,-2.8127,1.3262,-0.47179
6.42,9.739,7.1421,3.8954,0.22629,0.015414,-0.16241,0.9603,4.6143,-1.6305,-0.21883,-0.20689,-0.25391,0.046255,-0.47875,-4.7946,-0.022469,0,0,0,6.7654,6.7504,6.8683,6.8816,-1.9065,2.7082,1.3416,-2.798,1.2754,-0.52326
6.43,9.7852,7.1255,3.8932,0.22502,0.015338,-0.16686,0.95984,4.6095,-1.6783,-0.21899,-0.20454,-0.25838,0.046836,-0.49796,-4.7675,-0.0090798,0,0,0,6.7665,6.752,6.8681,6.8815,-1.9344,2.7207,1.3361,-2.7825,1.2256,-0.57457
6.44,9.8312,7.1085,3.891,0.22376,0.015229,-0.17129,0.95935,4.6044,-1.7258,-0.21902,-0.2021,-0.26278,0.04741,-0.51744,-4.7402,0.0042516,0,0,0,6.7676,6.7537,6.8678,6.8815,-1.9622,2.7327,1.3301,-2.7664,1.1767,-0.62568
6.45,9.8772,7.091,3.8888,0.2225,0.015089,-0.17568,0.95885,4.5991,-1.7731,-0.21891,-0.19957,-0.26711,0.047976,-0.5372,-4.7128,0.01752,0,0,0,6.7688,6.7554,6.8676,6.8814,-1.9898,2.7442,1.3236,-2.7496,1.1287,-0.67657
6.46,9.9232,7.0731,3.8867,0.22125,0.014917,-0.18004,0.95834,4.5936,-1.8201,-0.21867,-0.19695,-0.27136,0.048534,-0.55724,-4.6853,0.030722,0,0,0,6.7699,6.7572,6.8674,6.8813,-2.0172,2.7553,1.3166,-2.7321,1.0816,-0.72721
6.47,9.9691,7.0546,3.8845,0.22,0.014715,-0.18436,0.95781,4.588,-1.8668,-0.21829,-0.19424,-0.27554,0.049084,-0.57754,-4.6577,0.04385,0,0,0,6.7711,6.7589,6.8672,6.8813,-2.0444,2.7659,1.309,-2.7139,1.0354,-0.77756
6.48,10.015,7.0357,3.8823,0.21876,0.014482,-0.18865,0.95726,4.5821,-1.9132,-0.21779,-0.19145,-0.27964,0.049626,-0.59812,-4.63,0.056901,0,0,0,6.7724,6.7607,6.867,6.8812,-2.0715,2.776,1.301,-2.695,0.9901,-0.8276
6.49,10.061,7.0164,3.8801,0.21752,0.014219,-0.19291,0.9567,4.576,-1.9594,-0.21716,-0.18858,-0.28367,0.05016,-0.61897,-4.6022,0.069869,0,0,0,6.7736,6.7626,6.8668,6.8811,-2.0983,2.7857,1.2925,-2.6755,0.94568,-0.8773
6.5,10.106,6.9965,3.8779,0.21629,0.013926,-0.19713,0.95612,4.5697,-2.0053,-0.21639,-0.18563,-0.28762,0.050685,-0.64009,-4.5743,0.082749,0,0,0,6.7749,6.7644,6.8666,6.881,-2.125,2.7949,1.2835,-2.6553,0.90212,-0.92662
6.51,10.152,6.9763,3.8758,0.21507,0.013604,-0.20132,0.95553,4.5632,-2.0509,-0.2155,-0.18261,-0.29149,0.051201,-0.66147,-4.5463,0.095537,0,0,0,6.7763,6.7663,6.8665,6.881,-2.1514,2.8037,1.274,-2.6344,0.85941,-0.97554
6.52,10.198,6.9555,3.8736,0.21385,0.013252,-0.20548,0.95492,4.5565,-2.0962,-0.21448,-0.17952,-0.29528,0.051709,-0.68312,-4.5182,0.10823,0,0,0,6.7776,6.7681,6.8663,6.8809,-2.1776,2.8121,1.264,-2.6128,0.81753,-1.024
6.53,10.243,6.9343,3.8715,0.21264,0.012871,-0.2096,0.9543,4.5495,-2.1412,-0.21334,-0.17636,-0.299,0.052208,-0.70502,-4.49,0.12081,0,0,0,6.779,6.77,6.8662,6.8808,-2.2037,2.8201,1.2535,-2.5906,0.77649,-1.072
6.54,10.289,6.9127,3.8694,0.21144,0.012462,-0.21369,0.95366,4.5424,-2.186,-0.21207,-0.17314,-0.30262,0.052699,-0.72719,-4.4618,0.13329,0,0,0,6.7804,6.7719,6.866,6.8807,-2.2295,2.8276,1.2425,-2.5677,0.73625,-1.1196
6.55,10.334,6.8906,3.8673,0.21024,0.012025,-0.21775,0.95302,4.535,-2.2305,-0.21067,-0.16985,-0.30617,0.05318,-0.74961,-4.4335,0.14566,0,0,0,6.7818,6.7739,6.8659,6.8806,-2.255,2.8348,1.2311,-2.5442,0.69682,-1.1666
6.56,10.379,6.8681,3.8652,0.20906,0.01156,-0.22177,0.95235,4.5274,-2.2747,-0.20915,-0.16651,-0.30964,0.053653,-0.77229,-4.4051,0.15792,0,0,0,6.7832,6.7758,6.8658,6.8805,-2.2803,2.8416,1.2192,-2.52,0.65817,-1.213
6.57,10.425,6.8451,3.8631,0.20788,0.011067,-0.22577,0.95168,4.5195,-2.3186,-0.20751,-0.16311,-0.31302,0.054116,-0.79522,-4.3767,0.17005,0,0,0,6.7847,6.7778,6.8657,6.8804,-2.3054,2.848,1.2068,-2.4952,0.62031,-1.2589
6.58,10.47,6.8217,3.861,0.20671,0.010548,-0.22973,0.95099,4.5115,-2.3622,-0.20575,-0.15965,-0.31632,0.054571,-0.8184,-4.3482,0.18205,0,0,0,6.7862,6.7797,6.8656,6.8802,-2.3302,2.854,1.194,-2.4697,0.58321,-1.3041
6.59,10.515,6.7979,3.859,0.20556,0.010003,-0.23366,0.95029,4.5032,-2.4055,-0.20387,-0.15615,-0.31953,0.055016,-0.84182,-4.3196,0.19392,0,0,0,6.7877,6.7817,6.8655,6.8801,-2.3548,2.8596,1.1808,-2.4436,0.54686,-1.3487
6.6,10.56,6.7736,3.8569,0.20441,0.009431,-0.23755,0.94958,4.4946,-2.4486,-0.20187,-0.1526,-0.32267,0.055452,-0.86549,-4.291,0.20566,0,0,0,6.7892,6.7837,6.8654,6.88,-2.3791,2.8649,1.167,-2.4169,0.51125,-1.3927
6.61,10.605,6.7489,3.8549,0.20327,0.0088337,-0.24142,0.94885,4.4859,-2.4914,-0.19976,-0.149,-0.32571,0.055879,-0.8894,-4.2623,0.21726,0,0,0,6.7908,6.7857,6.8654,6.8799,-2.4031,2.8699,1.1529,-2.3895,0.47638,-1.4359
6.62,10.65,6.7238,3.8529,0.20214,0.0082113,-0.24526,0.94811,4.4769,-2.5338,-0.19753,-0.14536,-0.32868,0.056296,-0.91355,-4.2336,0.22872,0,0,0,6.7923,6.7877,6.8653,6.8798,-2.4269,2.8745,1.1383,-2.3615,0.44222,-1.4784
6.63,10.694,6.6982,3.851,0.20102,0.007564,-0.24906,0.94737,4.4676,-2.576,-0.19519,-0.14168,-0.33156,0.056704,-0.93794,-4.2048,0.24003,0,0,0,6.7939,6.7897,6.8653,6.8796,-2.4504,2.8787,1.1233,-2.3329,0.40877,-1.5201
6.64,10.739,6.6723,3.849,0.19992,0.0068925,-0.25284,0.9466,4.4581,-2.6179,-0.19273,-0.13796,-0.33436,0.057103,-0.96256,-4.176,0.25119,0,0,0,6.7954,6.7917,6.8652,6.8795,-2.4736,2.8826,1.1079,-2.3037,0.37601,-1.5611
6.65,10.783,6.6459,3.8471,0.19882,0.006197,-0.25658,0.94583,4.4483,-2.6596,-0.19016,-0.13421,-0.33707,0.057493,-0.98741,-4.1472,0.26219,0,0,0,6.797,6.7937,6.8652,6.8794,-2.4964,2.8862,1.0921,-2.2738,0.34393,-1.6012
6.66,10.828,6.6191,3.8452,0.19774,0.0054781,-0.2603,0.94505,4.4383,-2.7009,-0.18749,-0.13043,-0.3397,0.057872,-1.0125,-4.1183,0.27303,0,0,0,6.7986,6.7957,6.8651,6.8792,-2.519,2.8895,1.0759,-2.2434,0.31253,-1.6404
6.67,10.872,6.5919,3.8434,0.19667,0.0047361,-0.26398,0.94425,4.4281,-2.7419,-0.1847,-0.12661,-0.34225,0.058243,-1.0378,-4.0894,0.2837,0,0,0,6.8002,6.7977,6.8651,6.8791,-2.5413,2.8925,1.0593,-2.2123,0.28178,-1.6788
6.68,10.916,6.5642,3.8415,0.19561,0.0039716,-0.26764,0.94345,4.4176,-2.7827,-0.18181,-0.12277,-0.34471,0.058604,-1.0633,-4.0604,0.29421,0,0,0,6.8018,6.7997,6.8651,6.8789,-2.5633,2.8952,1.0423,-2.1807,0.25167,-1.7162
6.69,10.961,6.5362,3.8397,0.19456,0.003185,-0.27127,0.94263,4.4068,-2.8231,-0.17882,-0.1189,-0.34709,0.058955,-1.0891,-4.0315,0.30455,0,0,0,6.8035,6.8017,6.865,6.8788,-2.5849,2.8975,1.025,-2.1484,0.2222,-1.7527
6.7,11.005,6.5078,3.838,0.19352,0.0023766,-0.27487,0.9418,4.3958,-2.8633,-0.17572,-0.11501,-0.34939,0.059297,-1.115,-4.0025,0.31471,0,0,0,6.8051,6.8036,6.865,6.8786,-2.6062,2.8996,1.0073,-2.1156,0.19335,-1.7883
6.71,11.049,6.4789,3.8362,0.1925,0.0015471,-0.27845,0.94096,4.3845,-2.9032,-0.17253,-0.1111,-0.35161,0.05963,-1.1412,-3.9735,0.32469,0,0,0,6.8067,6.8056,6.865,6.8784,-2.6272,2.9014,0.98923,-2.0821,0.16511,-1.8228
6.72,11.092,6.4497,3.8345,0.19149,0.00069668,-0.282,0.94011,4.373,-2.9428,-0.16923,-0.10717,-0.35374,0.059953,-1.1676,-3.9444,0.33449,0,0,0,6.8083,6.8076,6.865,6.8782,-2.6479,2.9029,0.97084,-2.0481,0.13747,-1.8563
6.73,11.136,6.4201,3.8328,0.19049,-0.00017405,-0.28552,0.93925,4.3612,-2.9821,-0.16584,-0.10322,-0.3558,0.060266,-1.1941,-3.9154,0.34411,0,0,0,6.81,6.8096,6.8649,6.8781,-2.6682,2.9041,0.95211,-2.0135,0.11042,-1.8887
6.74,11.18,6.3901,3.8312,0.1895,-0.0010647,-0.28901,0.93838,4.3491,-3.0211,-0.16235,-0.099263,-0.35778,0.06057,-1.2209,-3.8864,0.35354,0,0,0,6.8116,6.8115,6.8649,6.8779,-2.6881,2.9051,0.93306,-1.9783,0.083934,-1.92
6.75,11.223,6.3597,3.8296,0.18853,-0.0019748,-0.29248,0.9375,4.3368,-3.0598,-0.15877,-0.09529,-0.35967,0.060864,-1.2479,-3.8573,0.36277,0,0,0,6.8132,6.8135,6.8649,6.8777,-2.7078,2.9058,0.91371,-1.9426,0.058014,-1.9502
6.76,11.266,6.3289,3.828,0.18757,-0.0029039,-0.29593,0.93661,4.3241,-3.0982,-0.15509,-0.091306,-0.36149,0.061149,-1.2751,-3.8282,0.37181,0,0,0,6.8149,6.8154,6.8649,6.8774,-2.727,2.9063,0.89406,-1.9063,0.032643,-1.9793
6.77,11.309,6.2977,3.8265,0.18662,-0.0038516,-0.29935,0.93571,4.3113,-3.1364,-0.15133,-0.087314,-0.36323,0.061425,-1.3024,-3.7992,0.38065,0,0,0,6.8165,6.8173,6.8649,6.8772,-2.7459,2.9065,0.87413,-1.8694,0.0078103,-2.0071
6.78,11.352,6.2661,3.825,0.18569,-0.0048174,-0.30275,0.93479,4.2981,-3.1742,-0.14748,-0.083316,-0.36489,0.061691,-1.33,-3.7701,0.38929,0,0,0,6.8181,6.8192,6.8648,6.877,-2.7644,2.9064,0.85392,-1.832,-0.016487,-2.0338
6.79,11.395,6.2342,3.8235,0.18477,-0.0058009,-0.30612,0.93387,4.2847,-3.2118,-0.14355,-0.079313,-0.36647,0.061947,-1.3577,-3.7411,0.39773,0,0,0,6.8197,6.8211,6.8648,6.8768,-2.7825,2.9062,0.83346,-1.794,-0.040242,-2.0593
6.8,11.438,6.2019,3.8221,0.18387,-0.0068017,-0.30947,0.93294,4.2709,-3.249,-0.13953,-0.075307,-0.36797,0.062194,-1.3856,-3.712,0.40596,0,0,0,6.8213,6.823,6.8648,6.8765,-2.8003,2.9056,0.81274,-1.7555,-0.063449,-2.0835
6.81,11.481,6.1692,3.8207,0.18298,-0.0078193,-0.31279,0.932,4.2569,-3.286,-0.13543,-0.0713,-0.3694,0.062432,-1.4137,-3.6829,0.41398,0,0,0,6.8229,6.8248,6.8647,6.8762,-2.8176,2.9049,0.79179,-1.7165,-0.086101,-2.1066
6.82,11.523,6.1362,3.8194,0.1821,-0.0088533,-0.3161,0.93104,4.2427,-3.3227,-0.13125,-0.067294,-0.37076,0.06266,-1.442,-3.6539,0.42179,0,0,0,6.8245,6.8267,6.8647,6.876,-2.8346,2.9039,0.77061,-1.677,-0.10819,-2.1285
6.83,11.566,6.1028,3.8181,0.18123,-0.0099032,-0.31938,0.93008,4.2281,-3.3591,-0.12699,-0.06329,-0.37204,0.062879,-1.4704,-3.6249,0.42939,0,0,0,6.8261,6.8285,6.8647,6.8757,-2.8512,2.9027,0.74922,-1.637,-0.12971,-2.1493
6.84,11.608,6.069,3.8169,0.18038,-0.010969,-0.32264,0.92911,4.2133,-3.3952,-0.12266,-0.05929,-0.37325,0.063089,-1.499,-3.5958,0.43678,0,0,0,6.8277,6.8303,6.8646,6.8754,-2.8673,2.9013,0.72763,-1.5965,-0.15065,-2.1688
6.85,11.65,6.0349,3.8157,0.17955,-0.012049,-0.32588,0.92813,4.1981,-3.431,-0.11826,-0.055296,-0.37438,0.06329,-1.5278,-3.5668,0.44395,0,0,0,6.8292,6.8321,6.8646,6.8751,-2.8831,2.8997,0.70585,-1.5556,-0.17102,-2.1872
6.86,11.692,6.0004,3.8145,0.17872,-0.013144,-0.32911,0.92713,4.1827,-3.4665,-0.11378,-0.05131,-0.37544,0.063481,-1.5567,-3.5379,0.45089,0,0,0,6.8308,6.8338,6.8645,6.8748,-2.8984,2.8979,0.68389,-1.5143,-0.19079,-2.2044
6.87,11.734,5.9655,3.8134,0.17792,-0.014254,-0.33231,0.92613,4.167,-3.5018,-0.10924,-0.047332,-0.37643,0.063663,-1.5857,-3.5089,0.45762,0,0,0,6.8323,6.8355,6.8645,6.8745,-2.9134,2.8959,0.66177,-1.4725,-0.20997,-2.2205
6.88,11.775,5.9304,3.8123,0.17712,-0.015377,-0.33549,0.92512,4.151,-3.5367,-0.10463,-0.043365,-0.37735,0.063837,-1.6149,-3.4799,0.46413,0,0,0,6.8338,6.8372,6.8644,6.8742,-2.9279,2.8937,0.63949,-1.4304,-0.22854,-2.2354
6.89,11.817,5.8948,3.8113,0.17634,-0.016514,-0.33865,0.92409,4.1347,-3.5714,-0.099958,-0.039409,-0.3782,0.064001,-1.6443,-3.451,0.47041,0,0,0,6.8353,6.8389,6.8643,6.8738,-2.942,2.8913,0.61706,-1.3879,-0.24651,-2.2491
6.9,11.858,5.8589,3.8103,0.17558,-0.017663,-0.3418,0.92306,4.1181,-3.6057,-0.095223,-0.035467,-0.37898,0.064157,-1.6738,-3.4221,0.47647,0,0,0,6.8368,6.8405,6.8643,6.8735,-2.9556,2.8888,0.59451,-1.3449,-0.26385,-2.2617
6.91,11.899,5.8227,3.8094,0.17483,-0.018825,-0.34492,0.92201,4.1012,-3.6398,-0.090429,-0.031539,-0.37969,0.064303,-1.7034,-3.3932,0.4823,0,0,0,6.8382,6.8422,6.8642,6.8732,-2.9689,2.8861,0.57183,-1.3017,-0.28058,-2.2731
6.92,11.94,5.7861,3.8085,0.17409,-0.02,-0.34803,0.92096,4.084,-3.6736,-0.085578,-0.027628,-0.38034,0.064441,-1.7331,-3.3644,0.48791,0,0,0,6.8397,6.8437,6.8641,6.8728,-2.9817,2.8832,0.54905,-1.258,-0.29667,-2.2834
6.93,11.981,5.7492,3.8077,0.17337,-0.021186,-0.35112,0.91989,4.0665,-3.7071,-0.080672,-0.023734,-0.38092,0.064571,-1.763,-3.3356,0.49328,0,0,0,6.8411,6.8453,6.864,6.8724,-2.994,2.8801,0.52617,-1.2141,-0.31213,-2.2926
6.94,12.021,5.712,3.8069,0.17266,-0.022383,-0.3542,0.91882,4.0488,-3.7403,-0.075713,-0.019859,-0.38143,0.064692,-1.793,-3.3068,0.49843,0,0,0,6.8425,6.8468,6.8639,6.8721,-3.006,2.8769,0.5032,-1.1698,-0.32695,-2.3006
6.95,12.062,5.6744,3.8062,0.17197,-0.023592,-0.35726,0.91773,4.0307,-3.7732,-0.070704,-0.016004,-0.38188,0.064804,-1.8231,-3.278,0.50335,0,0,0,6.8439,6.8483,6.8638,6.8717,-3.0174,2.8736,0.48016,-1.1253,-0.34111,-2.3075
6.96,12.102,5.6365,3.8055,0.17129,-0.024811,-0.3603,0.91664,4.0123,-3.8059,-0.065647,-0.01217,-0.38227,0.064908,-1.8534,-3.2493,0.50803,0,0,0,6.8452,6.8498,6.8637,6.8713,-3.0285,2.8701,0.45706,-1.0805,-0.35462,-2.3132
6.97,12.142,5.5983,3.8049,0.17063,-0.02604,-0.36333,0.91553,3.9936,-3.8382,-0.060544,-0.0083588,-0.38259,0.065004,-1.8837,-3.2206,0.51249,0,0,0,6.8466,6.8512,6.8636,6.8709,-3.039,2.8665,0.4339,-1.0353,-0.36747,-2.3179
6.98,12.182,5.5598,3.8043,0.16998,-0.027278,-0.36635,0.91441,3.9746,-3.8703,-0.055398,-0.0045713,-0.38286,0.065092,-1.9142,-3.192,0.51671,0,0,0,6.8479,6.8526,6.8635,6.8705,-3.0492,2.8628,0.4107,-0.98999,-0.37964,-2.3214
6.99,12.221,5.5209,3.8037,0.16934,-0.028527,-0.36935,0.91329,3.9553,-3.902,-0.050211,-0.0008087,-0.38306,0.065172,-1.9447,-3.1634,0.5207,0,0,0,6.8491,6.8539,6.8634,6.8701,-3.0588,2.8589,0.38748,-0.9444,-0.39114,-2.3238
7,12.261,5.4817,3.8033,0.16872,-0.029784,-0.37233,0.91215,3.9357,-3.9335,-0.044985,0.0029278,-0.3832,0.065244,-1.9753,-3.1348,0.52446,0,0,0,6.8504,6.8552,6.8633,6.8696,-3.0681,2.8549,0.36423,-0.89858,-0.40195,-2.3251
7.01,12.3,5.4422,3.8028,0.16812,-0.03105,-0.37531,0.911,3.9158,-3.9647,-0.039722,0.006637,-0.38329,0.065309,-2.0061,-3.1063,0.52799,0,0,0,6.8516,6.8565,6.8631,6.8692,-3.0768,2.8509,0.34098,-0.85256,-0.41207,-2.3253
7.02,12.339,5.4024,3.8025,0.16753,-0.032324,-0.37827,0.90984,3.8956,-3.9957,-0.034426,0.010318,-0.38332,0.065365,-2.0369,-3.0778,0.53128,0,0,0,6.8528,6.8578,6.863,6.8688,-3.0851,2.8467,0.31773,-0.80635,-0.4215,-2.3244
7.03,12.378,5.3623,3.8022,0.16695,-0.033606,-0.38122,0.90867,3.8751,-4.0263,-0.029097,0.01397,-0.38329,0.065415,-2.0678,-3.0493,0.53434,0,0,0,6.854,6.859,6.8629,6.8683,-3.0929,2.8424,0.29449,-0.75996,-0.43022,-2.3224
7.04,12.417,5.3219,3.8019,0.16639,-0.034895,-0.38415,0.90748,3.8543,-4.0566,-0.02374,0.017591,-0.3832,0.065457,-2.0987,-3.0209,0.53717,0,0,0,6.8551,6.8601,6.8627,6.8679,-3.1003,2.8381,0.27129,-0.7134,-0.43823,-2.3193
7.05,12.455,5.2812,3.8017,0.16584,-0.036192,-0.38708,0.90629,3.8331,-4.0867,-0.018355,0.02118,-0.38307,0.065491,-2.1298,-2.9926,0.53977,0,0,0,6.8563,6.8613,6.8626,6.8674,-3.1072,2.8337,0.24811,-0.66671,-0.44552,-2.3151
7.06,12.493,5.2402,3.8015,0.1653,-0.037496,-0.38999,0.90508,3.8117,-4.1165,-0.012945,0.024737,-0.38287,0.065519,-2.1609,-2.9643,0.54213,0,0,0,6.8573,6.8623,6.8624,6.867,-3.1136,2.8292,0.22499,-0.61988,-0.45209,-2.3098
7.07,12.531,5.1989,3.8014,0.16478,-0.038805,-0.3929,0.90387,3.7899,-4.146,-0.0075129,0.028261,-0.38263,0.06554,-2.192,-2.936,0.54427,0,0,0,6.8584,6.8634,6.8623,6.8665,-3.1196,2.8246,0.20192,-0.57293,-0.45792,-2.3034
7.08,12.569,5.1573,3.8014,0.16428,-0.040121,-0.39579,0.90264,3.7678,-4.1752,-0.0020606,0.03175,-0.38234,0.065554,-2.2233,-2.9078,0.54617,0,0,0,6.8594,6.8644,6.8621,6.866,-3.1251,2.82,0.17892,-0.52589,-0.46302,-2.2959
7.09,12.607,5.1154,3.8014,0.16379,-0.041443,-0.39867,0.9014,3.7454,-4.2042,0.0034097,0.035204,-0.38199,0.065562,-2.2545,-2.8796,0.54784,0,0,0,6.8604,6.8654,6.862,6.8656,-3.1301,2.8154,0.15601,-0.47876,-0.46737,-2.2874
7.1,12.644,5.0732,3.8014,0.16331,-0.04277,-0.40154,0.90015,3.7227,-4.2328,0.0088956,0.038621,-0.3816,0.065563,-2.2859,-2.8515,0.54929,0,0,0,6.8614,6.8663,6.8618,6.8651,-3.1347,2.8107,0.13318,-0.43156,-0.47097,-2.2778
7.11,12.681,5.0307,3.8016,0.16284,-0.044102,-0.40441,0.89888,3.6997,-4.2612,0.014395,0.042001,-0.38116,0.065558,-2.3172,-2.8234,0.55051,0,0,0,6.8623,6.8672,6.8617,6.8646,-3.1387,2.806,0.11045,-0.3843,-0.47381,-2.2672
7.12,12.718,4.988,3.8017,0.16239,-0.045439,-0.40726,0.89761,3.6764,-4.2893,0.019905,0.045343,-0.38067,0.065547,-2.3486,-2.7954,0.5515,0,0,0,6.8632,6.868,6.8615,6.8641,-3.1424,2.8012,0.087839,-0.337,-0.47589,-2.2554
7.13,12.755,4.9449,3.802,0.16196,-0.04678,-0.41011,0.89632,3.6527,-4.3171,0.025424,0.048646,-0.38014,0.06553,-2.3801,-2.7674,0.55227,0,0,0,6.8641,6.8688,6.8613,6.8636,-3.1455,2.7964,0.065348,-0.28968,-0.4772,-2.2427
7.14,12.791,4.9016,3.8022,0.16154,-0.048125,-0.41295,0.89502,3.6288,-4.3446,0.03095,0.051909,-0.37956,0.065508,-2.4115,-2.7394,0.55281,0,0,0,6.8649,6.8696,6.8612,6.8632,-3.1481,2.7917,0.04299,-0.24235,-0.47772,-2.2288
7.15,12.827,4.858,3.8026,0.16113,-0.049474,-0.41578,0.89371,3.6045,-4.3719,0.036479,0.055131,-0.37894,0.06548,-2.443,-2.7115,0.55313,0,0,0,6.8657,6.8703,6.861,6.8627,-3.1503,2.7869,0.020775,-0.19502,-0.47746,-2.2139
7.16,12.863,4.8142,3.803,0.16074,-0.050827,-0.4186,0.89239,3.5799,-4.3989,0.042011,0.058311,-0.37828,0.065446,-2.4745,-2.6837,0.55322,0,0,0,6.8664,6.8709,6.8608,6.8622,-3.1521,2.7821,-0.0012853,-0.14772,-0.47641,-2.198
7.17,12.899,4.7701,3.8034,0.16035,-0.052182,-0.42142,0.89105,3.555,-4.4256,0.047543,0.06145,-0.37757,0.065408,-2.5061,-2.6559,0.5531,0,0,0,6.8672,6.8716,6.8606,6.8617,-3.1533,2.7774,-0.023181,-0.10045,-0.47456,-2.181
7.18,12.934,4.7257,3.8039,0.15999,-0.053541,-0.42423,0.8897,3.5298,-4.452,0.053073,0.064545,-0.37683,0.065364,-2.5376,-2.6281,0.55276,0,0,0,6.8679,6.8721,6.8605,6.8612,-3.1541,2.7726,-0.044902,-0.053225,-0.47191,-2.163
7.19,12.969,4.681,3.8045,0.15963,-0.054901,-0.42703,0.88834,3.5043,-4.4781,0.058598,0.067596,-0.37605,0.065316,-2.5691,-2.6004,0.5522,0,0,0,6.8685,6.8727,6.8603,6.8607,-3.1544,2.7679,-0.066437,-0.0060429,-0.46846,-2.144
7.2,13.004,4.6361,3.8051,0.15929,-0.056264,-0.42983,0.88696,3.4784,-4.504,0.064116,0.070602,-0.37523,0.065264,-2.6007,-2.5728,0.55143,0,0,0,6.8691,6.8732,6.8601,6.8602,-3.1542,2.7633,-0.087778,0.041116,-0.46426,-2.1239
7.21,13.039,4.5909,3.8058,0.15897,-0.057629,-0.43263,0.88558,3.4523,-4.5296,0.069626,0.073563,-0.37438,0.065207,-2.6322,-2.5452,0.55045,0,0,0,6.8697,6.8736,6.86,6.8598,-3.1535,2.7587,-0.10891,0.088269,-0.45931,-2.103
7.22,13.073,4.5455,3.8065,0.15865,-0.058995,-0.43541,0.88417,3.4258,-4.5549,0.075124,0.076478,-0.37349,0.065146,-2.6638,-2.5176,0.54925,0,0,0,6.8703,6.874,6.8598,6.8593,-3.1524,2.7541,-0.12983,0.13543,-0.45364,-2.0812
7.23,13.107,4.4998,3.8073,0.15835,-0.060363,-0.43819,0.88276,3.399,-4.5799,0.08061,0.079346,-0.37256,0.065081,-2.6953,-2.4901,0.54785,0,0,0,6.8708,6.8744,6.8596,6.8588,-3.1508,2.7496,-0.15053,0.18262,-0.44728,-2.0585
7.24,13.141,4.4539,3.8081,0.15806,-0.061732,-0.44097,0.88133,3.3719,-4.6047,0.086081,0.082167,-0.37161,0.065012,-2.7268,-2.4626,0.54624,0,0,0,6.8713,6.8747,6.8594,6.8583,-3.1488,2.7451,-0.171,0.22986,-0.44024,-2.0349
7.25,13.175,4.4077,3.809,0.15779,-0.063101,-0.44375,0.87989,3.3444,-4.6292,0.091534,0.084939,-0.37062,0.064939,-2.7583,-2.4352,0.54443,0,0,0,6.8718,6.875,6.8593,6.8578,-3.1462,2.7408,-0.19123,0.27716,-0.43256,-2.0106
7.26,13.208,4.3613,3.8099,0.15753,-0.064471,-0.44651,0.87844,3.3167,-4.6534,0.096969,0.087663,-0.3696,0.064864,-2.7897,-2.4078,0.54242,0,0,0,6.8722,6.8752,6.8591,6.8574,-3.1432,2.7365,-0.21121,0.32454,-0.42426,-1.9855
7.27,13.241,4.3147,3.8109,0.15728,-0.065841,-0.44928,0.87697,3.2887,-4.6773,0.10238,0.090337,-0.36855,0.064785,-2.8211,-2.3805,0.54021,0,0,0,6.8726,6.8754,6.8589,6.8569,-3.1397,2.7323,-0.23094,0.37201,-0.41535,-1.9597
7.28,13.274,4.2678,3.812,0.15704,-0.067211,-0.45204,0.87549,3.2603,-4.701,0.10777,0.092961,-0.36747,0.064703,-2.8525,-2.3532,0.5378,0,0,0,6.873,6.8756,6.8588,6.8564,-3.1358,2.7282,-0.2504,0.4196,-0.40586,-1.9333
7.29,13.306,4.2207,3.8131,0.15681,-0.06858,-0.4548,0.87399,3.2316,-4.7244,0.11314,0.095535,-0.36636,0.064618,-2.8838,-2.3259,0.5352,0,0,0,6.8733,6.8757,6.8586,6.8559,-3.1313,2.7242,-0.2696,0.46732,-0.39582,-1.9061
7.3,13.339,4.1733,3.8142,0.1566,-0.069949,-0.45756,0.87248,3.2026,-4.7475,0.11848,0.098057,-0.36523,0.064531,-2.9151,-2.2987,0.53241,0,0,0,6.8736,6.8758,6.8584,6.8554,-3.1264,2.7203,-0.28852,0.51518,-0.38525,-1.8784
7.31,13.371,4.1257,3.8155,0.1564,-0.071317,-0.46031,0.87096,3.1733,-4.7704,0.12379,0.10053,-0.36407,0.064441,-2.9464,-2.2715,0.52943,0,0,0,6.8739,6.8758,6.8583,6.855,-3.121,2.7165,-0.30717,0.56321,-0.37418,-1.8501
7.32,13.402,4.0779,3.8167,0.15621,-0.072684,-0.46306,0.86942,3.1437,-4.793,0.12906,0.10294,-0.36288,0.064348,-2.9775,-2.2443,0.52627,0,0,0,6.8741,6.8759,6.8581,6.8545,-3.1152,2.7128,-0.32552,0.61142,-0.36262,-1.8212
7.33,13.433,4.0299,3.818,0.15603,-0.074049,-0.46581,0.86787,3.1137,-4.8153,0.13431,0.10531,-0.36167,0.064254,-3.0087,-2.2172,0.52292,0,0,0,6.8743,6.8758,6.8579,6.854,-3.1088,2.7092,-0.34359,0.65983,-0.3506,-1.7919
7.34,13.464,3.9816,3.8194,0.15587,-0.075413,-0.46855,0.8663,3.0835,-4.8373,0.13952,0.10762,-0.36044,0.064157,-3.0397,-2.1902,0.5194,0,0,0,6.8745,6.8758,6.8578,6.8536,-3.102,2.7058,-0.36136,0.70845,-0.33814,-1.7621
7.35,13.495,3.9331,3.8208,0.15571,-0.076775,-0.4713,0.86472,3.053,-4.8591,0.1447,0.10988,-0.35918,0.064059,-3.0707,-2.1631,0.5157,0,0,0,6.8747,6.8757,6.8576,6.8531,-3.0946,2.7025,-0.37883,0.7573,-0.32527,-1.7318
7.36,13.525,3.8844,3.8223,0.15557,-0.078134,-0.47404,0.86312,3.0221,-4.8806,0.14983,0.11208,-0.3579,0.063959,-3.1016,-2.1361,0.51182,0,0,0,6.8748,6.8756,6.8575,6.8526,-3.0868,2.6993,-0.39599,0.80641,-0.312,-1.7012
7.37,13.556,3.8355,3.8238,0.15544,-0.079491,-0.47678,0.86151,2.9909,-4.9018,0.15493,0.11423,-0.35661,0.063857,-3.1324,-2.1091,0.50778,0,0,0,6.875,6.8754,6.8573,6.8522,-3.0785,2.6962,-0.41285,0.85578,-0.29837,-1.6702
7.38,13.585,3.7864,3.8254,0.15531,-0.080846,-0.47952,0.85988,2.9594,-4.9227,0.15999,0.11632,-0.35529,0.063754,-3.1632,-2.0822,0.50357,0,0,0,6.875,6.8753,6.8572,6.8517,-3.0697,2.6933,-0.4294,0.90544,-0.2844,-1.6388
7.39,13.615,3.737,3.827,0.1552,-0.082197,-0.48226,0.85824,2.9277,-4.9434,0.165,0.11835,-0.35395,0.06365,-3.1938,-2.0553,0.49919,0,0,0,6.8751,6.875,6.857,6.8512,-3.0604,2.6905,-0.44563,0.95539,-0.27011,-1.6072
7.4,13.644,3.6875,3.8287,0.1551,-0.083545,-0.485,0.85659,2.8956,-4.9638,0.16997,0.12033,-0.35259,0.063545,-3.2244,-2.0284,0.49466,0,0,0,6.8751,6.8748,6.8569,6.8508,-3.0506,2.6879,-0.46154,1.0057,-0.25552,-1.5754
7.41,13.673,3.6378,3.8304,0.15502,-0.08489,-0.48774,0.85491,2.8632,-4.984,0.1749,0.12225,-0.35121,0.063438,-3.2548,-2.0015,0.48996,0,0,0,6.8752,6.8745,6.8567,6.8503,-3.0403,2.6854,-0.47713,1.0563,-0.24066,-1.5433
7.42,13.701,3.5878,3.8322,0.15494,-0.086231,-0.49047,0.85323,2.8305,-5.0039,0.17977,0.12412,-0.34982,0.063331,-3.2852,-1.9747,0.48511,0,0,0,6.8751,6.8742,6.8566,6.8499,-3.0295,2.6831,-0.49241,1.1072,-0.22555,-1.5111
7.43,13.729,3.5377,3.834,0.15487,-0.087568,-0.49321,0.85152,2.7975,-5.0235,0.1846,0.12592,-0.34841,0.063224,-3.3154,-1.9478,0.48012,0,0,0,6.8751,6.8739,6.8564,6.8494,-3.0181,2.6809,-0.50736,1.1586,-0.21021,-1.4787
7.44,13.757,3.4874,3.8359,0.15481,-0.088901,-0.49595,0.8498,2.7642,-5.0428,0.18937,0.12767,-0.34699,0.063116,-3.3455,-1.921,0.47497,0,0,0,6.875,6.8735,6.8563,6.8489,-3.0063,2.6789,-0.52198,1.2103,-0.19468,-1.4462
7.45,13.784,3.4368,3.8378,0.15476,-0.09023,-0.49869,0.84807,2.7306,-5.0619,0.1941,0.12936,-0.34555,0.063007,-3.3755,-1.8943,0.46968,0,0,0,6.875,6.8731,6.8561,6.8485,-2.9939,2.677,-0.53628,1.2624,-0.17896,-1.4137
7.46,13.812,3.3861,3.8398,0.15472,-0.091554,-0.50142,0.84632,2.6967,-5.0807,0.19877,0.13099,-0.34409,0.062898,-3.4054,-1.8675,0.46424,0,0,0,6.8749,6.8727,6.856,6.848,-2.981,2.6753,-0.55025,1.3149,-0.16308,-1.3811
7.47,13.838,3.3352,3.8418,0.15469,-0.092873,-0.50416,0.84455,2.6625,-5.0993,0.20338,0.13256,-0.34262,0.06279,-3.4352,-1.8408,0.45867,0,0,0,6.8747,6.8723,6.8559,6.8476,-2.9676,2.6738,-0.5639,1.3679,-0.14708,-1.3485
7.48,13.865,3.2841,3.8438,0.15467,-0.094187,-0.5069,0.84277,2.628,-5.1175,0.20794,0.13406,-0.34114,0.062681,-3.4648,-1.814,0.45297,0,0,0,6.8746,6.8718,6.8557,6.8472,-2.9537,2.6724,-0.57722,1.4213,-0.13096,-1.316
7.49,13.891,3.2329,3.8459,0.15466,-0.095496,-0.50964,0.84097,2.5932,-5.1355,0.21244,0.13551,-0.33965,0.062572,-3.4942,-1.7873,0.44713,0,0,0,6.8744,6.8713,6.8556,6.8467,-2.9392,2.6711,-0.59022,1.4752,-0.11476,-1.2835
7.5,13.917,3.1814,3.8481,0.15466,-0.0968,-0.51238,0.83915,2.5581,-5.1533,0.21688,0.1369,-0.33815,0.062464,-3.5236,-1.7606,0.44116,0,0,0,6.8742,6.8708,6.8555,6.8463,-2.9242,2.6701,-0.6029,1.5296,-0.098499,-1.2512
7.51,13.942,3.1298,3.8503,0.15466,-0.098097,-0.51512,0.83732,2.5227,-5.1708,0.22126,0.13822,-0.33663,0.062356,-3.5527,-1.7339,0.43507,0,0,0,6.874,6.8702,6.8553,6.8458,-2.9086,2.6692,-0.61525,1.5845,-0.082198,-1.219
7.52,13.967,3.078,3.8525,0.15468,-0.099389,-0.51786,0.83547,2.487,-5.188,0.22558,0.13948,-0.33511,0.062248,-3.5817,-1.7072,0.42886,0,0,0,6.8738,6.8697,6.8552,6.8454,-2.8925,2.6684,-0.62728,1.6399,-0.065882,-1.187
7.53,13.992,3.026,3.8548,0.1547,-0.10067,-0.5206,0.83361,2.4511,-5.2049,0.22984,0.14068,-0.33358,0.062142,-3.6106,-1.6805,0.42253,0,0,0,6.8735,6.869,6.8551,6.8449,-2.8758,2.6679,-0.63899,1.6959,-0.049575,-1.1552
7.54,14.016,2.9739,3.8571,0.15473,-0.10195,-0.52335,0.83173,2.4148,-5.2216,0.23403,0.14182,-0.33204,0.062036,-3.6392,-1.6539,0.41608,0,0,0,6.8733,6.8684,6.8549,6.8445,-2.8586,2.6674,-0.65038,1.7524,-0.033299,-1.1237
7.55,14.04,2.9216,3.8595,0.15477,-0.10323,-0.52609,0.82983,2.3783,-5.238,0.23816,0.14289,-0.33049,0.06193,-3.6677,-1.6272,0.40952,0,0,0,6.873,6.8678,6.8548,6.8441,-2.8408,2.6672,-0.66146,1.8094,-0.017078,-1.0925
7.56,14.064,2.8692,3.8619,0.15481,-0.10449,-0.52884,0.82792,2.3414,-5.2541,0.24222,0.1439,-0.32893,0.061826,-3.6961,-1.6005,0.40285,0,0,0,6.8726,6.8671,6.8547,6.8436,-2.8224,2.6671,-0.67223,1.8671,-0.0009362,-1.0616
7.57,14.087,2.8165,3.8643,0.15487,-0.10575,-0.53158,0.82598,2.3043,-5.27,0.24622,0.14484,-0.32737,0.061723,-3.7242,-1.5738,0.39608,0,0,0,6.8723,6.8664,6.8546,6.8432,-2.8034,2.6672,-0.6827,1.9254,0.015104,-1.0311
7.58,14.11,2.7638,3.8668,0.15493,-0.107,-0.53433,0.82404,2.267,-5.2856,0.25014,0.14573,-0.3258,0.061621,-3.7521,-1.5472,0.3892,0,0,0,6.8719,6.8657,6.8544,6.8427,-2.7839,2.6674,-0.69286,1.9843,0.031018,-1.001
7.59,14.132,2.7108,3.8693,0.155,-0.10824,-0.53708,0.82207,2.2293,-5.3009,0.254,0.14654,-0.32423,0.061521,-3.7799,-1.5205,0.38222,0,0,0,6.8716,6.8649,6.8543,6.8423,-2.7637,2.6678,-0.70272,2.0438,0.046796,-0.97125
7.6,14.154,2.6577,3.8719,0.15507,-0.10948,-0.53984,0.82009,2.1914,-5.316,0.25779,0.14729,-0.32266,0.061422,-3.8074,-1.4938,0.37515,0,0,0,6.8712,6.8641,6.8541,6.8418,-2.743,2.6683,-0.71228,2.1039,0.062465,-0.94188
7.61,14.176,2.6045,3.8745,0.15515,-0.11071,-0.54259,0.81809,2.1532,-5.3308,0.2615,0.14798,-0.32108,0.061324,-3.8347,-1.4671,0.36798,0,0,0,6.8707,6.8633,6.854,6.8414,-2.7217,2.669,-0.72155,2.1645,0.07806,-0.91275
7.62,14.198,2.5511,3.8771,0.15524,-0.11193,-0.54534,0.81607,2.1147,-5.3453,0.26515,0.1486,-0.3195,0.061229,-3.8618,-1.4404,0.36072,0,0,0,6.8703,6.8625,6.8539,6.8409,-2.6997,2.6699,-0.73054,2.2256,0.093617,-0.88377
7.63,14.218,2.4976,3.8798,0.15533,-0.11314,-0.5481,0.81404,2.0759,-5.3596,0.26872,0.14915,-0.31792,0.061135,-3.8887,-1.4137,0.35337,0,0,0,6.8698,6.8616,6.8537,6.8405,-2.6771,2.6709,-0.73923,2.287,0.10917,-0.85484
7.64,14.239,2.4439,3.8825,0.15543,-0.11434,-0.55086,0.81199,2.0369,-5.3736,0.27221,0.14964,-0.31634,0.061043,-3.9154,-1.387,0.34593,0,0,0,6.8693,6.8607,6.8536,6.84,-2.654,2.6721,-0.74763,2.3488,0.12476,-0.82587
7.65,14.259,2.3901,3.8852,0.15554,-0.11554,-0.55362,0.80992,1.9976,-5.3874,0.27564,0.15006,-0.31476,0.060953,-3.9418,-1.3603,0.33842,0,0,0,6.8687,6.8597,6.8534,6.8396,-2.6302,2.6734,-0.75575,2.4109,0.14041,-0.79677
7.66,14.279,2.3362,3.888,0.15565,-0.11672,-0.55638,0.80783,1.9581,-5.4008,0.27898,0.15041,-0.31319,0.060865,-3.968,-1.3335,0.33082,0,0,0,6.8681,6.8587,6.8533,6.8391,-2.6057,2.6749,-0.76357,2.4731,0.15616,-0.76744
7.67,14.298,2.2821,3.8908,0.15576,-0.1179,-0.55914,0.80573,1.9183,-5.414,0.28225,0.1507,-0.31162,0.06078,-3.9939,-1.3068,0.32315,0,0,0,6.8675,6.8577,6.8531,6.8387,-2.5807,2.6765,-0.77109,2.5355,0.17205,-0.73779
7.68,14.317,2.2279,3.8936,0.15588,-0.11907,-0.56191,0.80361,1.8782,-5.427,0.28545,0.15091,-0.31005,0.060698,-4.0196,-1.28,0.3154,0,0,0,6.8669,6.8566,6.853,6.8382,-2.555,2.6783,-0.77832,2.598,0.18811,-0.70772
7.69,14.336,2.1736,3.8965,0.15601,-0.12023,-0.56467,0.80147,1.8379,-5.4396,0.28856,0.15107,-0.30849,0.060619,-4.045,-1.2532,0.30758,0,0,0,6.8662,6.8555,6.8528,6.8378,-2.5287,2.6803,-0.78525,2.6605,0.20438,-0.67715
7.7,14.354,2.1191,3.8994,0.15614,-0.12138,-0.56744,0.79931,1.7973,-5.452,0.2916,0.15115,-0.30694,0.060543,-4.0701,-1.2264,0.29969,0,0,0,6.8654,6.8543,6.8527,6.8373,-2.5018,2.6824,-0.79186,2.7229,0.22089,-0.64597
7.71,14.372,2.0645,3.9023,0.15627,-0.12251,-0.57021,0.79714,1.7565,-5.4642,0.29455,0.15116,-0.3054,0.06047,-4.095,-1.1996,0.29174,0,0,0,6.8647,6.8531,6.8525,6.8369,-2.4743,2.6847,-0.79816,2.7853,0.23767,-0.61409
7.72,14.389,2.0098,3.9053,0.15641,-0.12364,-0.57298,0.79495,1.7154,-5.476,0.29743,0.15111,-0.30387,0.060401,-4.1196,-1.1727,0.28373,0,0,0,6.8639,6.8518,6.8524,6.8365,-2.4461,2.6872,-0.80414,2.8475,0.25477,-0.58142
7.73,14.406,1.955,3.9083,0.15655,-0.12476,-0.57575,0.79274,1.6741,-5.4876,0.30023,0.15098,-0.30236,0.060336,-4.1439,-1.1458,0.27566,0,0,0,6.863,6.8505,6.8522,6.8361,-2.4173,2.6898,-0.80979,2.9095,0.27222,-0.54786
7.74,14.423,1.9001,3.9113,0.15669,-0.12587,-0.57853,0.79051,1.6325,-5.4989,0.30294,0.15079,-0.30086,0.060275,-4.168,-1.1189,0.26754,0,0,0,6.8621,6.8491,6.8521,6.8357,-2.3879,2.6926,-0.8151,2.9711,0.29004,-0.51333
7.75,14.439,1.845,3.9143,0.15684,-0.12697,-0.5813,0.78827,1.5907,-5.51,0.30558,0.15053,-0.29938,0.060219,-4.1917,-1.092,0.25936,0,0,0,6.8611,6.8477,6.8519,6.8353,-2.3579,2.6956,-0.82005,3.0325,0.30829,-0.47773
7.76,14.455,1.7899,3.9174,0.15699,-0.12806,-0.58408,0.78601,1.5487,-5.5208,0.30813,0.1502,-0.29792,0.060167,-4.2151,-1.065,0.25114,0,0,0,6.8601,6.8462,6.8518,6.8349,-2.3273,2.6988,-0.82465,3.0934,0.32699,-0.44095
7.77,14.47,1.7346,3.9205,0.15714,-0.12913,-0.58686,0.78373,1.5064,-5.5313,0.3106,0.1498,-0.29647,0.06012,-4.2382,-1.038,0.24287,0,0,0,6.8591,6.8446,6.8516,6.8345,-2.296,2.7022,-0.82887,3.1539,0.34617,-0.40292
7.78,14.485,1.6793,3.9236,0.15729,-0.1302,-0.58964,0.78143,1.4639,-5.5415,0.31299,0.14933,-0.29506,0.060079,-4.2611,-1.011,0.23456,0,0,0,6.858,6.843,6.8515,6.8341,-2.2642,2.7057,-0.8327,3.2138,0.36587,-0.36353
7.79,14.499,1.6238,3.9268,0.15745,-0.13125,-0.59242,0.77912,1.4212,-5.5515,0.31529,0.1488,-0.29366,0.060043,-4.2835,-0.98388,0.22622,0,0,0,6.8568,6.8414,6.8513,6.8337,-2.2318,2.7095,-0.83613,3.2731,0.38614,-0.3227
7.8,14.513,1.5682,3.9299,0.1576,-0.1323,-0.5952,0.77679,1.3782,-5.5612,0.31751,0.14819,-0.2923,0.060013,-4.3057,-0.95677,0.21784,0,0,0,6.8556,6.8396,6.8512,6.8333,-2.1987,2.7134,-0.83915,3.3318,0.40699,-0.28032
7.81,14.527,1.5126,3.9331,0.15776,-0.13333,-0.59798,0.77444,1.3351,-5.5706,0.31965,0.14751,-0.29096,0.05999,-4.3275,-0.92961,0.20944,0,0,0,6.8543,6.8378,6.851,6.833,-2.1651,2.7176,-0.84173,3.3898,0.42848,-0.23631
7.82,14.54,1.4568,3.9363,0.15792,-0.13435,-0.60076,0.77207,1.2917,-5.5798,0.3217,0.14677,-0.28965,0.059973,-4.349,-0.90241,0.20101,0,0,0,6.853,6.8359,6.8509,6.8326,-2.131,2.722,-0.84387,3.447,0.45062,-0.19056
7.83,14.552,1.401,3.9395,0.15808,-0.13536,-0.60355,0.76969,1.2481,-5.5887,0.32367,0.14595,-0.28838,0.059963,-4.3701,-0.87517,0.19256,0,0,0,6.8516,6.834,6.8507,6.8323,-2.0962,2.7266,-0.84554,3.5034,0.47346,-0.14299
7.84,14.565,1.345,3.9428,0.15824,-0.13636,-0.60633,0.76729,1.2043,-5.5973,0.32555,0.14507,-0.28714,0.05996,-4.3909,-0.84788,0.1841,0,0,0,6.8502,6.832,6.8506,6.832,-2.0609,2.7315,-0.84672,3.5588,0.49704,-0.093509
7.85,14.577,1.289,3.9461,0.15839,-0.13735,-0.60912,0.76487,1.1603,-5.6056,0.32735,0.14412,-0.28595,0.059965,-4.4113,-0.82054,0.17563,0,0,0,6.8487,6.83,6.8505,6.8317,-2.025,2.7366,-0.8474,3.6133,0.52138,-0.042013
7.86,14.588,1.2329,3.9493,0.15855,-0.13833,-0.6119,0.76243,1.1161,-5.6137,0.32907,0.1431,-0.28479,0.059978,-4.4314,-0.79315,0.16715,0,0,0,6.8471,6.8278,6.8503,6.8314,-1.9886,2.7419,-0.84756,3.6668,0.54653,0.011589
7.87,14.599,1.1768,3.9526,0.15871,-0.13929,-0.61469,0.75998,1.0717,-5.6215,0.33069,0.14201,-0.28367,0.059999,-4.4511,-0.7657,0.15868,0,0,0,6.8455,6.8256,6.8502,6.8311,-1.9517,2.7475,-0.84716,3.7192,0.57251,0.06739
7.88,14.609,1.1205,3.956,0.15886,-0.14025,-0.61747,0.75751,1.027,-5.629,0.33224,0.14085,-0.2826,0.060029,-4.4704,-0.7382,0.15021,0,0,0,6.8439,6.8234,6.8501,6.8308,-1.9142,2.7534,-0.8462,3.7705,0.59936,0.12548
7.89,14.619,1.0642,3.9593,0.15901,-0.14119,-0.62026,0.75502,0.98225,-5.6363,0.3337,0.13963,-0.28158,0.060068,-4.4894,-0.71063,0.14176,0,0,0,6.8422,6.821,6.85,6.8306,-1.8763,2.7595,-0.84465,3.8205,0.62713,0.18597
7.9,14.629,1.0078,3.9626,0.15916,-0.14212,-0.62304,0.75252,0.93726,-5.6432,0.33507,0.13834,-0.2806,0.060116,-4.508,-0.683,0.13332,0,0,0,6.8404,6.8186,6.8499,6.8304,-1.8378,2.7659,-0.84247,3.8693,0.65583,0.24893
7.91,14.638,0.95131,3.966,0.15931,-0.14304,-0.62583,0.75,0.89209,-5.6499,0.33637,0.13698,-0.27968,0.060174,-4.5261,-0.65531,0.12491,0,0,0,6.8386,6.8162,6.8498,6.8302,-1.7989,2.7726,-0.83966,3.9168,0.68552,0.31446
7.92,14.647,0.89478,3.9694,0.15946,-0.14394,-0.62862,0.74746,0.84674,-5.6563,0.33757,0.13555,-0.27882,0.060242,-4.5439,-0.62755,0.11653,0,0,0,6.8367,6.8137,6.8498,6.83,-1.7595,2.7796,-0.83618,3.9629,0.71621,0.38267
7.93,14.655,0.83819,3.9727,0.1596,-0.14484,-0.6314,0.7449,0.80122,-5.6625,0.3387,0.13406,-0.27801,0.060321,-4.5613,-0.59972,0.10819,0,0,0,6.8348,6.8111,6.8497,6.8299,-1.7197,2.7869,-0.832,4.0075,0.74796,0.45364
7.94,14.663,0.78153,3.9761,0.15973,-0.14572,-0.63419,0.74233,0.75552,-5.6683,0.33974,0.1325,-0.27725,0.060411,-4.5783,-0.57181,0.09989,0,0,0,6.8328,6.8084,6.8497,6.8297,-1.6794,2.7946,-0.82709,4.0506,0.78078,0.52746
7.95,14.67,0.72482,3.9795,0.15987,-0.14659,-0.63697,0.73974,0.70965,-5.6739,0.34069,0.13088,-0.27657,0.060512,-4.5949,-0.54383,0.091647,0,0,0,6.8307,6.8057,6.8497,6.8296,-1.6386,2.8026,-0.82144,4.0922,0.81473,0.60423
7.96,14.677,0.66806,3.9829,0.15999,-0.14745,-0.63976,0.73714,0.66362,-5.6792,0.34157,0.12919,-0.27594,0.060625,-4.6111,-0.51576,0.083464,0,0,0,6.8287,6.803,6.8497,6.8296,-1.5975,2.8109,-0.815,4.1321,0.84983,0.68405
7.97,14.683,0.61124,3.9864,0.16012,-0.1483,-0.64254,0.73452,0.61743,-5.6842,0.34236,0.12744,-0.27538,0.06075,-4.6269,-0.48761,0.07535,0,0,0,6.8266,6.8002,6.8497,6.8296,-1.556,2.8196,-0.80775,4.1703,0.88612,0.76701
7.98,14.689,0.55437,3.9898,0.16023,-0.14913,-0.64532,0.73188,0.57108,-5.689,0.34308,0.12562,-0.27489,0.060888,-4.6422,-0.45937,0.067312,0,0,0,6.8244,6.7973,6.8497,6.8296,-1.5141,2.8286,-0.79965,4.2067,0.92363,0.8532
7.99,14.695,0.49746,3.9932,0.16034,-0.14996,-0.6481,0.72923,0.52459,-5.6934,0.34371,0.12374,-0.27448,0.061038,-4.6572,-0.43103,0.05936,0,0,0,6.8222,6.7944,6.8498,6.8296,-1.4719,2.838,-0.79067,4.2414,0.96239,0.9427
8,14.7,0.4405,3.9967,0.16045,-0.15077,-0.65088,0.72655,0.47794,-5.6976,0.34426,0.12181,-0.27413,0.061202,-4.6717,-0.4026,0.051502,0,0,0,6.82,6.7915,6.8499,6.8297,-1.4293,2.8479,-0.78078,4.2743,1.0023,1.035
8.01,14.704,0.38351,4.0001,0.16054,-0.15157,-0.65366,0.72387,0.43115,-5.7015,0.34474,0.11981,-0.27387,0.06138,-4.6857,-0.37407,0.043747,0,0,0,6.8177,6.7885,6.8501,6.8299,-1.3864,2.8581,-0.76997,4.3059,1.0428,1.129
8.02,14.709,0.32648,4.0036,0.16063,-0.15236,-0.65643,0.72117,0.38423,-5.7051,0.34514,0.11775,-0.27368,0.061571,-4.6994,-0.34544,0.036106,0,0,0,6.8155,6.7855,6.8502,6.83,-1.3432,2.8687,-0.7582,4.3363,1.0837,1.2233
8.03,14.712,0.26941,4.007,0.16071,-0.15314,-0.65921,0.71845,0.33717,-5.7084,0.34546,0.11563,-0.27356,0.061776,-4.7126,-0.3167,0.028586,0,0,0,6.8132,6.7826,6.8504,6.8302,-1.2997,2.8798,-0.7455,4.366,1.1245,1.3166
8.04,14.715,0.21231,4.0105,0.16079,-0.15391,-0.66198,0.71571,0.28998,-5.7114,0.34571,0.11346,-0.27353,0.061995,-4.7254,-0.28784,0.021199,0,0,0,6.811,6.7796,6.8506,6.8304,-1.2559,2.8912,-0.73188,4.3953,1.1648,1.4077
8.05,14.718,0.15518,4.0139,0.16085,-0.15466,-0.66475,0.71296,0.24266,-5.7141,0.34589,0.11123,-0.27358,0.062228,-4.7377,-0.25887,0.013952,0,0,0,6.8087,6.7767,6.8507,6.8306,-1.2118,2.9031,-0.71736,4.4245,1.2042,1.4953
8.06,14.72,0.098028,4.0174,0.1609,-0.15541,-0.66752,0.7102,0.19523,-5.7166,0.34599,0.10896,-0.27371,0.062474,-4.7496,-0.22978,0.0068542,0,0,0,6.8066,6.7739,6.8509,6.8308,-1.1674,2.9153,-0.70199,4.454,1.2423,1.5781
8.07,14.722,0.040851,4.0208,0.16095,-0.15614,-0.67028,0.70742,0.14767,-5.7187,0.34603,0.10664,-0.27391,0.062734,-4.7611,-0.20057,-8.543e-05,0,0,0,6.8044,6.7711,6.8511,6.831,-1.1227,2.9279,-0.68582,4.484,1.2786,1.6549
8.08,14.723,-0.016346,4.0243,0.16098,-0.15686,-0.67305,0.70462,0.10001,-5.7206,0.34599,0.10427,-0.2742,0.063007,-4.7721,-0.17122,-0.0068597,0,0,0,6.8023,6.7684,6.8512,6.8312,-1.0777,2.9409,-0.66891,4.5147,1.3131,1.725
8.09,14.724,-0.07356,4.0278,0.161,-0.15758,-0.67581,0.70181,0.052232,-5.7222,0.34589,0.10186,-0.27456,0.063292,-4.7826,-0.14175,-0.013461,0,0,0,6.8003,6.7657,6.8514,6.8314,-1.0324,2.9542,-0.65134,4.546,1.3456,1.7887
8.1,14.724,-0.13079,4.0312,0.16102,-0.15828,-0.67856,0.69898,0.0043547,-5.7234,0.34572,0.099414,-0.275,0.06359,-4.7927,-0.11214,-0.019884,0,0,0,6.7983,6.7632,6.8515,6.8316,-0.98677,2.9678,-0.63316,4.5779,1.3763,1.846
8.11,14.724,-0.18803,4.0347,0.16102,-0.15897,-0.68132,0.69614,-0.043621,-5.7244,0.34549,0.096933,-0.27551,0.0639,-4.8023,-0.082392,-0.026123,0,0,0,6.7964,6.7607,6.8516,6.8318,-0.94083,2.9817,-0.61444,4.6102,1.4051,1.8973
8.12,14.723,-0.24527,4.0381,0.161,-0.15965,-0.68407,0.69328,-0.091691,-5.7251,0.3452,0.09442,-0.2761,0.064222,-4.8115,-0.052504,-0.032172,0,0,0,6.7945,6.7583,6.8518,6.832,-0.89457,2.9959,-0.59523,4.6429,1.4322,1.9426
8.13,14.722,-0.30253,4.0416,0.16098,-0.16032,-0.68681,0.69041,-0.13985,-5.7254,0.34485,0.091878,-0.27676,0.064555,-4.8202,-0.022474,-0.038026,0,0,0,6.7927,6.7559,6.8519,6.8322,-0.84797,3.0103,-0.57561,4.6758,1.4575,1.9822
8.14,14.72,-0.35978,4.045,0.16094,-0.16098,-0.68956,0.68753,-0.18809,-5.7255,0.34444,0.08931,-0.2775,0.0649,-4.8285,0.0077027,-0.043682,0,0,0,6.791,6.7537,6.8521,6.8325,-0.80105,3.025,-0.55561,4.709,1.4811,2.0163
8.15,14.718,-0.41704,4.0485,0.16089,-0.16163,-0.69229,0.68463,-0.23642,-5.7253,0.34398,0.086721,-0.27831,0.065255,-4.8363,0.038027,-0.049137,0,0,0,6.7893,6.7515,6.8523,6.8327,-0.75379,3.0399,-0.5353,4.7423,1.5031,2.0451
8.16,14.716,-0.47429,4.0519,0.16083,-0.16227,-0.69503,0.68172,-0.28482,-5.7248,0.34346,0.084112,-0.27919,0.06562,-4.8436,0.068502,-0.054388,0,0,0,6.7876,6.7494,6.8524,6.833,-0.7062,3.0551,-0.51472,4.7755,1.5234,2.0687
8.17,14.713,-0.53153,4.0553,0.16075,-0.16291,-0.69776,0.67879,-0.33329,-5.7239,0.34289,0.081487,-0.28014,0.065996,-4.8504,0.099129,-0.059431,0,0,0,6.7861,6.7474,6.8526,6.8333,-0.65828,3.0704,-0.49394,4.8088,1.5421,2.0873
8.18,14.709,-0.58876,4.0588,0.16066,-0.16353,-0.70048,0.67585,-0.38182,-5.7228,0.34227,0.078848,-0.28116,0.066383,-4.8567,0.12991,-0.064266,0,0,0,6.7845,6.7455,6.8528,6.8336,-0.61003,3.0859,-0.47299,4.8418,1.5593,2.1013
8.19,14.705,-0.64599,4.0622,0.16055,-0.16414,-0.7032,0.67289,-0.43042,-5.7213,0.3416,0.0762,-0.28225,0.066779,-4.8626,0.16085,-0.06889,0,0,0,6.7831,6.7436,6.853,6.834,-0.56145,3.1016,-0.45193,4.8747,1.5749,2.1106
8.2,14.7,-0.70319,4.0656,0.16043,-0.16474,-0.70592,0.66992,-0.47907,-5.7196,0.34089,0.073544,-0.28341,0.067184,-4.868,0.19194,-0.073304,0,0,0,6.7817,6.7418,6.8532,6.8343,-0.51254,3.1174,-0.4308,4.9072,1.589,2.1156
8.21,14.695,-0.76038,4.069,0.1603,-0.16534,-0.70863,0.66694,-0.52778,-5.7175,0.34014,0.070885,-0.28463,0.067599,-4.8728,0.2232,-0.077506,0,0,0,6.7803,6.7401,6.8535,6.8347,-0.4633,3.1333,-0.40963,4.9393,1.6017,2.1164
8.22,14.69,-0.81754,4.0724,0.16015,-0.16593,-0.71133,0.66395,-0.57653,-5.7151,0.33934,0.068224,-0.28592,0.068023,-4.8772,0.25461,-0.081497,0,0,0,6.779,6.7385,6.8537,6.8351,-0.41375,3.1494,-0.38848,4.971,1.613,2.1132
8.23,14.684,-0.87468,4.0758,0.15998,-0.1665,-0.71403,0.66094,-0.62532,-5.7124,0.33851,0.065565,-0.28728,0.068456,-4.8811,0.28618,-0.085276,0,0,0,6.7778,6.7369,6.854,6.8356,-0.36389,3.1656,-0.36738,5.002,1.6229,2.1063
8.24,14.677,-0.93179,4.0792,0.1598,-0.16707,-0.71672,0.65792,-0.67415,-5.7094,0.33764,0.062911,-0.28871,0.068897,-4.8845,0.31792,-0.088845,0,0,0,6.7766,6.7354,6.8543,6.836,-0.31371,3.1819,-0.34637,5.0324,1.6315,2.0957
8.25,14.67,-0.98886,4.0825,0.1596,-0.16763,-0.71941,0.65489,-0.72301,-5.706,0.33673,0.060264,-0.2902,0.069347,-4.8874,0.34982,-0.092204,0,0,0,6.7754,6.734,6.8546,6.8365,-0.26324,3.1982,-0.32548,5.0621,1.6388,2.0817
8.26,14.663,-1.0459,4.0859,0.15939,-0.16819,-0.72209,0.65184,-0.77189,-5.7024,0.3358,0.057628,-0.29175,0.069806,-4.8898,0.38189,-0.095355,0,0,0,6.7743,6.7326,6.8549,6.837,-0.21247,3.2146,-0.30474,5.0909,1.6448,2.0645
8.27,14.655,-1.1029,4.0893,0.15916,-0.16873,-0.72476,0.64878,-0.8208,-5.6984,0.33483,0.055004,-0.29336,0.070272,-4.8916,0.41412,-0.098299,0,0,0,6.7733,6.7313,6.8552,6.8375,-0.16142,3.2311,-0.2842,5.1188,1.6496,2.0443
8.28,14.647,-1.1599,4.0926,0.15891,-0.16927,-0.72743,0.64571,-0.86973,-5.6941,0.33383,0.052397,-0.29504,0.070746,-4.893,0.44651,-0.10104,0,0,0,6.7722,6.7301,6.8555,6.838,-0.1101,3.2476,-0.26387,5.1457,1.6532,2.0213
8.29,14.638,-1.2168,4.0959,0.15864,-0.1698,-0.73008,0.64263,-0.91866,-5.6895,0.33281,0.049807,-0.29678,0.071228,-4.8938,0.47907,-0.10358,0,0,0,6.7713,6.7289,6.8559,6.8386,-0.058513,3.2642,-0.24378,5.1715,1.6556,1.9956
8.3,14.628,-1.2737,4.0993,0.15836,-0.17033,-0.73274,0.63954,-0.9676,-5.6845,0.33176,0.047239,-0.29857,0.071718,-4.8942,0.51179,-0.10592,0,0,0,6.7704,6.7278,6.8562,6.8392,-0.0066734,3.2807,-0.22396,5.1962,1.6569,1.9675
8.31,14.618,-1.3305,4.1026,0.15806,-0.17084,-0.73538,0.63643,-1.0165,-5.6792,0.33069,0.044695,-0.30043,0.072215,-4.894,0.54468,-0.10806,0,0,0,6.7695,6.7267,6.8566,6.8397,0.045407,3.2973,-0.20444,5.2196,1.6572,1.9371
8.32,14.608,-1.3872,4.1059,0.15775,-0.17136,-0.73801,0.63332,-1.0655,-5.6736,0.3296,0.042177,-0.30234,0.072719,-4.8932,0.57774,-0.11001,0,0,0,6.7686,6.7257,6.857,6.8404,0.097714,3.3139,-0.18523,5.2416,1.6564,1.9047
8.33,14.597,-1.4439,4.1092,0.15741,-0.17186,-0.74064,0.63019,-1.1144,-5.6677,0.32849,0.039688,-0.30431,0.073229,-4.892,0.61096,-0.11176,0,0,0,6.7678,6.7247,6.8573,6.841,0.15023,3.3304,-0.16635,5.2622,1.6546,1.8704
8.34,14.586,-1.5006,4.1124,0.15706,-0.17236,-0.74326,0.62705,-1.1633,-5.6614,0.32736,0.03723,-0.30634,0.073747,-4.8902,0.64435,-0.11333,0,0,0,6.767,6.7238,6.8577,6.8416,0.20295,3.347,-0.14782,5.2813,1.6519,1.8344
8.35,14.574,-1.5572,4.1157,0.15669,-0.17285,-0.74587,0.6239,-1.2122,-5.6548,0.32622,0.034806,-0.30842,0.074272,-4.8879,0.6779,-0.11472,0,0,0,6.7663,6.723,6.8581,6.8422,0.25586,3.3635,-0.12967,5.2988,1.6482,1.797
8.36,14.561,-1.6137,4.119,0.15631,-0.17334,-0.74847,0.62074,-1.2611,-5.6478,0.32507,0.032418,-0.31055,0.074802,-4.8851,0.71162,-0.11593,0,0,0,6.7656,6.7222,6.8585,6.8429,0.30892,3.3799,-0.11189,5.3146,1.6436,1.7583
8.37,14.548,-1.6701,4.1222,0.1559,-0.17382,-0.75106,0.61757,-1.3099,-5.6405,0.32391,0.030068,-0.31274,0.075339,-4.8818,0.7455,-0.11696,0,0,0,6.7649,6.7214,6.8589,6.8435,0.36214,3.3963,-0.094504,5.3287,1.6382,1.7184
8.38,14.535,-1.7265,4.1254,0.15548,-0.1743,-0.75364,0.61438,-1.3587,-5.6329,0.32273,0.027759,-0.31498,0.075883,-4.8779,0.77954,-0.11782,0,0,0,6.7643,6.7207,6.8593,6.8442,0.41549,3.4127,-0.077523,5.3408,1.632,1.6777
8.39,14.521,-1.7828,4.1287,0.15503,-0.17478,-0.75622,0.61119,-1.4075,-5.625,0.32155,0.025493,-0.31726,0.076432,-4.8735,0.81375,-0.11851,0,0,0,6.7637,6.7201,6.8597,6.8448,0.46895,3.429,-0.060952,5.3511,1.6249,1.6363
8.4,14.507,-1.839,4.1319,0.15457,-0.17525,-0.75878,0.60799,-1.4562,-5.6166,0.32036,0.023271,-0.3196,0.076986,-4.8685,0.84812,-0.11904,0,0,0,6.7631,6.7194,6.86,6.8455,0.52251,3.4452,-0.044799,5.3593,1.6172,1.5943
8.41,14.492,-1.8951,4.1351,0.15409,-0.17571,-0.76133,0.60478,-1.5048,-5.608,0.31917,0.021097,-0.32198,0.077547,-4.863,0.88266,-0.11941,0,0,0,6.7625,6.7189,6.8604,6.8462,0.57613,3.4613,-0.029067,5.3654,1.6087,1.5521
8.42,14.477,-1.9512,4.1383,0.1536,-0.17617,-0.76387,0.60156,-1.5534,-5.599,0.31797,0.018972,-0.3244,0.078112,-4.857,0.91735,-0.11962,0,0,0,6.762,6.7183,6.8608,6.8468,0.62981,3.4774,-0.013758,5.3693,1.5996,1.5096
8.43,14.461,-2.0071,4.1414,0.15308,-0.17663,-0.7664,0.59832,-1.602,-5.5896,0.31678,0.016899,-0.32687,0.078683,-4.8504,0.9522,-0.11969,0,0,0,6.7615,6.7178,6.8612,6.8475,0.68351,3.4933,0.0011266,5.3709,1.5898,1.4673
8.44,14.445,-2.0629,4.1446,0.15255,-0.17709,-0.76893,0.59508,-1.6504,-5.58,0.31558,0.014878,-0.32939,0.079259,-4.8433,0.98722,-0.1196,0,0,0,6.761,6.7174,6.8615,6.8481,0.73722,3.5092,0.015589,5.3702,1.5794,1.4252
8.45,14.428,-2.1187,4.1477,0.15199,-0.17754,-0.77144,0.59183,-1.6988,-5.5699,0.31439,0.012913,-0.33194,0.079839,-4.8357,1.0224,-0.11938,0,0,0,6.7605,6.717,6.8619,6.8488,0.7909,3.5249,0.029632,5.367,1.5685,1.3834
8.46,14.411,-2.1743,4.1509,0.15142,-0.17799,-0.77393,0.58857,-1.7472,-5.5595,0.31319,0.011004,-0.33453,0.080424,-4.8275,1.0577,-0.11901,0,0,0,6.7601,6.7166,6.8622,6.8494,0.84455,3.5405,0.043258,5.3616,1.557,1.3419
8.47,14.393,-2.2299,4.154,0.15083,-0.17843,-0.77642,0.5853,-1.7954,-5.5487,0.31201,0.0091546,-0.33716,0.081013,-4.8188,1.0932,-0.11851,0,0,0,6.7597,6.7163,6.8625,6.85,0.89813,3.556,0.056471,5.3539,1.5449,1.3006
8.48,14.375,-2.2853,4.1571,0.15022,-0.17888,-0.7789,0.58203,-1.8435,-5.5376,0.31082,0.0073653,-0.33983,0.081607,-4.8095,1.1288,-0.11788,0,0,0,6.7593,6.716,6.8628,6.8506,0.95162,3.5714,0.069272,5.3441,1.5322,1.2596
8.49,14.356,-2.3406,4.1602,0.14959,-0.17932,-0.78136,0.57874,-1.8916,-5.5262,0.30965,0.0056379,-0.34253,0.082204,-4.7997,1.1646,-0.11713,0,0,0,6.759,6.7158,6.8631,6.8512,1.005,3.5867,0.081662,5.3322,1.519,1.2186
8.5,14.337,-2.3958,4.1633,0.14894,-0.17977,-0.78381,0.57545,-1.9395,-5.5143,0.30848,0.003974,-0.34526,0.082804,-4.7894,1.2006,-0.11625,0,0,0,6.7587,6.7156,6.8634,6.8518,1.0583,3.6018,0.093644,5.3183,1.5051,1.1778
8.51,14.317,-2.4509,4.1664,0.14828,-0.18021,-0.78625,0.57214,-1.9874,-5.5022,0.30732,0.002375,-0.34802,0.083408,-4.7786,1.2367,-0.11526,0,0,0,6.7584,6.7155,6.8637,6.8524,1.1114,3.6168,0.10522,5.3024,1.4907,1.137
8.52,14.297,-2.5059,4.1695,0.14759,-0.18065,-0.78868,0.56883,-2.0351,-5.4896,0.30618,0.00084236,-0.35081,0.084015,-4.7672,1.2729,-0.11415,0,0,0,6.7582,6.7154,6.8639,6.8529,1.1643,3.6316,0.11638,5.2846,1.4757,1.0962
8.53,14.277,-2.5607,4.1725,0.14689,-0.18109,-0.79109,0.56551,-2.0827,-5.4767,0.30504,-0.00062278,-0.35362,0.084624,-4.7553,1.3093,-0.11293,0,0,0,6.7579,6.7153,6.8641,6.8534,1.217,3.6463,0.12714,5.265,1.4601,1.0554
8.54,14.256,-2.6154,4.1756,0.14617,-0.18153,-0.7935,0.56218,-2.1302,-5.4634,0.30392,-0.0020192,-0.35646,0.085236,-4.7429,1.3458,-0.11161,0,0,0,6.7577,6.7153,6.8644,6.8539,1.2696,3.6608,0.13749,5.2437,1.444,1.0146
8.55,14.234,-2.67,4.1786,0.14542,-0.18196,-0.79589,0.55884,-2.1776,-5.4498,0.30281,-0.0033457,-0.35932,0.085851,-4.7299,1.3825,-0.11018,0,0,0,6.7576,6.7153,6.8646,6.8544,1.3219,3.6752,0.14743,5.2206,1.4272,0.97361
8.56,14.212,-2.7244,4.1816,0.14467,-0.1824,-0.79826,0.5555,-2.2248,-5.4358,0.30172,-0.0046013,-0.3622,0.086467,-4.7164,1.4193,-0.10866,0,0,0,6.7575,6.7154,6.8648,6.8549,1.374,3.6894,0.15696,5.196,1.4099,0.93247
8.57,14.19,-2.7787,4.1846,0.14389,-0.18285,-0.80062,0.55215,-2.2719,-5.4214,0.30064,-0.0057851,-0.3651,0.087084,-4.7024,1.4563,-0.10704,0,0,0,6.7574,6.7155,6.8649,6.8554,1.4258,3.7034,0.16608,5.1698,1.392,0.89114
8.58,14.167,-2.8328,4.1876,0.14309,-0.18329,-0.80297,0.54879,-2.3188,-5.4066,0.29957,-0.0068961,-0.36801,0.087703,-4.6879,1.4934,-0.10534,0,0,0,6.7573,6.7157,6.8651,6.8558,1.4774,3.7172,0.17479,5.1422,1.3735,0.84956
8.59,14.143,-2.8868,4.1906,0.14228,-0.18373,-0.80531,0.54542,-2.3656,-5.3915,0.29853,-0.0079336,-0.37093,0.088324,-4.6729,1.5306,-0.10355,0,0,0,6.7573,6.7159,6.8652,6.8562,1.5287,3.7308,0.18307,5.1132,1.3544,0.80769
8.6,14.119,-2.9407,4.1936,0.14145,-0.18417,-0.80763,0.54204,-2.4123,-5.376,0.2975,-0.0088968,-0.37387,0.088944,-4.6573,1.568,-0.10168,0,0,0,6.7573,6.7162,6.8654,6.8566,1.5797,3.7443,0.19094,5.0828,1.3347,0.76549
8.61,14.095,-2.9943,4.1966,0.1406,-0.18462,-0.80993,0.53866,-2.4588,-5.3602,0.2965,-0.009785,-0.37682,0.089566,-4.6413,1.6055,-0.099732,0,0,0,6.7574,6.7165,6.8655,6.857,1.6303,3.7575,0.19838,5.0512,1.3145,0.72291
8.62,14.07,-3.0479,4.1995,0.13973,-0.18507,-0.81223,0.53527,-2.5051,-5.3439,0.29551,-0.010598,-0.37977,0.090187,-4.6247,1.6432,-0.097712,0,0,0,6.7574,6.7169,6.8656,6.8573,1.6807,3.7706,0.2054,5.0184,1.2936,0.67992
8.63,14.045,-3.1012,4.2025,0.13885,-0.18552,-0.8145,0.53187,-2.5513,-5.3273,0.29454,-0.011334,-0.38273,0.090808,-4.6077,1.6809,-0.095625,0,0,0,6.7576,6.7173,6.8657,6.8577,1.7307,3.7834,0.21198,4.9844,1.2722,0.63646
8.64,14.019,-3.1544,4.2054,0.13795,-0.18597,-0.81677,0.52847,-2.5973,-5.3103,0.2936,-0.011994,-0.38569,0.091429,-4.5901,1.7188,-0.093474,0,0,0,6.7577,6.7178,6.8657,6.858,1.7804,3.796,0.21812,4.9495,1.2501,0.5925
8.65,13.993,-3.2074,4.2084,0.13703,-0.18642,-0.81902,0.52506,-2.6431,-5.2929,0.29267,-0.012578,-0.38865,0.09205,-4.5721,1.7569,-0.091264,0,0,0,6.758,6.7183,6.8658,6.8583,1.8297,3.8084,0.22383,4.9135,1.2275,0.54799
8.66,13.966,-3.2603,4.2113,0.13609,-0.18688,-0.82125,0.52164,-2.6887,-5.2752,0.29177,-0.013084,-0.39161,0.092669,-4.5535,1.795,-0.088999,0,0,0,6.7582,6.7189,6.8659,6.8586,1.8786,3.8206,0.22908,4.8766,1.2043,0.50288
8.67,13.939,-3.3129,4.2142,0.13514,-0.18734,-0.82347,0.51821,-2.7341,-5.257,0.29089,-0.013512,-0.39456,0.093287,-4.5345,1.8333,-0.086684,0,0,0,6.7585,6.7195,6.8659,6.8589,1.9272,3.8325,0.23388,4.8389,1.1805,0.45714
8.68,13.912,-3.3654,4.2171,0.13417,-0.18781,-0.82567,0.51478,-2.7794,-5.2385,0.29004,-0.013863,-0.39751,0.093903,-4.515,1.8716,-0.084323,0,0,0,6.7588,6.7202,6.866,6.8592,1.9754,3.8442,0.23822,4.8004,1.1561,0.41073
8.69,13.884,-3.4177,4.22,0.13318,-0.18828,-0.82786,0.51134,-2.8244,-5.2196,0.28921,-0.014137,-0.40045,0.094518,-4.495,1.9101,-0.081921,0,0,0,6.7592,6.7209,6.866,6.8595,2.0232,3.8556,0.24209,4.7612,1.1311,0.36359
8.7,13.855,-3.4698,4.2229,0.13218,-0.18875,-0.83003,0.50789,-2.8693,-5.2003,0.2884,-0.014332,-0.40338,0.09513,-4.4745,1.9488,-0.079483,0,0,0,6.7596,6.7217,6.8661,6.8597,2.0706,3.8668,0.24549,4.7214,1.1055,0.31568
8.71,13.826,-3.5217,4.2258,0.13116,-0.18922,-0.83219,0.50443,-2.9139,-5.1806,0.28762,-0.01445,-0.4063,0.09574,-4.4536,1.9875,-0.077013,0,0,0,6.7601,6.7225,6.8661,6.86,2.1176,3.8777,0.2484,4.681,1.0793,0.26696
8.72,13.797,-3.5734,4.2286,0.13013,-0.18971,-0.83433,0.50097,-2.9584,-5.1605,0.28686,-0.01449,-0.40921,0.096348,-4.4322,2.0263,-0.074517,0,0,0,6.7606,6.7233,6.8662,6.8602,2.1642,3.8884,0.25083,4.6401,1.0526,0.2174
8.73,13.767,-3.6249,4.2315,0.12908,-0.19019,-0.83645,0.4975,-3.0026,-5.1401,0.28613,-0.014453,-0.4121,0.096952,-4.4103,2.0652,-0.071998,0,0,0,6.7611,6.7242,6.8662,6.8604,2.2104,3.8988,0.25275,4.5988,1.0252,0.16693
8.74,13.737,-3.6762,4.2344,0.12801,-0.19068,-0.83856,0.49403,-3.0466,-5.1192,0.28542,-0.014338,-0.41497,0.097554,-4.388,2.1043,-0.069463,0,0,0,6.7617,6.7252,6.8662,6.8606,2.2562,3.9089,0.25416,4.5571,0.9972,0.11553
8.75,13.706,-3.7273,4.2372,0.12694,-0.19118,-0.84066,0.49055,-3.0903,-5.098,0.28474,-0.014147,-0.41782,0.098152,-4.3652,2.1434,-0.066917,0,0,0,6.7623,6.7262,6.8663,6.8609,2.3016,3.9187,0.25506,4.5151,0.96863,0.063138
8.76,13.675,-3.7782,4.24,0.12584,-0.19168,-0.84273,0.48706,-3.1339,-5.0764,0.28408,-0.013878,-0.42065,0.098747,-4.3419,2.1827,-0.064364,0,0,0,6.7629,6.7273,6.8663,6.8611,2.3465,3.9282,0.25542,4.4729,0.93945,0.0097242
8.77,13.643,-3.8288,4.2429,0.12473,-0.19218,-0.84479,0.48356,-3.1772,-5.0544,0.28345,-0.013534,-0.42346,0.099338,-4.3182,2.222,-0.06181,0,0,0,6.7636,6.7284,6.8664,6.8613,2.391,3.9375,0.25525,4.4306,0.90968,-0.04476
8.78,13.611,-3.8793,4.2457,0.12361,-0.1927,-0.84684,0.48006,-3.2202,-5.0319,0.28285,-0.013113,-0.42624,0.099925,-4.2941,2.2614,-0.059261,0,0,0,6.7644,6.7295,6.8664,6.8615,2.4351,3.9464,0.25452,4.3882,0.87931,-0.10036
8.79,13.579,-3.9295,4.2485,0.12247,-0.19321,-0.84886,0.47655,-3.263,-5.0091,0.28227,-0.012617,-0.429,0.10051,-4.2695,2.3009,-0.056721,0,0,0,6.7651,6.7307,6.8665,6.8617,2.4788,3.9551,0.25324,4.3458,0.84834,-0.15711
8.8,13.546,-3.9794,4.2514,0.12132,-0.19374,-0.85088,0.47303,-3.3056,-4.9859,0.28171,-0.012045,-0.43173,0.10109,-4.2445,2.3405,-0.054198,0,0,0,6.7659,6.7319,6.8665,6.8619,2.522,3.9634,0.25138,4.3035,0.81676,-0.21507
8.81,13.513,-4.0292,4.2542,0.12016,-0.19427,-0.85287,0.46951,-3.3479,-4.9623,0.28118,-0.011399,-0.43443,0.10166,-4.2191,2.3802,-0.051696,0,0,0,6.7668,6.7331,6.8666,6.8621,2.5649,3.9714,0.24893,4.2612,0.78459,-0.27426
8.82,13.479,-4.0787,4.257,0.11898,-0.1948,-0.85485,0.46598,-3.39,-4.9383,0.28068,-0.01068,-0.4371,0.10223,-4.1932,2.4199,-0.049221,0,0,0,6.7677,6.7344,6.8667,6.8624,2.6073,3.9791,0.24589,4.2191,0.7518,-0.33464
8.83,13.445,-4.1279,4.2598,0.11779,-0.19534,-0.85681,0.46244,-3.4318,-4.9139,0.2802,-0.0098867,-0.43974,0.1028,-4.167,2.4598,-0.04678,0,0,0,6.7686,6.7357,6.8668,6.8626,2.6492,3.9864,0.24223,4.1771,0.71842,-0.39612
8.84,13.411,-4.177,4.2626,0.11659,-0.19589,-0.85875,0.45889,-3.4733,-4.8891,0.27974,-0.0090211,-0.44234,0.10336,-4.1403,2.4997,-0.044379,0,0,0,6.7695,6.7371,6.8669,6.8628,2.6908,3.9935,0.23796,4.1352,0.68442,-0.45857
8.85,13.376,-4.2257,4.2654,0.11538,-0.19645,-0.86068,0.45534,-3.5146,-4.8639,0.27931,-0.0080836,-0.44491,0.10391,-4.1131,2.5396,-0.042023,0,0,0,6.7705,6.7385,6.867,6.8631,2.732,4.0001,0.23306,4.0933,0.64981,-0.52191
8.86,13.34,-4.2742,4.2682,0.11415,-0.19701,-0.86259,0.45178,-3.5556,-4.8383,0.2789,-0.0070748,-0.44745,0.10446,-4.0856,2.5797,-0.03972,0,0,0,6.7715,6.7399,6.8672,6.8633,2.7727,4.0064,0.22752,4.0514,0.61459,-0.58601
8.87,13.305,-4.3225,4.271,0.11291,-0.19758,-0.86448,0.44821,-3.5963,-4.8123,0.27852,-0.0059955,-0.44994,0.10501,-4.0577,2.6198,-0.037475,0,0,0,6.7725,6.7413,6.8673,6.8635,2.813,4.0124,0.22134,4.0095,0.57875,-0.65079
8.88,13.268,-4.3705,4.2737,0.11167,-0.19816,-0.86635,0.44463,-3.6368,-4.7859,0.27815,-0.0048465,-0.4524,0.10555,-4.0294,2.6599,-0.035295,0,0,0,6.7736,6.7428,6.8674,6.8638,2.8529,4.018,0.2145,3.9674,0.54229,-0.71612
8.89,13.232,-4.4182,4.2765,0.11041,-0.19874,-0.86821,0.44105,-3.6769,-4.7591,0.27781,-0.0036284,-0.45483,0.10608,-4.0006,2.7001,-0.033187,0,0,0,6.7747,6.7443,6.8676,6.864,2.8923,4.0233,0.20701,3.9253,0.50521,-0.78191
8.9,13.195,-4.4657,4.2793,0.10914,-0.19933,-0.87005,0.43746,-3.7168,-4.7319,0.27749,-0.0023421,-0.45721,0.10661,-3.9715,2.7404,-0.031157,0,0,0,6.7758,6.7459,6.8677,6.8642,2.9314,4.0281,0.19886,3.883,0.46751,-0.84805
8.91,13.158,-4.5128,4.2821,0.10786,-0.19993,-0.87187,0.43386,-3.7563,-4.7043,0.27719,-0.00098853,-0.45955,0.10713,-3.942,2.7807,-0.029212,0,0,0,6.777,6.7474,6.8679,6.8645,2.97,4.0326,0.19005,3.8405,0.42918,-0.91444
8.92,13.12,-4.5597,4.2848,0.10657,-0.20054,-0.87368,0.43025,-3.7956,-4.6763,0.2769,0.00043158,-0.46184,0.10765,-3.9121,2.821,-0.027358,0,0,0,6.7781,6.749,6.8681,6.8647,3.0082,4.0367,0.18058,3.7978,0.39023,-0.98096
8.93,13.082,-4.6064,4.2876,0.10527,-0.20116,-0.87546,0.42663,-3.8346,-4.6479,0.27664,0.0019173,-0.4641,0.10816,-3.8818,2.8614,-0.025603,0,0,0,6.7793,6.7506,6.8682,6.865,3.0459,4.0404,0.17043,3.7548,0.35064,-1.0475
8.94,13.043,-4.6527,4.2904,0.10396,-0.20178,-0.87723,0.42301,-3.8732,-4.6191,0.27639,0.0034678,-0.46631,0.10867,-3.8512,2.9018,-0.023952,0,0,0,6.7805,6.7522,6.8684,6.8652,3.0833,4.0437,0.15962,3.7115,0.31043,-1.114
8.95,13.004,-4.6987,4.2931,0.10265,-0.20241,-0.87899,0.41938,-3.9116,-4.5899,0.27616,0.005082,-0.46847,0.10917,-3.8202,2.9423,-0.022412,0,0,0,6.7818,6.7539,6.8686,6.8654,3.1202,4.0466,0.14815,3.6679,0.26957,-1.1803
8.96,12.965,-4.7445,4.2959,0.10132,-0.20305,-0.88072,0.41574,-3.9496,-4.5602,0.27594,0.0067591,-0.47059,0.10966,-3.7888,2.9828,-0.020991,0,0,0,6.783,6.7555,6.8687,6.8656,3.1566,4.0491,0.13602,3.6239,0.22808,-1.2463
8.97,12.925,-4.79,4.2987,0.099989,-0.2037,-0.88244,0.41209,-3.9874,-4.5302,0.27574,0.0084981,-0.47266,0.11014,-3.757,3.0233,-0.019694,0,0,0,6.7843,6.7572,6.8689,6.8658,3.1926,4.0512,0.12323,3.5796,0.18595,-1.312
8.98,12.885,-4.8351,4.3014,0.098648,-0.20436,-0.88413,0.40843,-4.0248,-4.4998,0.27555,0.010298,-0.47468,0.11062,-3.7249,3.0638,-0.018528,0,0,0,6.7856,6.7589,6.8691,6.866,3.2282,4.0528,0.10978,3.5348,0.14318,-1.3771
8.99,12.845,-4.8799,4.3042,0.097301,-0.20502,-0.88581,0.40476,-4.0619,-4.4689,0.27537,0.012158,-0.47665,0.1111,-3.6925,3.1043,-0.017501,0,0,0,6.7869,6.7606,6.8692,6.8662,3.2633,4.054,0.095688,3.4895,0.099765,-1.4416
9,12.804,-4.9245,4.3069,0.095947,-0.2057,-0.88748,0.40108,-4.0986,-4.4377,0.2752,0.014076,-0.47857,0.11156,-3.6597,3.1449,-0.016617,0,0,0,6.7883,6.7624,6.8694,6.8664,3.298,4.0548,0.080952,3.4437,0.055701,-1.5055
9.01,12.763,-4.9687,4.3097,0.094586,-0.20638,-0.88912,0.3974,-4.1351,-4.406,0.27503,0.016052,-0.48043,0.11202,-3.6265,3.1854,-0.015884,0,0,0,6.7896,6.7641,6.8695,6.8665,3.3322,4.0551,0.065581,3.3973,0.010988,-1.5685
9.02,12.721,-5.0126,4.3124,0.093219,-0.20707,-0.89075,0.3937,-4.1712,-4.374,0.27488,0.018085,-0.48225,0.11247,-3.593,3.226,-0.015307,0,0,0,6.791,6.7659,6.8696,6.8667,3.366,4.055,0.049585,3.3504,-0.034376,-1.6306
9.03,12.679,-5.0562,4.3152,0.091846,-0.20777,-0.89236,0.39,-4.2069,-4.3415,0.27473,0.020173,-0.48401,0.11292,-3.5592,3.2665,-0.014894,0,0,0,6.7923,6.7676,6.8697,6.8668,3.3992,4.0545,0.032973,3.3029,-0.080394,-1.6917
9.04,12.637,-5.0994,4.3179,0.090468,-0.20848,-0.89395,0.38628,-4.2423,-4.3086,0.27458,0.022316,-0.48571,0.11336,-3.5251,3.3071,-0.01465,0,0,0,6.7937,6.7694,6.8698,6.8669,3.432,4.0534,0.015755,3.2547,-0.12707,-1.7516
9.05,12.594,-5.1423,4.3207,0.089085,-0.2092,-0.89552,0.38255,-4.2774,-4.2754,0.27443,0.024511,-0.48736,0.11379,-3.4906,3.3476,-0.014581,0,0,0,6.7951,6.7712,6.8699,6.8669,3.4643,4.0519,-0.002056,3.2058,-0.1744,-1.8104
9.06,12.551,-5.1849,4.3234,0.087698,-0.20992,-0.89707,0.37882,-4.3122,-4.2417,0.27429,0.026759,-0.48895,0.11421,-3.4558,3.3881,-0.014693,0,0,0,6.7965,6.773,6.87,6.867,3.4961,4.0499,-0.020448,3.1562,-0.2224,-1.8677
9.07,12.508,-5.2272,4.3261,0.086306,-0.21066,-0.89861,0.37507,-4.3465,-4.2076,0.27414,0.029057,-0.49049,0.11463,-3.4207,3.4286,-0.014992,0,0,0,6.7979,6.7748,6.8701,6.867,3.5274,4.0475,-0.039406,3.1058,-0.27105,-1.9237
9.08,12.465,-5.2691,4.3289,0.08491,-0.21141,-0.90013,0.37131,-4.3806,-4.1731,0.27399,0.031404,-0.49196,0.11503,-3.3852,3.469,-0.015483,0,0,0,6.7994,6.7766,6.8701,6.867,3.5582,4.0445,-0.058916,3.0546,-0.32038,-1.9781
9.09,12.421,-5.3106,4.3316,0.083511,-0.21216,-0.90162,0.36754,-4.4142,-4.1382,0.27383,0.0338,-0.49338,0.11543,-3.3495,3.5095,-0.016172,0,0,0,6.8008,6.7784,6.8701,6.8669,3.5885,4.0411,-0.078962,3.0026,-0.37037,-2.0308
9.1,12.376,-5.3518,4.3344,0.08211,-0.21292,-0.9031,0.36376,-4.4476,-4.1029,0.27366,0.036242,-0.49473,0.11582,-3.3135,3.5499,-0.017064,0,0,0,6.8022,6.7802,6.8701,6.8668,3.6183,4.0371,-0.099526,2.9498,-0.42103,-2.0818
9.11,12.332,-5.3927,4.3371,0.080705,-0.2137,-0.90457,0.35997,-4.4805,-4.0672,0.27349,0.038729,-0.49602,0.1162,-3.2771,3.5902,-0.018164,0,0,0,6.8037,6.782,6.87,6.8667,3.6475,4.0326,-0.12059,2.896,-0.47237,-2.1309
9.12,12.287,-5.4332,4.3398,0.079299,-0.21448,-0.90601,0.35617,-4.5131,-4.0311,0.2733,0.041261,-0.49724,0.11658,-3.2405,3.6305,-0.019477,0,0,0,6.8052,6.7838,6.87,6.8666,3.6762,4.0276,-0.14214,2.8413,-0.52438,-2.178
9.13,12.241,-5.4733,4.3426,0.077891,-0.21527,-0.90744,0.35235,-4.5453,-3.9946,0.2731,0.043834,-0.4984,0.11694,-3.2036,3.6708,-0.021008,0,0,0,6.8066,6.7857,6.8698,6.8664,3.7043,4.0221,-0.16414,2.7856,-0.57707,-2.2231
9.14,12.196,-5.5131,4.3453,0.076481,-0.21607,-0.90884,0.34853,-4.5772,-3.9577,0.27288,0.046449,-0.4995,0.1173,-3.1664,3.7109,-0.022762,0,0,0,6.8081,6.7875,6.8697,6.8661,3.7319,4.0161,-0.18659,2.7289,-0.63044,-2.2659
9.15,12.15,-5.5525,4.348,0.075071,-0.21688,-0.91023,0.34469,-4.6086,-3.9204,0.27264,0.049102,-0.50052,0.11764,-3.129,3.7511,-0.024741,0,0,0,6.8096,6.7893,6.8695,6.8658,3.7589,4.0095,-0.20946,2.6711,-0.68449,-2.3065
9.16,12.104,-5.5915,4.3508,0.07366,-0.2177,-0.9116,0.34083,-4.6397,-3.8827,0.27238,0.051794,-0.50148,0.11798,-3.0912,3.7911,-0.026952,0,0,0,6.811,6.7912,6.8693,6.8655,3.7853,4.0024,-0.23271,2.6123,-0.73922,-2.3447
9.17,12.057,-5.6301,4.3535,0.072249,-0.21853,-0.91295,0.33697,-4.6705,-3.8446,0.2721,0.054521,-0.50236,0.11831,-3.0533,3.8311,-0.029397,0,0,0,6.8125,6.793,6.8691,6.8651,3.8112,3.9947,-0.25634,2.5523,-0.79464,-2.3804
9.18,12.01,-5.6684,4.3562,0.070839,-0.21937,-0.91428,0.33309,-4.7008,-3.8061,0.27179,0.057283,-0.50318,0.11862,-3.015,3.871,-0.03208,0,0,0,6.814,6.7948,6.8688,6.8647,3.8364,3.9865,-0.28031,2.4912,-0.85075,-2.4135
9.19,11.963,-5.7062,4.3589,0.06943,-0.22022,-0.91559,0.3292,-4.7308,-3.7672,0.27146,0.060077,-0.50392,0.11893,-2.9765,3.9109,-0.035004,0,0,0,6.8155,6.7967,6.8685,6.8642,3.861,3.9777,-0.3046,2.429,-0.90755,-2.444
9.2,11.916,-5.7437,4.3616,0.068021,-0.22108,-0.91689,0.32529,-4.7603,-3.7279,0.27109,0.062901,-0.50459,0.11922,-2.9378,3.9506,-0.038173,0,0,0,6.817,6.7985,6.8681,6.8636,3.885,3.9684,-0.32918,2.3657,-0.96501,-2.4718
9.21,11.868,-5.7808,4.3643,0.066615,-0.22194,-0.91816,0.32137,-4.7895,-3.6882,0.27069,0.065755,-0.50518,0.11951,-2.8988,3.9902,-0.041589,0,0,0,6.8185,6.8004,6.8677,6.863,3.9083,3.9584,-0.35403,2.3013,-1.0231,-2.4971
9.22,11.82,-5.8175,4.367,0.065211,-0.22282,-0.91942,0.31744,-4.8183,-3.6481,0.27026,0.068635,-0.50569,0.11978,-2.8596,4.0297,-0.045254,0,0,0,6.82,6.8022,6.8673,6.8624,3.931,3.9479,-0.37912,2.236,-1.0819,-2.5199
9.23,11.771,-5.8538,4.3697,0.06381,-0.2237,-0.92066,0.31349,-4.8467,-3.6076,0.26979,0.071541,-0.50613,0.12005,-2.8202,4.0692,-0.049172,0,0,0,6.8216,6.8041,6.8668,6.8616,3.953,3.9368,-0.40442,2.1697,-1.1413,-2.5402
9.24,11.723,-5.8896,4.3724,0.062412,-0.2246,-0.92187,0.30953,-4.8747,-3.5667,0.26928,0.07447,-0.50649,0.1203,-2.7806,4.1085,-0.053343,0,0,0,6.8231,6.8059,6.8663,6.8609,3.9744,3.9251,-0.42991,2.1025,-1.2013,-2.558
9.25,11.674,-5.9251,4.3751,0.061017,-0.2255,-0.92307,0.30555,-4.9023,-3.5254,0.26872,0.077419,-0.50676,0.12054,-2.7407,4.1477,-0.057771,0,0,0,6.8246,6.8078,6.8657,6.8601,3.995,3.9128,-0.45557,2.0344,-1.262,-2.5733
9.26,11.625,-5.9601,4.3778,0.059627,-0.22641,-0.92425,0.30156,-4.9295,-3.4837,0.26812,0.080388,-0.50696,0.12076,-2.7007,4.1867,-0.062455,0,0,0,6.8261,6.8096,6.8651,6.8592,4.015,3.8998,-0.48137,1.9655,-1.3232,-2.5862
9.27,11.575,-5.9948,4.3805,0.058241,-0.22733,-0.92541,0.29755,-4.9563,-3.4417,0.26747,0.083373,-0.50707,0.12098,-2.6604,4.2257,-0.067399,0,0,0,6.8276,6.8114,6.8644,6.8583,4.0344,3.8863,-0.50729,1.8959,-1.3851,-2.5966
9.28,11.526,-6.029,4.3832,0.05686,-0.22826,-0.92655,0.29353,-4.9827,-3.3992,0.26677,0.086374,-0.5071,0.12118,-2.62,4.2645,-0.072601,0,0,0,6.8291,6.8132,6.8637,6.8573,4.053,3.8721,-0.53329,1.8256,-1.4475,-2.6047
9.29,11.476,-6.0628,4.3858,0.055485,-0.2292,-0.92768,0.28949,-5.0087,-3.3564,0.26602,0.089387,-0.50704,0.12137,-2.5794,4.3031,-0.078065,0,0,0,6.8306,6.815,6.863,6.8563,4.0709,3.8573,-0.55937,1.7545,-1.5105,-2.6105
9.3,11.425,-6.0961,4.3885,0.054116,-0.23015,-0.92878,0.28544,-5.0343,-3.3131,0.26521,0.09241,-0.5069,0.12155,-2.5386,4.3416,-0.083789,0,0,0,6.8321,6.8168,6.8623,6.8552,4.0881,3.8419,-0.5855,1.6829,-1.574,-2.6139
9.31,11.375,-6.129,4.3911,0.052753,-0.2311,-0.92986,0.28136,-5.0595,-3.2695,0.26434,0.095442,-0.50667,0.12172,-2.4976,4.3799,-0.089775,0,0,0,6.8336,6.8186,6.8615,6.8541,4.1045,3.8259,-0.61164,1.6107,-1.6381,-2.615
9.32,11.324,-6.1615,4.3938,0.051397,-0.23207,-0.93092,0.27728,-5.0843,-3.2255,0.26341,0.098479,-0.50635,0.12187,-2.4565,4.4181,-0.096022,0,0,0,6.8351,6.8204,6.8606,6.8529,4.1203,3.8092,-0.63779,1.538,-1.7027,-2.6138
9.33,11.273,-6.1935,4.3964,0.050049,-0.23304,-0.93197,0.27317,-5.1086,-3.1812,0.26242,0.10152,-0.50595,0.12201,-2.4152,4.4561,-0.10253,0,0,0,6.8366,6.8221,6.8597,6.8517,4.1353,3.7918,-0.66391,1.4647,-1.7678,-2.6104
9.34,11.222,-6.2251,4.399,0.048709,-0.23402,-0.93299,0.26905,-5.1326,-3.1364,0.26136,0.10456,-0.50545,0.12213,-2.3738,4.494,-0.1093,0,0,0,6.838,6.8239,6.8588,6.8504,4.1496,3.7738,-0.68999,1.3911,-1.8335,-2.6048
9.35,11.171,-6.2562,4.4016,0.047377,-0.23501,-0.934,0.26491,-5.1561,-3.0913,0.26023,0.1076,-0.50487,0.12224,-2.3322,4.5316,-0.11633,0,0,0,6.8395,6.8256,6.8579,6.8491,4.1631,3.7551,-0.716,1.317,-1.8996,-2.5969
9.36,11.119,-6.2869,4.4042,0.046054,-0.236,-0.93498,0.26076,-5.1792,-3.0458,0.25903,0.11064,-0.5042,0.12234,-2.2905,4.5691,-0.12362,0,0,0,6.8409,6.8273,6.8569,6.8477,4.1759,3.7358,-0.74192,1.2426,-1.9662,-2.5869
9.37,11.067,-6.3172,4.4068,0.04474,-0.23701,-0.93594,0.25659,-5.2019,-2.9999,0.25776,0.11367,-0.50344,0.12242,-2.2487,4.6063,-0.13117,0,0,0,6.8424,6.8289,6.8559,6.8463,4.188,3.7158,-0.76773,1.168,-2.0333,-2.5748
9.38,11.015,-6.3469,4.4094,0.043437,-0.23802,-0.93689,0.25239,-5.2242,-2.9537,0.25641,0.1167,-0.50258,0.12249,-2.2068,4.6434,-0.13897,0,0,0,6.8438,6.8306,6.8548,6.8448,4.1993,3.6951,-0.79341,1.093,-2.1009,-2.5605
9.39,10.963,-6.3762,4.4119,0.042143,-0.23904,-0.93781,0.24819,-5.2461,-2.907,0.25498,0.11971,-0.50164,0.12255,-2.1647,4.6802,-0.14704,0,0,0,6.8452,6.8322,6.8537,6.8433,4.2098,3.6738,-0.81893,1.0179,-2.1689,-2.5441
9.4,10.91,-6.4051,4.4145,0.040861,-0.24006,-0.93871,0.24396,-5.2675,-2.8601,0.25347,0.12271,-0.50061,0.12259,-2.1226,4.7168,-0.15535,0,0,0,6.8466,6.8338,6.8526,6.8417,4.2196,3.6518,-0.84428,0.94258,-2.2374,-2.5257
9.41,10.857,-6.4334,4.417,0.03959,-0.2411,-0.9396,0.23971,-5.2885,-2.8127,0.25187,0.12569,-0.49948,0.12262,-2.0803,4.7532,-0.16392,0,0,0,6.8479,6.8354,6.8515,6.8402,4.2287,3.629,-0.86944,0.86718,-2.3063,-2.5052
9.42,10.804,-6.4613,4.4195,0.038331,-0.24214,-0.94046,0.23545,-5.3091,-2.765,0.25019,0.12866,-0.49826,0.12263,-2.038,4.7894,-0.17274,0,0,0,6.8493,6.837,6.8503,6.8385,4.237,3.6056,-0.89438,0.7917,-2.3756,-2.4827
9.43,10.751,-6.4887,4.422,0.037084,-0.24318,-0.9413,0.23117,-5.3293,-2.7169,0.24842,0.1316,-0.49695,0.12263,-1.9956,4.8254,-0.18181,0,0,0,6.8506,6.8385,6.8491,6.8369,4.2445,3.5815,-0.91909,0.71621,-2.4453,-2.4583
9.44,10.698,-6.5157,4.4245,0.035849,-0.24424,-0.94212,0.22687,-5.349,-2.6685,0.24655,0.13452,-0.49555,0.12262,-1.9531,4.861,-0.19112,0,0,0,6.8519,6.84,6.8479,6.8352,4.2513,3.5567,-0.94354,0.64075,-2.5154,-2.4319
9.45,10.644,-6.5421,4.4269,0.034629,-0.24529,-0.94292,0.22255,-5.3683,-2.6197,0.24459,0.13741,-0.49406,0.12259,-1.9106,4.8965,-0.20068,0,0,0,6.8532,6.8414,6.8466,6.8334,4.2573,3.5312,-0.96772,0.56536,-2.5859,-2.4035
9.46,10.59,-6.5681,4.4294,0.033421,-0.24636,-0.9437,0.21821,-5.3872,-2.5706,0.24254,0.14027,-0.49247,0.12254,-1.868,4.9317,-0.21047,0,0,0,6.8545,6.8428,6.8453,6.8316,4.2626,3.505,-0.9916,0.4901,-2.6567,-2.3732
9.47,10.536,-6.5935,4.4318,0.032228,-0.24743,-0.94446,0.21386,-5.4057,-2.5211,0.24038,0.1431,-0.4908,0.12249,-1.8253,4.9666,-0.22051,0,0,0,6.8557,6.8442,6.844,6.8298,4.2671,3.4781,-1.0152,0.415,-2.7279,-2.3411
9.48,10.482,-6.6185,4.4342,0.03105,-0.2485,-0.9452,0.20948,-5.4237,-2.4712,0.23813,0.14589,-0.48904,0.12241,-1.7826,5.0012,-0.23078,0,0,0,6.857,6.8456,6.8427,6.828,4.2709,3.4504,-1.0384,0.34012,-2.7995,-2.3071
9.49,10.428,-6.6429,4.4365,0.029886,-0.24959,-0.94591,0.20508,-5.4413,-2.421,0.23577,0.14865,-0.48718,0.12233,-1.7399,5.0356,-0.24128,0,0,0,6.8582,6.8469,6.8413,6.8261,4.2739,3.4221,-1.0613,0.2655,-2.8714,-2.2712
9.5,10.373,-6.6669,4.4389,0.028738,-0.25067,-0.94661,0.20067,-5.4585,-2.3705,0.2333,0.15137,-0.48524,0.12223,-1.6972,5.0697,-0.252,0,0,0,6.8593,6.8481,6.8399,6.8242,4.2762,3.393,-1.0838,0.19118,-2.9436,-2.2336
9.51,10.319,-6.6903,4.4412,0.027606,-0.25176,-0.94728,0.19624,-5.4753,-2.3197,0.23073,0.15404,-0.48321,0.12211,-1.6544,5.1034,-0.26295,0,0,0,6.8604,6.8493,6.8385,6.8222,4.2777,3.3632,-1.106,0.11722,-3.0162,-2.1942
9.52,10.264,-6.7133,4.4435,0.026491,-0.25286,-0.94794,0.19178,-5.4916,-2.2685,0.22804,0.15666,-0.4811,0.12198,-1.6116,5.1369,-0.27412,0,0,0,6.8615,6.8505,6.8371,6.8203,4.2785,3.3327,-1.1277,0.043665,-3.089,-2.153
9.53,10.209,-6.7357,4.4458,0.025392,-0.25395,-0.94857,0.18731,-5.5075,-2.2169,0.22524,0.15924,-0.47889,0.12184,-1.5688,5.1701,-0.2855,0,0,0,6.8626,6.8516,6.8357,6.8183,4.2786,3.3014,-1.149,-0.029448,-3.1621,-2.1102
9.54,10.154,-6.7576,4.448,0.02431,-0.25506,-0.94917,0.18282,-5.523,-2.1651,0.22233,0.16176,-0.47661,0.12168,-1.526,5.203,-0.2971,0,0,0,6.8636,6.8527,6.8342,6.8163,4.278,3.2694,-1.1699,-0.10207,-3.2356,-2.0656
9.55,10.098,-6.779,4.4502,0.023246,-0.25616,-0.94976,0.17831,-5.538,-2.1129,0.2193,0.16423,-0.47423,0.12151,-1.4833,5.2355,-0.3089,0,0,0,6.8646,6.8537,6.8327,6.8142,4.2766,3.2367,-1.1903,-0.17415,-3.3092,-2.0193
9.56,10.043,-6.7999,4.4524,0.0222,-0.25727,-0.95033,0.17377,-5.5527,-2.0603,0.21615,0.16664,-0.47178,0.12132,-1.4405,5.2677,-0.3209,0,0,0,6.8656,6.8546,6.8312,6.8121,4.2745,3.2033,-1.2103,-0.24571,-3.3832,-1.9713
9.57,9.9874,-6.8202,4.4545,0.021172,-0.25838,-0.95087,0.16922,-5.5669,-2.0075,0.21288,0.16899,-0.46925,0.12112,-1.3978,5.2995,-0.33311,0,0,0,6.8665,6.8555,6.8297,6.8101,4.2717,3.1691,-1.2298,-0.31676,-3.4574,-1.9213
9.58,9.9316,-6.84,4.4566,0.020163,-0.2595,-0.95139,0.16465,-5.5806,-1.9544,0.20949,0.17127,-0.46663,0.12091,-1.3551,5.3311,-0.3455,0,0,0,6.8673,6.8563,6.8281,6.8079,4.2681,3.1341,-1.2487,-0.38734,-3.5318,-1.8691
9.59,9.8757,-6.8593,4.4587,0.019174,-0.26061,-0.95189,0.16006,-5.594,-1.9009,0.20597,0.17349,-0.46394,0.12069,-1.3124,5.3622,-0.35808,0,0,0,6.8682,6.8571,6.8266,6.8058,4.2639,3.0984,-1.2671,-0.45746,-3.6065,-1.8148
9.6,9.8197,-6.878,4.4608,0.018203,-0.26173,-0.95236,0.15546,-5.6069,-1.8471,0.20233,0.17564,-0.46117,0.12045,-1.2698,5.393,-0.37084,0,0,0,6.8689,6.8578,6.825,6.8036,4.259,3.062,-1.285,-0.52715,-3.6814,-1.758
9.61,9.7636,-6.8962,4.4628,0.017252,-0.26285,-0.95282,0.15083,-5.6194,-1.793,0.19855,0.17771,-0.45832,0.12019,-1.2272,5.4235,-0.38378,0,0,0,6.8697,6.8585,6.8234,6.8014,4.2534,3.0248,-1.3023,-0.59644,-3.7565,-1.6986
9.62,9.7074,-6.9139,4.4647,0.016322,-0.26397,-0.95325,0.14618,-5.6314,-1.7386,0.19465,0.1797,-0.4554,0.11993,-1.1847,5.4535,-0.39688,0,0,0,6.8704,6.8591,6.8218,6.7992,4.2471,2.9868,-1.319,-0.66536,-3.8319,-1.6364
9.63,9.651,-6.931,4.4667,0.015412,-0.26509,-0.95366,0.14152,-5.643,-1.684,0.19062,0.18162,-0.45241,0.11965,-1.1423,5.4832,-0.41015,0,0,0,6.8711,6.8596,6.8201,6.7969,4.2401,2.9482,-1.335,-0.73392,-3.9074,-1.5714
9.64,9.5945,-6.9476,4.4685,0.014522,-0.26621,-0.95404,0.13683,-5.6543,-1.629,0.18645,0.18344,-0.44935,0.11936,-1.0999,5.5125,-0.42358,0,0,0,6.8717,6.8601,6.8185,6.7946,4.2324,2.9087,-1.3504,-0.80216,-3.9832,-1.5033
9.65,9.5379,-6.9636,4.4704,0.013654,-0.26733,-0.95441,0.13213,-5.665,-1.5737,0.18214,0.18518,-0.44622,0.11906,-1.0577,5.5414,-0.43716,0,0,0,6.8723,6.8605,6.8168,6.7922,4.224,2.8685,-1.3651,-0.8701,-4.0591,-1.4319
9.66,9.4812,-6.9791,4.4722,0.012807,-0.26845,-0.95474,0.12741,-5.6754,-1.5182,0.1777,0.18683,-0.44303,0.11874,-1.0155,5.5699,-0.45088,0,0,0,6.8728,6.8609,6.815,6.7899,4.215,2.8275,-1.379,-0.93776,-4.1353,-1.3572
9.67,9.4244,-6.994,4.4739,0.011981,-0.26957,-0.95506,0.12267,-5.6854,-1.4623,0.17313,0.18839,-0.43977,0.11841,-0.97336,5.5979,-0.46474,0,0,0,6.8733,6.8612,6.8133,6.7875,4.2053,2.7858,-1.3922,-1.0052,-4.2116,-1.279
9.68,9.3675,-7.0083,4.4757,0.011177,-0.27068,-0.95535,0.11791,-5.6949,-1.4062,0.16841,0.18984,-0.43644,0.11807,-0.93136,5.6256,-0.47872,0,0,0,6.8738,6.8614,6.8115,6.785,4.1949,2.7433,-1.4046,-1.0724,-4.2881,-1.197
9.69,9.3105,-7.0221,4.4773,0.010395,-0.2718,-0.95562,0.11314,-5.704,-1.3498,0.16355,0.19119,-0.43306,0.11772,-0.88947,5.6528,-0.49282,0,0,0,6.8742,6.8616,6.8097,6.7825,4.1838,2.7,-1.4161,-1.1393,-4.3647,-1.1112
9.7,9.2534,-7.0353,4.4789,0.0096359,-0.27291,-0.95587,0.10835,-5.7127,-1.2931,0.15855,0.19243,-0.42962,0.11736,-0.84769,5.6796,-0.50704,0,0,0,6.8746,6.8617,6.8079,6.78,4.1721,2.656,-1.4268,-1.2062,-4.4415,-1.0213
9.71,9.1962,-7.0479,4.4805,0.0088988,-0.27402,-0.95609,0.10354,-5.7209,-1.2362,0.15341,0.19355,-0.42612,0.11698,-0.80603,5.7059,-0.52136,0,0,0,6.875,6.8618,6.806,6.7774,4.1597,2.6112,-1.4365,-1.2728,-4.5185,-0.92734
9.72,9.139,-7.06,4.482,0.0081843,-0.27512,-0.95629,0.09871,-5.7288,-1.179,0.14812,0.19457,-0.42256,0.11659,-0.7645,5.7318,-0.53577,0,0,0,6.8753,6.8618,6.8041,6.7748,4.1466,2.5656,-1.4453,-1.3394,-4.5956,-0.82899
9.73,9.0817,-7.0715,4.4834,0.0074927,-0.27622,-0.95647,0.093867,-5.7362,-1.1216,0.14269,0.19546,-0.41896,0.11619,-0.7231,5.7572,-0.55026,0,0,0,6.8756,6.8618,6.8022,6.7721,4.1329,2.5193,-1.4531,-1.4058,-4.6728,-0.72615
9.74,9.0243,-7.0825,4.4848,0.006824,-0.27732,-0.95662,0.089008,-5.7433,-1.0639,0.13712,0.19622,-0.4153,0.11577,-0.68184,5.7822,-0.56483,0,0,0,6.8759,6.8617,6.8002,6.7694,4.1185,2.4722,-1.4598,-1.4722,-4.7502,-0.61865
9.75,8.9668,-7.0928,4.4862,0.0061784,-0.27841,-0.95675,0.084134,-5.7499,-1.0059,0.1314,0.19686,-0.41159,0.11535,-0.64073,5.8066,-0.57945,0,0,0,6.8761,6.8615,6.7982,6.7666,4.1035,2.4243,-1.4655,-1.5385,-4.8277,-0.50634
9.76,8.9093,-7.1026,4.4875,0.0055561,-0.27949,-0.95686,0.079244,-5.7561,-0.94775,0.12553,0.19735,-0.40785,0.11491,-0.59977,5.8306,-0.59413,0,0,0,6.8763,6.8613,6.7962,6.7638,4.0878,2.3756,-1.4699,-1.6048,-4.9053,-0.38905
9.77,8.8517,-7.1118,4.4887,0.0049572,-0.28057,-0.95694,0.074339,-5.7619,-0.88933,0.11951,0.19771,-0.40405,0.11446,-0.55898,5.8542,-0.60885,0,0,0,6.8765,6.861,6.7942,6.761,4.0714,2.3262,-1.4732,-1.6712,-4.983,-0.26664
9.78,8.794,-7.1204,4.4899,0.0043817,-0.28164,-0.957,0.06942,-5.7672,-0.83067,0.11335,0.19793,-0.40022,0.114,-0.51835,5.8772,-0.62359,0,0,0,6.8766,6.8607,6.7921,6.7581,4.0543,2.2759,-1.4752,-1.7375,-5.0608,-0.13893
9.79,8.7363,-7.1284,4.491,0.0038297,-0.2827,-0.95703,0.064487,-5.7722,-0.77179,0.10704,0.19799,-0.39635,0.11352,-0.47789,5.8997,-0.63835,0,0,0,6.8768,6.8603,6.79,6.7551,4.0366,2.225,-1.476,-1.8039,-5.1386,-0.00577
9.8,8.6786,-7.1358,4.492,0.0033014,-0.28376,-0.95704,0.05954,-5.7768,-0.71268,0.10058,0.1979,-0.39245,0.11304,-0.43762,5.9217,-0.65311,0,0,0,6.8769,6.8599,6.7879,6.7522,4.0183,2.1732,-1.4753,-1.8704,-5.2166,0.133
9.81,8.6208,-7.1426,4.493,0.0027967,-0.2848,-0.95703,0.054581,-5.781,-0.65335,0.09398,0.19765,-0.38852,0.11254,-0.39753,5.9431,-0.66785,0,0,0,6.877,6.8595,6.7857,6.7491,3.9992,2.1206,-1.4733,-1.937,-5.2947,0.27753
9.82,8.563,-7.1489,4.4939,0.0023157,-0.28583,-0.95699,0.049609,-5.7848,-0.59382,0.087228,0.19724,-0.38456,0.11203,-0.35764,5.9641,-0.68257,0,0,0,6.8771,6.859,6.7835,6.746,3.9795,2.0673,-1.4698,-2.0037,-5.3728,0.428
9.83,8.5051,-7.1545,4.4947,0.0018584,-0.28686,-0.95693,0.044625,-5.7881,-0.53407,0.080329,0.19665,-0.38057,0.11151,-0.31794,5.9845,-0.69724,0,0,0,6.8772,6.8584,6.7813,6.7429,3.9591,2.0132,-1.4647,-2.0706,-5.451,0.58454
9.84,8.4472,-7.1595,4.4955,0.0014248,-0.28787,-0.95685,0.039629,-5.7911,-0.47413,0.073283,0.19589,-0.37656,0.11097,-0.27846,6.0043,-0.71186,0,0,0,6.8773,6.8578,6.779,6.7397,3.9381,1.9583,-1.4581,-2.1376,-5.5292,0.74734
9.85,8.3893,-7.164,4.4962,0.0010149,-0.28887,-0.95674,0.034623,-5.7937,-0.41399,0.066092,0.19495,-0.37254,0.11043,-0.23918,6.0236,-0.7264,0,0,0,6.8774,6.8572,6.7768,6.7365,3.9164,1.9026,-1.4497,-2.2049,-5.6075,0.91654
9.86,8.3313,-7.1678,4.4968,0.00062856,-0.28985,-0.95661,0.029607,-5.7959,-0.35366,0.058756,0.19382,-0.3685,0.10987,-0.20013,6.0424,-0.74085,0,0,0,6.8775,6.8566,6.7745,6.7332,3.894,1.8461,-1.4397,-2.2724,-5.6858,1.0923
9.87,8.2734,-7.1711,4.4974,0.00026582,-0.29082,-0.95646,0.024582,-5.7977,-0.29314,0.051275,0.19249,-0.36444,0.10929,-0.1613,6.0606,-0.75518,0,0,0,6.8776,6.856,6.7722,6.7299,3.8709,1.7889,-1.4279,-2.3402,-5.7642,1.2748
9.88,8.2154,-7.1737,4.4978,-7.3425e-05,-0.29178,-0.95629,0.019547,-5.7991,-0.23245,0.043652,0.19097,-0.36039,0.10871,-0.12271,6.0782,-0.7694,0,0,0,6.8777,6.8553,6.7698,6.7265,3.8472,1.7308,-1.4142,-2.4082,-5.8426,1.4642
9.89,8.1574,-7.1757,4.4982,-0.00038927,-0.29272,-0.95609,0.014505,-5.8002,-0.17158,0.035888,0.18924,-0.35632,0.10811,-0.084362,6.0952,-0.78346,0,0,0,6.8779,6.8546,6.7675,6.7231,3.8228,1.672,-1.3986,-2.4766,-5.921,1.6606
9.9,8.0994,-7.1771,4.4986,-0.00068184,-0.29364,-0.95587,0.0094548,-5.8008,-0.11055,0.027984,0.1873,-0.35226,0.1075,-0.04626,6.1116,-0.79736,0,0,0,6.878,6.8539,6.7651,6.7197,3.7977,1.6124,-1.381,-2.5453,-5.9994,1.8642
9.91,8.0414,-7.1779,4.4988,-0.00095124,-0.29455,-0.95563,0.004398,-5.8011,-0.049353,0.019941,0.18515,-0.3482,0.10687,-0.0084113,6.1274,-0.81107,0,0,0,6.8782,6.8532,6.7628,6.7163,3.7719,1.552,-1.3613,-2.6143,-6.0778,2.0751
9.92,7.9834,-7.1781,4.499,0.0011976,0.29544,0.95536,0.0006648,-5.801,0.011998,0.011763,0.18277,-0.34415,0.10624,0.029175,6.1426,-0.82458,0,0,0,6.8784,6.8524,6.7604,6.7128,3.7454,1.4909,-1.3394,-2.6837,-6.1562,2.2933
9.93,7.9254,-7.1777,4.499,0.0014212,0.2963,0.95508,0.0057329,-5.8005,0.073498,0.0034506,0.18016,-0.34012,0.10559,0.066494,6.1572,-0.83786,0,0,0,6.8787,6.8517,6.758,6.7093,3.7182,1.4289,-1.3154,-2.7534,-6.2344,2.5167
9.94,7.8674,-7.1766,4.499,0.0016221,0.29715,0.95477,0.010806,-5.7997,0.13514,-0.0049933,0.17732,-0.3361,0.10492,0.10354,6.1712,-0.85088,0,0,0,6.879,6.851,6.7556,6.7057,3.6903,1.3662,-1.2891,-2.823,-6.312,2.7427
9.95,7.8094,-7.175,4.4989,0.0018006,0.29798,0.95444,0.015882,-5.7984,0.19692,-0.013566,0.17425,-0.33211,0.10424,0.1403,6.1846,-0.86363,0,0,0,6.8793,6.8503,6.7532,6.7023,3.6617,1.3027,-1.2605,-2.8926,-6.3889,2.9686
9.96,7.7514,-7.1727,4.4987,0.0019568,0.29878,0.95409,0.020962,-5.7968,0.25883,-0.022265,0.17095,-0.32814,0.10355,0.17677,6.1973,-0.87608,0,0,0,6.8797,6.8496,6.7509,6.6988,3.6325,1.2384,-1.2297,-2.9617,-6.4647,3.1918
9.97,7.6934,-7.1698,4.4985,0.0020911,0.29956,0.95372,0.026043,-5.7949,0.32086,-0.031087,0.16741,-0.32421,0.10284,0.21294,6.2093,-0.88822,0,0,0,6.88,6.8489,6.7486,6.6954,3.6025,1.1734,-1.1967,-3.0304,-6.5392,3.4097
9.98,7.6355,-7.1663,4.4981,0.0022037,0.30031,0.95333,0.031127,-5.7926,0.38301,-0.040028,0.16364,-0.32032,0.10213,0.24882,6.2207,-0.90001,0,0,0,6.8804,6.8483,6.7462,6.692,3.5719,1.1076,-1.1616,-3.0983,-6.6122,3.6196
9.99,7.5776,-7.1621,4.4977,0.0022949,0.30104,0.95292,0.036211,-5.7899,0.44528,-0.049086,0.15964,-0.31648,0.10139,0.28438,6.2315,-0.91144,0,0,0,6.8808,6.8476,6.744,6.6887,3.5405,1.0411,-1.1244,-3.1653,-6.6833,3.8191
10,7.5197,-7.1574,4.4971,0.002365,0.30174,0.95249,0.041294,-5.7869,0.50764,-0.058256,0.15543,-0.31268,0.10065,0.31963,6.2415,-0.92249,0,0,0,6.8811,6.847,6.7417,6.6856,3.5086,0.97395,-1.0852,-3.2314,-6.7525,4.0076
10.01,7.4619,-7.152,4.4965,0.0024144,0.30241,0.95205,0.046377,-5.7835,0.5701,-0.067534,0.151,-0.30894,0.099889,0.35455,6.2509,-0.93314,0,0,0,6.8815,6.8464,6.7395,6.6825,3.4759,0.90609,-1.0442,-3.2965,-6.8198,4.1853
10.02,7.404,-7.146,4.4958,0.0024434,0.30306,0.95158,0.051459,-5.7798,0.63266,-0.076917,0.14637,-0.30527,0.099118,0.38914,6.2597,-0.94337,0,0,0,6.8818,6.8458,6.7374,6.6795,3.4426,0.83756,-1.0015,-3.3608,-6.8851,4.3526
10.03,7.3463,-7.1393,4.495,0.0024524,0.30367,0.95109,0.056537,-5.7758,0.6953,-0.0864,0.14154,-0.30166,0.098335,0.4234,6.2677,-0.95316,0,0,0,6.8822,6.8453,6.7353,6.6766,3.4087,0.76839,-0.95722,-3.4242,-6.9484,4.5097
10.04,7.2885,-7.1321,4.4941,0.0024418,0.30426,0.95059,0.061613,-5.7713,0.75801,-0.095979,0.13651,-0.29812,0.09754,0.45731,6.275,-0.96251,0,0,0,6.8826,6.8447,6.7332,6.6738,3.3741,0.6986,-0.91138,-3.4867,-7.0098,4.6569
10.05,7.2308,-7.1242,4.4931,0.0024121,0.30481,0.95007,0.066684,-5.7666,0.82079,-0.10565,0.1313,-0.29466,0.096733,0.49088,6.2817,-0.97139,0,0,0,6.883,6.8442,6.7312,6.6711,3.339,0.6282,-0.86411,-3.5483,-7.069,4.7944
10.06,7.1732,-7.1156,4.492,0.0023637,0.30533,0.94954,0.07175,-5.7615,0.88364,-0.1154,0.1259,-0.29128,0.095915,0.52409,6.2876,-0.97979,0,0,0,6.8834,6.8437,6.7293,6.6685,3.3032,0.55723,-0.81552,-3.6091,-7.1263,4.9226
10.07,7.1156,-7.1065,4.4907,0.002297,0.30582,0.94898,0.07681,-5.7561,0.94654,-0.12524,0.12034,-0.28798,0.095086,0.55694,6.2928,-0.98769,0,0,0,6.8838,6.8433,6.7274,6.666,3.2668,0.48569,-0.76569,-3.6691,-7.1814,5.0417
10.08,7.0581,-7.0967,4.4894,0.0022125,0.30627,0.94841,0.081864,-5.7504,1.0095,-0.13516,0.11461,-0.28478,0.094247,0.58942,6.2973,-0.9951,0,0,0,6.8841,6.8429,6.7255,6.6636,3.2298,0.4136,-0.71472,-3.7283,-7.2345,5.1519
10.09,7.0006,-7.0863,4.488,0.0021108,0.30669,0.94783,0.086911,-5.7443,1.0725,-0.14514,0.10872,-0.28167,0.093397,0.62154,6.3011,-1.002,0,0,0,6.8846,6.8425,6.7238,6.6614,3.1922,0.341,-0.66268,-3.7867,-7.2854,5.2536
10.1,6.9432,-7.0753,4.4865,0.0019923,0.30708,0.94723,0.09195,-5.738,1.1355,-0.1552,0.10267,-0.27866,0.092537,0.65327,6.3041,-1.0083,0,0,0,6.885,6.8421,6.7221,6.6592,3.1541,0.2679,-0.60967,-3.8444,-7.3342,5.347
10.11,6.8858,-7.0636,4.4849,0.0018577,0.30743,0.94661,0.096979,-5.7313,1.1986,-0.16531,0.096482,-0.27575,0.091668,0.68462,6.3064,-1.0142,0,0,0,6.8854,6.8418,6.7204,6.6571,3.1153,0.19433,-0.55577,-3.9013,-7.3808,5.4324
10.12,6.8286,-7.0513,4.4832,0.0017073,0.30774,0.94599,0.102,-5.7243,1.2616,-0.17548,0.090152,-0.27294,0.09079,0.71557,6.308,-1.0195,0,0,0,6.8858,6.8415,6.7189,6.6552,3.076,0.12029,-0.50105,-3.9576,-7.4252,5.5101
10.13,6.7714,-7.0384,4.4814,0.0015418,0.30802,0.94534,0.10701,-5.717,1.3247,-0.1857,0.083689,-0.27025,0.089902,0.74613,6.3088,-1.0242,0,0,0,6.8862,6.8412,6.7173,6.6533,3.0362,0.045829,-0.44559,-4.0131,-7.4675,5.5804
10.14,6.7142,-7.0248,4.4795,0.0013617,0.30826,0.94468,0.11201,-5.7094,1.3878,-0.19596,0.0771,-0.26766,0.089006,0.77629,6.3089,-1.0284,0,0,0,6.8866,6.8409,6.7159,6.6516,2.9958,-0.029047,-0.38946,-4.0679,-7.5074,5.6434
10.15,6.6572,-7.0106,4.4775,0.0011677,0.30846,0.94401,0.11699,-5.7014,1.4509,-0.20626,0.070391,-0.26518,0.088101,0.80605,6.3083,-1.032,0,0,0,6.8871,6.8407,6.7145,6.6499,2.9548,-0.10431,-0.33274,-4.122,-7.5452,5.6996
10.16,6.6002,-6.9958,4.4754,0.00096021,0.30862,0.94333,0.12197,-5.6932,1.514,-0.2166,0.06357,-0.26283,0.087189,0.83539,6.3068,-1.035,0,0,0,6.8875,6.8405,6.7131,6.6484,2.9133,-0.17994,-0.2755,-4.1755,-7.5806,5.7491
10.17,6.5433,-6.9803,4.4732,0.00073993,0.30875,0.94264,0.12693,-5.6847,1.577,-0.22696,0.056641,-0.26059,0.086269,0.86431,6.3047,-1.0375,0,0,0,6.8879,6.8404,6.7119,6.6469,2.8713,-0.25592,-0.21778,-4.2284,-7.6138,5.7922
10.18,6.4865,-6.9642,4.4709,0.00050745,0.30884,0.94193,0.13187,-5.6759,1.6401,-0.23734,0.049613,-0.25846,0.085342,0.89281,6.3017,-1.0394,0,0,0,6.8884,6.8402,6.7106,6.6455,2.8288,-0.33221,-0.15967,-4.2807,-7.6446,5.8293
10.19,6.4298,-6.9475,4.4684,0.00026335,0.30888,0.94121,0.1368,-5.6669,1.7031,-0.24775,0.04249,-0.25646,0.084407,0.92089,6.298,-1.0407,0,0,0,6.8888,6.8401,6.7094,6.6442,2.7857,-0.4088,-0.10122,-4.3323,-7.6731,5.8605
10.2,6.3732,-6.9302,4.4659,8.2547e-06,0.30889,0.94048,0.14172,-5.6575,1.766,-0.25816,0.035279,-0.25459,0.083466,0.94853,6.2935,-1.0414,0,0,0,6.8892,6.84,6.7083,6.643,2.7421,-0.48567,-0.042479,-4.3834,-7.6992,5.8862
10.21,6.3166,-6.9122,4.4633,-0.00025723,0.30885,0.93974,0.14662,-5.6479,1.8289,-0.26857,0.027986,-0.25283,0.082518,0.97573,6.2883,-1.0415,0,0,0,6.8896,6.8399,6.7073,6.6419,2.6981,-0.56278,0.01649,-4.434,-7.7229,5.9067
10.22,6.2602,-6.8936,4.4605,-0.0005325,0.30878,0.93899,0.1515,-5.638,1.8918,-0.27898,0.020617,-0.2512,0.081564,1.0025,6.2823,-1.0411,0,0,0,6.8901,6.8399,6.7062,6.6409,2.6535,-0.64012,0.075638,-4.4839,-7.7442,5.9221
10.23,6.2039,-6.8744,4.4577,-0.00081692,0.30866,0.93823,0.15636,-5.6279,1.9546,-0.28939,0.013177,-0.2497,0.080604,1.0288,6.2755,-1.04,0,0,0,6.8905,6.8398,6.7053,6.6399,2.6084,-0.71765,0.13492,-4.5334,-7.7631,5.9329
10.24,6.1476,-6.8545,4.4547,-0.0011099,0.3085,0.93746,0.16121,-5.6174,2.0173,-0.29978,0.0056729,-0.24832,0.079638,1.0547,6.2679,-1.0384,0,0,0,6.8909,6.8398,6.7043,6.639,2.5628,-0.79537,0.19428,-4.5824,-7.7795,5.9391
10.25,6.0915,-6.834,4.4517,-0.0014108,0.3083,0.93669,0.16604,-5.6068,2.0799,-0.31016,-0.0018909,-0.24706,0.078667,1.0801,6.2596,-1.0361,0,0,0,6.8914,6.8398,6.7034,6.6382,2.5167,-0.87324,0.25369,-4.6309,-7.7934,5.9413
10.26,6.0355,-6.8129,4.4485,-0.001719,0.30806,0.9359,0.17084,-5.5958,2.1425,-0.3205,-0.0095088,-0.24593,0.077691,1.105,6.2505,-1.0333,0,0,0,6.8918,6.8399,6.7026,6.6374,2.4702,-0.95123,0.31309,-4.6789,-7.8049,5.9395
10.27,5.9796,-6.7912,4.4453,-0.0020339,0.30778,0.93511,0.17563,-5.5847,2.2049,-0.33082,-0.017176,-0.24493,0.076709,1.1295,6.2406,-1.0299,0,0,0,6.8922,6.8399,6.7018,6.6367,2.4232,-1.0293,0.37246,-4.7265,-7.8138,5.934
10.28,5.9238,-6.7688,4.4419,-0.002355,0.30745,0.93431,0.1804,-5.5733,2.2673,-0.3411,-0.024887,-0.24405,0.075723,1.1534,6.2299,-1.0258,0,0,0,6.8926,6.84,6.701,6.6361,2.3757,-1.1075,0.43176,-4.7736,-7.8201,5.9253
10.29,5.8681,-6.7458,4.4385,-0.0026815,0.30708,0.9335,0.18514,-5.5616,2.3295,-0.35133,-0.032637,-0.24329,0.074731,1.177,6.2184,-1.0212,0,0,0,6.893,6.8401,6.7003,6.6355,2.3277,-1.1857,0.49096,-4.8203,-7.8239,5.9134
10.3,5.8126,-6.7222,4.4349,-0.0030129,0.30667,0.93268,0.18986,-5.5497,2.3917,-0.36152,-0.040422,-0.24266,0.073736,1.2,6.2062,-1.016,0,0,0,6.8935,6.8402,6.6996,6.635,2.2792,-1.264,0.55002,-4.8666,-7.8251,5.8985
10.31,5.7572,-6.698,4.4312,-0.0033487,0.30622,0.93186,0.19456,-5.5376,2.4537,-0.37165,-0.048237,-0.24215,0.072736,1.2225,6.1931,-1.0102,0,0,0,6.8939,6.8404,6.6989,6.6345,2.2304,-1.3422,0.60892,-4.9124,-7.8239,5.8805
10.32,5.7018,-6.6731,4.4275,-0.0036882,0.30572,0.93103,0.19924,-5.5253,2.5155,-0.38172,-0.056078,-0.24176,0.071732,1.2446,6.1793,-1.0039,0,0,0,6.8943,6.8405,6.6983,6.6341,2.181,-1.4204,0.66762,-4.9577,-7.8203,5.8593
10.33,5.6466,-6.6477,4.4236,-0.0040308,0.30518,0.9302,0.20389,-5.5127,2.5772,-0.39173,-0.06394,-0.24149,0.070724,1.2662,6.1647,-0.99688,0,0,0,6.8947,6.8407,6.6977,6.6337,2.1312,-1.4986,0.72609,-5.0024,-7.8142,5.8351
10.34,5.5916,-6.6216,4.4196,-0.0043761,0.30459,0.92937,0.20852,-5.4999,2.6388,-0.40166,-0.071818,-0.24133,0.069712,1.2872,6.1493,-0.98933,0,0,0,6.8951,6.8409,6.6972,6.6334,2.081,-1.5767,0.78431,-5.0465,-7.8059,5.8077
10.35,5.5366,-6.5949,4.4156,-0.0047234,0.30397,0.92853,0.21312,-5.487,2.7002,-0.41151,-0.079709,-0.2413,0.068697,1.3078,6.1332,-0.9812,0,0,0,6.8955,6.8411,6.6967,6.6331,2.0303,-1.6547,0.84224,-5.0899,-7.7953,5.7771
10.36,5.4818,-6.5676,4.4114,-0.0050722,0.3033,0.92768,0.2177,-5.4738,2.7615,-0.42128,-0.087608,-0.24138,0.067678,1.3278,6.1163,-0.97249,0,0,0,6.8958,6.8413,6.6962,6.6329,1.9792,-1.7326,0.89984,-5.1327,-7.7824,5.7432
10.37,5.4272,-6.5397,4.4071,-0.005422,0.30258,0.92683,0.22225,-5.4604,2.8225,-0.43096,-0.09551,-0.24157,0.066656,1.3474,6.0985,-0.9632,0,0,0,6.8962,6.8416,6.6958,6.6327,1.9276,-1.8104,0.95709,-5.1748,-7.7674,5.7062
10.38,5.3726,-6.5111,4.4028,-0.0057722,0.30183,0.92598,0.22678,-5.4468,2.8834,-0.44054,-0.10341,-0.24187,0.065632,1.3664,6.08,-0.95335,0,0,0,6.8965,6.8418,6.6954,6.6326,1.8757,-1.888,1.014,-5.216,-7.7503,5.6658
10.39,5.3182,-6.482,4.3983,-0.0061224,0.30103,0.92512,0.23128,-5.4331,2.9441,-0.45003,-0.11131,-0.24228,0.064605,1.3849,6.0608,-0.94292,0,0,0,6.8969,6.842,6.695,6.6326,1.8233,-1.9654,1.0704,-5.2565,-7.7311,5.6222
10.4,5.264,-6.4523,4.3938,-0.0064719,0.30018,0.92427,0.23575,-5.4192,3.0047,-0.4594,-0.1192,-0.2428,0.063576,1.4028,6.0407,-0.93194,0,0,0,6.8972,6.8423,6.6947,6.6326,1.7705,-2.0426,1.1264,-5.2961,-7.71,5.5753
10.41,5.2099,-6.4219,4.3891,-0.0068204,0.29929,0.92341,0.24019,-5.405,3.065,-0.46866,-0.12708,-0.24342,0.062544,1.4203,6.0199,-0.9204,0,0,0,6.8975,6.8425,6.6945,6.6327,1.7174,-2.1196,1.1819,-5.3348,-7.6869,5.525
10.42,5.1559,-6.391,4.3844,-0.0071673,0.29836,0.92255,0.24461,-5.3907,3.1251,-0.47781,-0.13494,-0.24414,0.061511,1.4372,5.9984,-0.9083,0,0,0,6.8978,6.8428,6.6943,6.6328,1.6638,-2.1963,1.2369,-5.3726,-7.6618,5.4713
10.43,5.102,-6.3594,4.3796,-0.0075122,0.29739,0.92169,0.249,-5.3763,3.1849,-0.48683,-0.14278,-0.24496,0.060477,1.4536,5.976,-0.89566,0,0,0,6.898,6.8431,6.6941,6.633,1.6099,-2.2728,1.2913,-5.4095,-7.635,5.4142
10.44,5.0483,-6.3273,4.3747,-0.0078546,0.29637,0.92082,0.25335,-5.3617,3.2446,-0.49572,-0.15059,-0.24588,0.059441,1.4694,5.9529,-0.88248,0,0,0,6.8983,6.8434,6.694,6.6333,1.5557,-2.349,1.3451,-5.4453,-7.6063,5.3537
10.45,4.9948,-6.2945,4.3697,-0.0081941,0.29531,0.91996,0.25768,-5.3469,3.304,-0.50448,-0.15838,-0.24689,0.058405,1.4847,5.929,-0.86876,0,0,0,6.8985,6.8436,6.6939,6.6336,1.501,-2.4249,1.3984,-5.48,-7.5759,5.2897
10.46,4.9414,-6.2612,4.3646,-0.0085302,0.29421,0.9191,0.26198,-5.332,3.3631,-0.51309,-0.16614,-0.248,0.057368,1.4994,5.9044,-0.85451,0,0,0,6.8987,6.8439,6.6939,6.6339,1.4461,-2.5005,1.4509,-5.5137,-7.5438,5.2222
10.47,4.8882,-6.2273,4.3594,-0.0088625,0.29306,0.91823,0.26625,-5.3169,3.4221,-0.52156,-0.17386,-0.24919,0.056331,1.5136,5.879,-0.83975,0,0,0,6.8989,6.8442,6.694,6.6344,1.3908,-2.5758,1.5028,-5.5462,-7.5101,5.1513
10.48,4.8351,-6.1927,4.3542,-0.0091906,0.29187,0.91737,0.27048,-5.3017,3.4807,-0.52989,-0.18154,-0.25047,0.055295,1.5272,5.8529,-0.82446,0,0,0,6.899,6.8445,6.6941,6.6349,1.3351,-2.6507,1.5539,-5.5776,-7.4748,5.0767
10.49,4.7821,-6.1576,4.3488,-0.0095142,0.29064,0.91651,0.27469,-5.2864,3.5391,-0.53805,-0.18918,-0.25183,0.054259,1.5403,5.826,-0.80867,0,0,0,6.8992,6.8448,6.6942,6.6355,1.2792,-2.7253,1.6043,-5.6077,-7.4379,4.9987
10.5,4.7293,-6.122,4.3434,-0.0098327,0.28937,0.91565,0.27886,-5.2709,3.5972,-0.54606,-0.19678,-0.25327,0.053223,1.5528,5.7984,-0.79238,0,0,0,6.8993,6.8451,6.6944,6.6361,1.223,-2.7995,1.6539,-5.6366,-7.3996,4.917
10.51,4.6767,-6.0857,4.3379,-0.010146,0.28805,0.91479,0.283,-5.2553,3.6551,-0.5539,-0.20432,-0.25479,0.05219,1.5648,5.77,-0.77559,0,0,0,6.8994,6.8454,6.6947,6.6369,1.1665,-2.8733,1.7026,-5.6641,-7.3598,4.8317
10.52,4.6242,-6.0489,4.3323,-0.010453,0.28669,0.91393,0.28711,-5.2396,3.7126,-0.56157,-0.21182,-0.25638,0.051158,1.5761,5.7409,-0.75833,0,0,0,6.8995,6.8457,6.6951,6.6377,1.1097,-2.9466,1.7505,-5.6904,-7.3187,4.7428
10.53,4.5719,-6.0115,4.3267,-0.010755,0.28529,0.91307,0.29119,-5.2238,3.7699,-0.56906,-0.21926,-0.25804,0.050128,1.5869,5.7111,-0.74059,0,0,0,6.8995,6.846,6.6955,6.6385,1.0527,-3.0196,1.7975,-5.7152,-7.2763,4.6501
10.54,4.5198,-5.9735,4.3209,-0.01105,0.28385,0.91222,0.29523,-5.2079,3.8269,-0.57638,-0.22664,-0.25977,0.0491,1.5972,5.6805,-0.72238,0,0,0,6.8995,6.8463,6.6959,6.6395,0.99541,-3.0922,1.8435,-5.7387,-7.2326,4.5538
10.55,4.4678,-5.9349,4.3151,-0.011339,0.28237,0.91137,0.29924,-5.1919,3.8835,-0.58351,-0.23397,-0.26156,0.048076,1.6069,5.6492,-0.70372,0,0,0,6.8995,6.8466,6.6965,6.6405,0.93792,-3.1643,1.8886,-5.7606,-7.1877,4.4538
10.56,4.4159,-5.8958,4.3093,-0.01162,0.28085,0.91052,0.30322,-5.1757,3.9398,-0.59045,-0.24122,-0.26341,0.047055,1.6159,5.6172,-0.68461,0,0,0,6.8995,6.8468,6.6971,6.6416,0.88021,-3.2359,1.9326,-5.7811,-7.1416,4.35
10.57,4.3643,-5.8561,4.3033,-0.011894,0.27928,0.90968,0.30716,-5.1595,3.9959,-0.5972,-0.24842,-0.26532,0.046038,1.6245,5.5845,-0.66507,0,0,0,6.8994,6.8471,6.6977,6.6427,0.8223,-3.3071,1.9755,-5.8,-7.0944,4.2424
10.58,4.3127,-5.8159,4.2973,-0.012161,0.27768,0.90884,0.31107,-5.1433,4.0515,-0.60375,-0.25554,-0.26729,0.045025,1.6324,5.5511,-0.64511,0,0,0,6.8993,6.8474,6.6985,6.644,0.76421,-3.3778,2.0174,-5.8174,-7.0462,4.131
10.59,4.2614,-5.7751,4.2913,-0.01242,0.27604,0.908,0.31494,-5.1269,4.1069,-0.6101,-0.26259,-0.2693,0.044016,1.6397,5.517,-0.62473,0,0,0,6.8992,6.8477,6.6993,6.6453,0.70596,-3.448,2.0582,-5.8331,-6.9969,4.0158
10.6,4.2102,-5.7337,4.2851,-0.012671,0.27435,0.90717,0.31878,-5.1105,4.1619,-0.61624,-0.26957,-0.27137,0.043013,1.6465,5.4821,-0.60395,0,0,0,6.8991,6.848,6.7002,6.6467,0.64756,-3.5177,2.0977,-5.8472,-6.9467,3.8969
10.61,4.1592,-5.6919,4.2789,-0.012913,0.27263,0.90634,0.32258,-5.094,4.2165,-0.62218,-0.27646,-0.27348,0.042016,1.6527,5.4466,-0.58278,0,0,0,6.899,6.8483,6.7011,6.6482,0.58902,-3.5869,2.1361,-5.8597,-6.8954,3.7745
10.62,4.1083,-5.6494,4.2727,-0.013147,0.27087,0.90551,0.32635,-5.0774,4.2708,-0.6279,-0.28328,-0.27563,0.041024,1.6583,5.4104,-0.56123,0,0,0,6.8988,6.8485,6.7022,6.6498,0.53037,-3.6556,2.1732,-5.8705,-6.8432,3.6488
10.63,4.0576,-5.6064,4.2664,-0.013373,0.26907,0.9047,0.33008,-5.0608,4.3247,-0.6334,-0.29002,-0.27781,0.040039,1.6633,5.3735,-0.53932,0,0,0,6.8986,6.8488,6.7033,6.6514,0.47162,-3.7238,2.209,-5.8797,-6.79,3.52
10.64,4.0071,-5.5629,4.26,-0.013589,0.26723,0.90388,0.33377,-5.0442,4.3783,-0.63868,-0.29668,-0.28004,0.039061,1.6677,5.3359,-0.51705,0,0,0,6.8984,6.8491,6.7044,6.6531,0.41278,-3.7914,2.2436,-5.8874,-6.7359,3.3882
10.65,3.9567,-5.5189,4.2536,-0.013796,0.26535,0.90307,0.33743,-5.0275,4.4314,-0.64374,-0.30325,-0.28229,0.03809,1.6716,5.2977,-0.49445,0,0,0,6.8982,6.8494,6.7056,6.6549,0.35387,-3.8585,2.2768,-5.8934,-6.6807,3.2536
10.66,3.9066,-5.4743,4.2471,-0.013994,0.26344,0.90227,0.34105,-5.0107,4.4842,-0.64857,-0.30974,-0.28457,0.037126,1.6748,5.2588,-0.47152,0,0,0,6.8979,6.8496,6.7069,6.6568,0.29492,-3.925,2.3087,-5.8978,-6.6246,3.1163
10.67,3.8565,-5.4292,4.2406,-0.014183,0.26148,0.90147,0.34464,-4.994,4.5366,-0.65317,-0.31613,-0.28688,0.036171,1.6775,5.2192,-0.44828,0,0,0,6.8977,6.8499,6.7083,6.6587,0.23592,-3.991,2.3391,-5.9006,-6.5676,2.9767
10.68,3.8067,-5.3836,4.2341,-0.014362,0.2595,0.90068,0.34819,-4.9772,4.5886,-0.65754,-0.32244,-0.28921,0.035223,1.6795,5.1789,-0.42474,0,0,0,6.8974,6.8502,6.7097,6.6607,0.17691,-4.0564,2.3682,-5.9018,-6.5096,2.8348
10.69,3.757,-5.3374,4.2275,-0.014531,0.25747,0.89989,0.3517,-4.9604,4.6402,-0.66166,-0.32866,-0.29156,0.034285,1.681,5.1381,-0.40092,0,0,0,6.8971,6.8504,6.7112,6.6627,0.11789,-4.1212,2.3958,-5.9014,-6.4506,2.6909
10.7,3.7075,-5.2908,4.2208,-0.014691,0.25541,0.89911,0.35517,-4.9436,4.6914,-0.66555,-0.33479,-0.29393,0.033355,1.6819,5.0965,-0.37683,0,0,0,6.8968,6.8507,6.7128,6.6649,0.058886,-4.1854,2.422,-5.8995,-6.3907,2.545
10.71,3.6581,-5.2436,4.2142,-0.014841,0.25332,0.89834,0.3586,-4.9267,4.7421,-0.6692,-0.34082,-0.2963,0.032435,1.6822,5.0544,-0.35249,0,0,0,6.8965,6.851,6.7144,6.667,-9.2315e-05,-4.249,2.4467,-5.8959,-6.3298,2.3975
10.72,3.6089,-5.1959,4.2075,-0.01498,0.25119,0.89757,0.362,-4.9099,4.7924,-0.6726,-0.34677,-0.29869,0.031525,1.6819,5.0115,-0.3279,0,0,0,6.8962,6.8513,6.716,6.6693,-0.059027,-4.312,2.4699,-5.8908,-6.2681,2.2484
10.73,3.5599,-5.1477,4.2007,-0.01511,0.24902,0.89681,0.36536,-4.8931,4.8423,-0.67576,-0.35262,-0.30109,0.030625,1.681,4.9681,-0.30309,0,0,0,6.8959,6.8516,6.7178,6.6716,-0.1179,-4.3744,2.4917,-5.8841,-6.2054,2.0979
10.74,3.5111,-5.0991,4.1939,-0.01523,0.24682,0.89606,0.36868,-4.8763,4.8918,-0.67866,-0.35837,-0.30349,0.029735,1.6795,4.9241,-0.27807,0,0,0,6.8955,6.8519,6.7195,6.6739,-0.1767,-4.4361,2.5119,-5.8758,-6.1417,1.9463
10.75,3.4624,-5.0499,4.1871,-0.015339,0.24459,0.89531,0.37196,-4.8595,4.9408,-0.68132,-0.36404,-0.30589,0.028855,1.6775,4.8794,-0.25286,0,0,0,6.8952,6.8522,6.7214,6.6763,-0.23541,-4.4972,2.5306,-5.8659,-6.0772,1.7937
10.76,3.4139,-5.0003,4.1803,-0.015438,0.24233,0.89457,0.3752,-4.8428,4.9894,-0.68372,-0.36961,-0.30829,0.027986,1.6748,4.8341,-0.22747,0,0,0,6.8948,6.8524,6.7232,6.6788,-0.29402,-4.5576,2.5478,-5.8545,-6.0117,1.6403
10.77,3.3655,-4.9501,4.1735,-0.015527,0.24003,0.89384,0.37841,-4.826,5.0375,-0.68587,-0.37508,-0.31069,0.027129,1.6716,4.7882,-0.20191,0,0,0,6.8945,6.8527,6.7252,6.6813,-0.3525,-4.6174,2.5634,-5.8415,-5.9454,1.4862
10.78,3.3174,-4.8995,4.1666,-0.015605,0.2377,0.89312,0.38157,-4.8093,5.0852,-0.68776,-0.38046,-0.31308,0.026283,1.6678,4.7418,-0.17621,0,0,0,6.8941,6.853,6.7272,6.6838,-0.41084,-4.6765,2.5775,-5.8269,-5.8781,1.3317
10.79,3.2694,-4.8484,4.1597,-0.015674,0.23534,0.8924,0.38469,-4.7927,5.1323,-0.68939,-0.38575,-0.31547,0.025448,1.6634,4.6947,-0.15037,0,0,0,6.8938,6.8533,6.7292,6.6864,-0.46903,-4.735,2.59,-5.8108,-5.8099,1.1769
10.8,3.2215,-4.7969,4.1528,-0.015732,0.23295,0.89169,0.38778,-4.7761,5.179,-0.69076,-0.39094,-0.31784,0.024625,1.6584,4.6471,-0.12441,0,0,0,6.8934,6.8536,6.7313,6.689,-0.52705,-4.7927,2.601,-5.7932,-5.7408,1.022
10.81,3.1738,-4.7448,4.1459,-0.01578,0.23052,0.89099,0.39082,-4.7595,5.2253,-0.69188,-0.39605,-0.3202,0.023814,1.6528,4.5989,-0.098352,0,0,0,6.8931,6.8539,6.7334,6.6917,-0.58489,-4.8498,2.6105,-5.774,-5.6709,0.86724
10.82,3.1263,-4.6924,4.139,-0.015817,0.22807,0.8903,0.39383,-4.743,5.271,-0.69273,-0.40105,-0.32254,0.023016,1.6467,4.5501,-0.072206,0,0,0,6.8927,6.8543,6.7355,6.6944,-0.64253,-4.9062,2.6184,-5.7532,-5.6,0.7127
10.83,3.079,-4.6394,4.132,-0.015845,0.22559,0.88961,0.39679,-4.7266,5.3163,-0.69332,-0.40597,-0.32487,0.022229,1.64,4.5007,-0.045989,0,0,0,6.8923,6.8546,6.7377,6.6972,-0.69995,-4.9618,2.6247,-5.7309,-5.5283,0.55859
10.84,3.0318,-4.586,4.1251,-0.015862,0.22308,0.88894,0.39972,-4.7102,5.361,-0.69365,-0.4108,-0.32717,0.021456,1.6327,4.4508,-0.019717,0,0,0,6.892,6.8549,6.7399,6.6999,-0.75714,-5.0167,2.6295,-5.7071,-5.4557,0.40511
10.85,2.9848,-4.5322,4.1182,-0.01587,0.22054,0.88827,0.4026,-4.6939,5.4053,-0.69372,-0.41553,-0.32946,0.020695,1.6248,4.4004,0.0065963,0,0,0,6.8916,6.8552,6.7422,6.7027,-0.81409,-5.0709,2.6328,-5.6817,-5.3822,0.25242
10.86,2.9379,-4.4779,4.1112,-0.015867,0.21797,0.88761,0.40545,-4.6777,5.449,-0.69352,-0.42018,-0.33172,0.019946,1.6164,4.3494,0.032935,0,0,0,6.8912,6.8555,6.7445,6.7056,-0.87077,-5.1244,2.6346,-5.6548,-5.3079,0.10071
10.87,2.8912,-4.4232,4.1043,-0.015854,0.21537,0.88696,0.40825,-4.6616,5.4923,-0.69306,-0.42473,-0.33396,0.019211,1.6074,4.2979,0.059283,0,0,0,6.8909,6.8558,6.7468,6.7084,-0.92718,-5.1771,2.6348,-5.6264,-5.2327,-0.049839
10.88,2.8447,-4.3681,4.0974,-0.015832,0.21275,0.88631,0.41101,-4.6456,5.535,-0.69233,-0.4292,-0.33616,0.018489,1.5979,4.2459,0.085626,0,0,0,6.8905,6.8562,6.7492,6.7113,-0.98329,-5.229,2.6336,-5.5964,-5.1566,-0.19905
10.89,2.7983,-4.3125,4.0905,-0.0158,0.2101,0.88568,0.41374,-4.6296,5.5772,-0.69135,-0.43358,-0.33834,0.01778,1.5877,4.1933,0.11195,0,0,0,6.8902,6.8565,6.7516,6.7142,-1.0391,-5.2802,2.6309,-5.565,-5.0797,-0.34678
10.9,2.7521,-4.2566,4.0836,-0.015759,0.20743,0.88506,0.41642,-4.6138,5.6189,-0.69009,-0.43787,-0.34049,0.017085,1.5771,4.1403,0.13824,0,0,0,6.8898,6.8568,6.754,6.7172,-1.0946,-5.3306,2.6267,-5.532,-5.002,-0.49301
10.91,2.706,-4.2002,4.0767,-0.015708,0.20473,0.88444,0.41906,-4.5981,5.66,-0.68858,-0.44208,-0.34261,0.016403,1.5659,4.0867,0.16448,0,0,0,6.8895,6.8571,6.7564,6.7201,-1.1497,-5.3802,2.621,-5.4974,-4.9235,-0.63777
10.92,2.6601,-4.1434,4.0698,-0.015647,0.202,0.88383,0.42165,-4.5825,5.7006,-0.6868,-0.4462,-0.34469,0.015735,1.5541,4.0327,0.19065,0,0,0,6.8891,6.8575,6.7588,6.7231,-1.2045,-5.4291,2.6139,-5.4613,-4.8442,-0.78109
10.93,2.6144,-4.0861,4.0629,-0.015578,0.19925,0.88323,0.42421,-4.567,5.7406,-0.68477,-0.45024,-0.34674,0.01508,1.5418,3.9782,0.21675,0,0,0,6.8888,6.8578,6.7613,6.7261,-1.259,-5.4771,2.6054,-5.4236,-4.7643,-0.923
10.94,2.5688,-4.0285,4.0561,-0.015499,0.19647,0.88264,0.42673,-4.5517,5.7802,-0.68247,-0.4542,-0.34875,0.014439,1.5289,3.9231,0.24276,0,0,0,6.8884,6.8581,6.7638,6.7291,-1.313,-5.5244,2.5955,-5.3843,-4.6837,-1.0635
10.95,2.5233,-3.9705,4.0493,-0.015412,0.19368,0.88206,0.4292,-4.5364,5.8191,-0.67991,-0.45807,-0.35072,0.013812,1.5155,3.8677,0.26866,0,0,0,6.8881,6.8585,6.7663,6.7321,-1.3666,-5.5708,2.5841,-5.3434,-4.6025,-1.2027
10.96,2.478,-3.9122,4.0425,-0.015316,0.19085,0.88149,0.43164,-4.5214,5.8575,-0.6771,-0.46187,-0.35266,0.013198,1.5016,3.8117,0.29444,0,0,0,6.8878,6.8588,6.7688,6.7352,-1.4199,-5.6164,2.5714,-5.3008,-4.5207,-1.3406
10.97,2.4329,-3.8534,4.0357,-0.015211,0.18801,0.88093,0.43403,-4.5064,5.8953,-0.67402,-0.46558,-0.35455,0.012599,1.4871,3.7553,0.32008,0,0,0,6.8874,6.8591,6.7714,6.7382,-1.4726,-5.6612,2.5573,-5.2566,-4.4383,-1.4772
10.98,2.3879,-3.7943,4.029,-0.015098,0.18514,0.88038,0.43638,-4.4916,5.9326,-0.6707,-0.46921,-0.35641,0.012014,1.4721,3.6985,0.34558,0,0,0,6.8871,6.8595,6.7739,6.7413,-1.525,-5.7052,2.5419,-5.2107,-4.3554,-1.6125
10.99,2.3431,-3.7347,4.0223,-0.014977,0.18225,0.87984,0.43869,-4.477,5.9693,-0.66711,-0.47277,-0.35822,0.011442,1.4566,3.6412,0.37091,0,0,0,6.8867,6.8598,6.7765,6.7444,-1.5769,-5.7483,2.5251,-5.1632,-4.2721,-1.7466
11,2.2984,-3.6749,4.0157,-0.014847,0.17934,0.8793,0.44095,-4.4625,6.0054,-0.66328,-0.47624,-0.35999,0.010885,1.4406,3.5836,0.39607,0,0,0,6.8864,6.8602,6.7791,6.7474,-1.6282,-5.7906,2.5069,-5.1139,-4.1883,-1.8795
11.01,2.2538,-3.6146,4.0091,-0.01471,0.17641,0.87878,0.44318,-4.4482,6.041,-0.65919,-0.47964,-0.36171,0.010342,1.4241,3.5254,0.42105,0,0,0,6.8861,6.8605,6.7817,6.7505,-1.6791,-5.8321,2.4875,-5.0629,-4.1042,-2.0113
11.02,2.2094,-3.5541,4.0025,-0.014565,0.17346,0.87827,0.44536,-4.434,6.0759,-0.65486,-0.48296,-0.36339,0.0098133,1.407,3.4669,0.44582,0,0,0,6.8858,6.8608,6.7843,6.7536,-1.7295,-5.8727,2.4667,-5.0102,-4.0197,-2.1419
11.03,2.1651,-3.4931,3.996,-0.014413,0.17049,0.87776,0.4475,-4.42,6.1103,-0.65028,-0.48621,-0.36503,0.0092988,1.3895,3.408,0.47038,0,0,0,6.8854,6.8612,6.7869,6.7568,-1.7793,-5.9125,2.4447,-4.9557,-3.9348,-2.2714
11.04,2.121,-3.4319,3.9895,-0.014253,0.1675,0.87727,0.4496,-4.4062,6.1441,-0.64545,-0.48937,-0.36662,0.0087985,1.3714,3.3487,0.49471,0,0,0,6.8851,6.8615,6.7895,6.7599,-1.8286,-5.9514,2.4213,-4.8995,-3.8497,-2.3999
11.05,2.077,-3.3702,3.9831,-0.014086,0.16449,0.87678,0.45166,-4.3926,6.1773,-0.64038,-0.49247,-0.36816,0.0083126,1.3529,3.289,0.5188,0,0,0,6.8848,6.8618,6.7921,6.763,-1.8773,-5.9895,2.3967,-4.8415,-3.7644,-2.5273
11.06,2.0332,-3.3083,3.9767,-0.013913,0.16146,0.87631,0.45367,-4.3792,6.2099,-0.63508,-0.49549,-0.36966,0.0078409,1.3339,3.2289,0.54264,0,0,0,6.8845,6.8622,6.7947,6.7661,-1.9254,-6.0267,2.3708,-4.7817,-3.6788,-2.6537
11.07,1.9894,-3.246,3.9704,-0.013732,0.15842,0.87585,0.45564,-4.3659,6.2419,-0.62953,-0.49843,-0.37111,0.0073835,1.3144,3.1684,0.56621,0,0,0,6.8841,6.8625,6.7973,6.7692,-1.9729,-6.063,2.3436,-4.7201,-3.5931,-2.7791
11.08,1.9458,-3.1835,3.9641,-0.013546,0.15535,0.87539,0.45757,-4.3529,6.2732,-0.62375,-0.5013,-0.37252,0.0069404,1.2944,3.1076,0.58951,0,0,0,6.8838,6.8628,6.7999,6.7723,-2.0198,-6.0985,2.3152,-4.6566,-3.5072,-2.9035
11.09,1.9024,-3.1206,3.9579,-0.013352,0.15227,0.87495,0.45946,-4.34,6.304,-0.61774,-0.5041,-0.37387,0.0065117,1.274,3.0465,0.61251,0,0,0,6.8835,6.8632,6.8025,6.7755,-2.0661,-6.1332,2.2855,-4.5913,-3.4213,-3.0271
11.1,1.859,-3.0574,3.9517,-0.013153,0.14917,0.87451,0.46131,-4.3274,6.3342,-0.6115,-0.50683,-0.37518,0.0060971,1.2531,2.985,0.63521,0,0,0,6.8832,6.8635,6.8051,6.7786,-2.1116,-6.167,2.2546,-4.5241,-3.3353,-3.1498
11.11,1.8158,-2.9939,3.9456,-0.012948,0.14606,0.87409,0.46311,-4.315,6.3637,-0.60504,-0.50948,-0.37644,0.0056968,1.2318,2.9231,0.6576,0,0,0,6.8829,6.8638,6.8077,6.7817,-2.1565,-6.1999,2.2225,-4.455,-3.2494,-3.2716
11.12,1.7727,-2.9301,3.9396,-0.012737,0.14293,0.87367,0.46488,-4.3028,6.3926,-0.59835,-0.51206,-0.37766,0.0053107,1.21,2.861,0.67966,0,0,0,6.8825,6.8641,6.8103,6.7848,-2.2007,-6.2319,2.1892,-4.3841,-3.1634,-3.3926
11.13,1.7298,-2.8661,3.9337,-0.012521,0.13979,0.87326,0.4666,-4.2908,6.4209,-0.59145,-0.51457,-0.37882,0.0049387,1.1878,2.7985,0.70138,0,0,0,6.8822,6.8644,6.8128,6.7878,-2.2442,-6.2631,2.1547,-4.3112,-3.0775,-3.5127
11.14,1.6869,-2.8017,3.9278,-0.0123,0.13663,0.87287,0.46827,-4.279,6.4486,-0.58433,-0.51701,-0.37994,0.0045808,1.1651,2.7357,0.72275,0,0,0,6.8819,6.8647,6.8154,6.7909,-2.287,-6.2935,2.119,-4.2364,-2.9917,-3.6322
11.15,1.6442,-2.7371,3.922,-0.012073,0.13346,0.87248,0.46991,-4.2675,6.4756,-0.57699,-0.51938,-0.38102,0.0042369,1.142,2.6726,0.74375,0,0,0,6.8816,6.865,6.8179,6.7939,-2.3289,-6.323,2.082,-4.1596,-2.9061,-3.7508
11.16,1.6016,-2.6722,3.9163,-0.011842,0.13027,0.87211,0.4715,-4.2562,6.5021,-0.56945,-0.52168,-0.38204,0.0039069,1.1185,2.6093,0.76438,0,0,0,6.8813,6.8653,6.8204,6.797,-2.3701,-6.3516,2.0439,-4.0809,-2.8206,-3.8688
11.17,1.5591,-2.607,3.9106,-0.011606,0.12707,0.87175,0.47305,-4.2451,6.5278,-0.56171,-0.52391,-0.38302,0.0035907,1.0946,2.5456,0.78463,0,0,0,6.8809,6.8656,6.8228,6.8,-2.4105,-6.3794,2.0047,-4.0001,-2.7354,-3.9861
11.18,1.5167,-2.5416,3.905,-0.011365,0.12386,0.87139,0.47456,-4.2343,6.553,-0.55376,-0.52607,-0.38396,0.0032883,1.0703,2.4817,0.80447,0,0,0,6.8806,6.8658,6.8253,6.8029,-2.4501,-6.4063,1.9642,-3.9174,-2.6504,-4.1028
11.19,1.4744,-2.476,3.8995,-0.01112,0.12063,0.87105,0.47603,-4.2237,6.5775,-0.54562,-0.52816,-0.38484,0.0029995,1.0456,2.4175,0.82391,0,0,0,6.8803,6.8661,6.8277,6.8059,-2.4889,-6.4324,1.9226,-3.8327,-2.5657,-4.2188
11.2,1.4322,-2.4101,3.8941,-0.010872,0.11739,0.87071,0.47745,-4.2134,6.6013,-0.53728,-0.53018,-0.38569,0.0027242,1.0205,2.353,0.84292,0,0,0,6.8799,6.8663,6.83,6.8088,-2.5268,-6.4576,1.8798,-3.7459,-2.4813,-4.334
11.21,1.3901,-2.344,3.8888,-0.010619,0.11414,0.87039,0.47883,-4.2033,6.6245,-0.52876,-0.53213,-0.38649,0.0024623,0.99508,2.2883,0.8615,0,0,0,6.8796,6.8666,6.8323,6.8117,-2.5638,-6.482,1.8359,-3.657,-2.3971,-4.448
11.22,1.3481,-2.2776,3.8835,-0.010362,0.11088,0.87007,0.48017,-4.1935,6.6471,-0.52006,-0.53402,-0.38725,0.0022136,0.96926,2.2234,0.87964,0,0,0,6.8792,6.8668,6.8346,6.8145,-2.5999,-6.5056,1.7909,-3.5661,-2.3132,-4.5606
11.23,1.3062,-2.211,3.8784,-0.010102,0.10761,0.86977,0.48147,-4.1839,6.669,-0.51117,-0.53584,-0.38797,0.0019779,0.94309,2.1582,0.89732,0,0,0,6.8789,6.867,6.8368,6.8173,-2.6351,-6.5283,1.7447,-3.4729,-2.2295,-4.6716
11.24,1.2645,-2.1442,3.8733,-0.0098387,0.10433,0.86948,0.48273,-4.1746,6.6902,-0.50211,-0.53759,-0.38865,0.001755,0.91656,2.0928,0.91453,0,0,0,6.8785,6.8671,6.839,6.8201,-2.6694,-6.5502,1.6975,-3.3776,-2.1461,-4.7806
11.25,1.2228,-2.0772,3.8683,-0.0095721,0.10103,0.8692,0.48394,-4.1656,6.7108,-0.49288,-0.53927,-0.38928,0.0015449,0.8897,2.0272,0.93126,0,0,0,6.8781,6.8673,6.8411,6.8228,-2.7027,-6.5712,1.6491,-3.2801,-2.0628,-4.8875
11.26,1.1811,-2.01,3.8635,-0.0093024,0.097733,0.86892,0.48511,-4.1568,6.7308,-0.48349,-0.54089,-0.38988,0.0013472,0.86251,1.9614,0.94751,0,0,0,6.8777,6.8674,6.8431,6.8254,-2.735,-6.5914,1.5997,-3.1803,-1.9798,-4.9919
11.27,1.1396,-1.9426,3.8587,-0.0090299,0.094422,0.86866,0.48624,-4.1483,6.7501,-0.47393,-0.54244,-0.39045,0.0011617,0.83501,1.8954,0.96325,0,0,0,6.8773,6.8676,6.8451,6.828,-2.7663,-6.6108,1.5493,-3.0783,-1.8968,-5.0936
11.28,1.0982,-1.875,3.854,-0.0087546,0.091103,0.86841,0.48733,-4.1401,6.7687,-0.46422,-0.54392,-0.39097,0.00098829,0.80719,1.8292,0.97849,0,0,0,6.8769,6.8677,6.847,6.8305,-2.7965,-6.6294,1.4979,-2.9739,-1.8141,-5.1923
11.29,1.0568,-1.8072,3.8494,-0.0084767,0.087775,0.86817,0.48838,-4.1322,6.7867,-0.45437,-0.54533,-0.39147,0.00082662,0.77908,1.7628,0.99321,0,0,0,6.8765,6.8677,6.8489,6.833,-2.8257,-6.6471,1.4455,-2.8672,-1.7315,-5.2878
11.3,1.0155,-1.7393,3.8449,-0.0081964,0.08444,0.86793,0.48938,-4.1245,6.804,-0.44436,-0.54669,-0.39193,0.00067645,0.75068,1.6962,1.0074,0,0,0,6.876,6.8678,6.8506,6.8354,-2.8539,-6.664,1.3921,-2.7582,-1.6489,-5.3797
11.31,0.97432,-1.6712,3.8405,-0.0079138,0.081097,0.86771,0.49034,-4.1172,6.8206,-0.43422,-0.54797,-0.39235,0.00053751,0.72201,1.6295,1.021,0,0,0,6.8756,6.8678,6.8523,6.8377,-2.8809,-6.6801,1.3379,-2.6467,-1.5665,-5.468
11.32,0.93318,-1.6029,3.8362,-0.007629,0.077747,0.8675,0.49126,-4.1101,6.8365,-0.42394,-0.54919,-0.39275,0.00040948,0.69307,1.5626,1.0342,0,0,0,6.8751,6.8678,6.8539,6.8399,-2.9068,-6.6953,1.2828,-2.5328,-1.4842,-5.5521
11.33,0.89212,-1.5344,3.832,-0.0073422,0.07439,0.8673,0.49214,-4.1033,6.8518,-0.41354,-0.55034,-0.39312,0.00029208,0.66387,1.4956,1.0467,0,0,0,6.8746,6.8678,6.8554,6.8421,-2.9315,-6.7098,1.2269,-2.4164,-1.402,-5.632
11.34,0.85112,-1.4658,3.8279,-0.0070533,0.071027,0.86711,0.49297,-4.0968,6.8665,-0.40301,-0.55142,-0.39346,0.00018497,0.63444,1.4285,1.0587,0,0,0,6.8741,6.8677,6.8568,6.8442,-2.9551,-6.7234,1.1702,-2.2975,-1.3197,-5.7074
11.35,0.81018,-1.3971,3.824,-0.0067626,0.067657,0.86693,0.49377,-4.0906,6.8804,-0.39237,-0.55244,-0.39377,8.7798e-05,0.60478,1.3612,1.0701,0,0,0,6.8736,6.8677,6.8581,6.8462,-2.9775,-6.7362,1.1127,-2.176,-1.2376,-5.7779
11.36,0.7693,-1.3282,3.8201,-0.0064702,0.064283,0.86676,0.49452,-4.0847,6.8937,-0.38161,-0.55338,-0.39406,2.1724e-07,0.57489,1.2937,1.0809,0,0,0,6.873,6.8676,6.8594,6.8481,-2.9986,-6.7481,1.0546,-2.052,-1.1554,-5.8434
11.37,0.72849,-1.2592,3.8163,-0.006176,0.060903,0.8666,0.49523,-4.0791,6.9063,-0.37075,-0.55426,-0.39432,-7.8154e-05,0.54481,1.2262,1.0912,0,0,0,6.8724,6.8674,6.8605,6.8499,-3.0185,-6.7593,0.99587,-1.9254,-1.0733,-5.9035
11.38,0.68772,-1.1901,3.8127,-0.0058803,0.057519,0.86645,0.4959,-4.0738,6.9182,-0.35979,-0.55507,-0.39456,-0.00014771,0.51453,1.1586,1.1009,0,0,0,6.8718,6.8673,6.8615,6.8516,-3.0371,-6.7696,0.93656,-1.7962,-0.99108,-5.958
11.39,0.64701,-1.1209,3.8091,-0.005583,0.05413,0.86631,0.49653,-4.0688,6.9294,-0.34873,-0.55581,-0.39479,-0.00020886,0.48407,1.0908,1.1099,0,0,0,6.8712,6.8671,6.8623,6.8532,-3.0544,-6.7791,0.87673,-1.6643,-0.90888,-6.0066
11.4,0.60634,-1.0515,3.8057,-0.0052843,0.050737,0.86619,0.49711,-4.0641,6.94,-0.33759,-0.55648,-0.39499,-0.00026205,0.45344,1.023,1.1184,0,0,0,6.8706,6.8669,6.8631,6.8547,-3.0704,-6.7878,0.81645,-1.5296,-0.82663,-6.0491
11.41,0.56572,-0.98207,3.8024,-0.0049841,0.04734,0.86607,0.49766,-4.0598,6.9499,-0.32637,-0.55707,-0.39517,-0.0003077,0.42267,0.95505,1.1262,0,0,0,6.8699,6.8667,6.8638,6.8561,-3.085,-6.7956,0.75577,-1.3923,-0.74431,-6.0852
11.42,0.52515,-0.91253,3.7992,-0.0046826,0.043941,0.86596,0.49816,-4.0557,6.9591,-0.31507,-0.55759,-0.39534,-0.00034631,0.39175,0.88706,1.1335,0,0,0,6.8693,6.8665,6.8643,6.8574,-3.0982,-6.8026,0.69477,-1.2522,-0.66191,-6.1146
11.43,0.48461,-0.84289,3.7961,-0.0043797,0.040538,0.86586,0.49862,-4.0519,6.9676,-0.3037,-0.55804,-0.39549,-0.00037834,0.36071,0.819,1.1401,0,0,0,6.8686,6.8663,6.8647,6.8586,-3.11,-6.8089,0.6335,-1.1092,-0.57941,-6.1371
11.44,0.44411,-0.77318,3.7931,-0.0040755,0.037133,0.86578,0.49904,-4.0485,6.9755,-0.29227,-0.55841,-0.39562,-0.00040432,0.32955,0.75089,1.1462,0,0,0,6.8679,6.866,6.865,6.8597,-3.1204,-6.8142,0.57205,-0.96347,-0.4968,-6.1524
11.45,0.40364,-0.70338,3.7902,-0.00377,0.033726,0.8657,0.49941,-4.0453,6.9827,-0.28078,-0.55869,-0.39575,-0.00042476,0.2983,0.68272,1.1516,0,0,0,6.8672,6.8657,6.8651,6.8607,-3.1293,-6.8188,0.51048,-0.81486,-0.41406,-6.1603
11.46,0.3632,-0.63353,3.7875,-0.0034631,0.030318,0.86563,0.49975,-4.0425,6.9891,-0.26924,-0.5589,-0.39586,-0.00044022,0.26697,0.61451,1.1564,0,0,0,6.8664,6.8655,6.8651,6.8615,-3.1367,-6.8225,0.44887,-0.66334,-0.33117,-6.1604
11.47,0.32279,-0.5636,3.7849,-0.003155,0.026908,0.86558,0.50004,-4.04,6.995,-0.25765,-0.55903,-0.39595,-0.00045127,0.23558,0.54627,1.1606,0,0,0,6.8657,6.8652,6.865,6.8623,-3.1426,-6.8254,0.3873,-0.50889,-0.24812,-6.1526
11.48,0.2824,-0.49363,3.7823,-0.0028455,0.023497,0.86553,0.5003,-4.0378,7.0001,-0.24603,-0.55906,-0.39604,-0.0004585,0.20413,0.47801,1.1641,0,0,0,6.865,6.8649,6.8648,6.8629,-3.1469,-6.8275,0.32584,-0.35148,-0.16488,-6.1366
11.49,0.24203,-0.4236,3.7799,-0.0025346,0.020087,0.86549,0.50051,-4.0359,7.0045,-0.23437,-0.55901,-0.39612,-0.00046253,0.17264,0.40973,1.1671,0,0,0,6.8642,6.8647,6.8644,6.8634,-3.1496,-6.8287,0.26459,-0.19117,-0.081486,-6.1122
11.5,0.20168,-0.35354,3.7777,-0.0022223,0.016676,0.86547,0.50068,-4.0343,7.0083,-0.22269,-0.55887,-0.39619,-0.00046399,0.14114,0.34144,1.1694,0,0,0,6.8635,6.8644,6.8639,6.8638,-3.1507,-6.8291,0.20363,-0.028373,0.0019328,-6.08
11.51,0.16134,-0.28344,3.7755,-0.0019085,0.013266,0.86545,0.50081,-4.0331,7.0113,-0.21099,-0.55864,-0.39625,-0.00046356,0.10964,0.27315,1.1712,0,0,0,6.8627,6.8642,6.8632,6.8641,-3.1501,-6.8287,0.14302,0.13641,0.085204,-6.0408
11.52,0.12102,-0.21332,3.7734,-0.0015932,0.0098563,0.86545,0.5009,-4.0322,7.0137,-0.19927,-0.5583,-0.39631,-0.00046192,0.078144,0.20487,1.1723,0,0,0,6.862,6.8639,6.8625,6.8643,-3.1479,-6.8274,0.082832,0.30269,0.16816,-5.9952
11.53,0.080698,-0.14317,3.7715,-0.0012764,0.0064486,0.86546,0.50094,-4.0315,7.0154,-0.18754,-0.55788,-0.39636,-0.00045979,0.046682,0.1366,1.1728,0,0,0,6.8613,6.8637,6.8615,6.8643,-3.1441,-6.8253,0.023132,0.46997,0.25063,-5.9439
11.54,0.040384,-0.073009,3.7697,-0.00095782,0.0030427,0.86547,0.50095,-4.0312,7.0165,-0.17582,-0.55735,-0.3964,-0.0004579,0.015268,0.068364,1.1727,0,0,0,6.8606,6.8636,6.8605,6.8643,-3.1385,-6.8224,-0.036031,0.63775,0.33244,-5.8877
11.55,7.2112e-05,-0.0028424,3.768,-0.00063754,-0.00036067,0.8655,0.50091,-4.0312,7.0168,-0.16409,-0.55672,-0.39643,-0.00045696,-0.016083,0.00015789,1.1721,0,0,0,6.8599,6.8634,6.8593,6.8641,-3.1313,-6.8187,-0.094609,0.80554,0.41343,-5.8272
11.56,-0.040241,0.067325,3.7664,-0.00031543,-0.0037612,0.86553,0.50084,-4.0315,7.0165,-0.15238,-0.556,-0.39646,-0.00045773,-0.047353,-0.068007,1.1709,0,0,0,6.8593,6.8633,6.8581,6.8638,-3.1224,-6.8141,-0.15256,0.97285,0.49343,-5.7632
11.57,-0.08056,0.13748,3.7649,8.5815e-06,-0.0071584,0.86558,0.50072,-4.0322,7.0154,-0.14068,-0.55517,-0.39648,-0.00046094,-0.078526,-0.13612,1.169,0,0,0,6.8587,6.8632,6.8567,6.8633,-3.1119,-6.8088,-0.20986,1.1392,0.57226,-5.6963
11.58,-0.12089,0.20763,3.7636,0.00033458,-0.010552,0.86564,0.50056,-4.0331,7.0137,-0.129,-0.55424,-0.3965,-0.00046734,-0.10958,-0.20418,1.1667,0,0,0,6.8581,6.8632,6.8552,6.8628,-3.0996,-6.8027,-0.26648,1.304,0.64976,-5.6273
11.59,-0.16122,0.27776,3.7624,0.00066264,-0.013941,0.86571,0.50036,-4.0344,7.0114,-0.11734,-0.55321,-0.3965,-0.00047763,-0.14051,-0.27217,1.1637,0,0,0,6.8575,6.8632,6.8536,6.8622,-3.0858,-6.7958,-0.3224,1.4669,0.72576,-5.5568
11.6,-0.20157,0.34786,3.7612,0.00099284,-0.017325,0.86578,0.50012,-4.0359,7.0083,-0.10572,-0.55209,-0.39651,-0.00049255,-0.1713,-0.34009,1.1602,0,0,0,6.8571,6.8632,6.8519,6.8614,-3.0703,-6.7882,-0.37762,1.6273,0.80009,-5.4855
11.61,-0.24194,0.41792,3.7602,0.0013253,-0.020704,0.86587,0.49984,-4.0378,7.0046,-0.094142,-0.55087,-0.3965,-0.00051278,-0.20191,-0.40793,1.1562,0,0,0,6.8566,6.8633,6.8501,6.8605,-3.0533,-6.7798,-0.43211,1.7848,0.87257,-5.4142
11.62,-0.28233,0.48795,3.7594,0.00166,-0.024077,0.86597,0.49952,-4.04,7.0001,-0.082602,-0.54955,-0.39649,-0.000539,-0.23236,-0.47569,1.1516,0,0,0,6.8562,6.8634,6.8482,6.8596,-3.0346,-6.7707,-0.4859,1.9388,0.94305,-5.3436
11.63,-0.32274,0.55792,3.7586,0.001997,-0.027445,0.86608,0.49915,-4.0424,6.995,-0.071112,-0.54815,-0.39647,-0.00057187,-0.2626,-0.54335,1.1464,0,0,0,6.8558,6.8635,6.8463,6.8585,-3.0145,-6.761,-0.53899,2.0888,1.0114,-5.2742
11.64,-0.36318,0.62784,3.7579,0.0023365,-0.030805,0.86619,0.49875,-4.0452,6.9893,-0.059675,-0.54665,-0.39645,-0.00061199,-0.29264,-0.6109,1.1408,0,0,0,6.8555,6.8637,6.8442,6.8574,-2.9929,-6.7505,-0.59139,2.2349,1.0776,-5.2063
11.65,-0.40365,0.69771,3.7574,0.0026784,-0.034159,0.86632,0.49831,-4.0483,6.9828,-0.048298,-0.54507,-0.39642,-0.00065998,-0.32245,-0.67835,1.1346,0,0,0,6.8553,6.8639,6.8421,6.8562,-2.9698,-6.7394,-0.64312,2.377,1.1419,-5.1396
11.66,-0.44415,0.7675,3.757,0.0030228,-0.037505,0.86646,0.49782,-4.0517,6.9757,-0.036984,-0.54341,-0.39638,-0.00071639,-0.35203,-0.74569,1.1279,0,0,0,6.8551,6.8641,6.84,6.8548,-2.9453,-6.7277,-0.69419,2.5153,1.2045,-5.0739
11.67,-0.48468,0.83722,3.7567,0.0033698,-0.040843,0.86661,0.4973,-4.0553,6.9679,-0.025741,-0.54166,-0.39633,-0.00078178,-0.38136,-0.81291,1.1207,0,0,0,6.8549,6.8643,6.8378,6.8534,-2.9195,-6.7153,-0.7446,2.6497,1.2654,-5.0091
11.68,-0.52526,0.90685,3.7565,0.0037192,-0.044174,0.86677,0.49673,-4.0593,6.9595,-0.014571,-0.53984,-0.39628,-0.00085667,-0.41042,-0.88,1.113,0,0,0,6.8548,6.8646,6.8355,6.852,-2.8924,-6.7024,-0.79437,2.7803,1.3249,-4.9451
11.69,-0.56587,0.9764,3.7564,0.0040713,-0.047495,0.86694,0.49613,-4.0635,6.9503,-0.0034813,-0.53795,-0.39622,-0.00094155,-0.4392,-0.94695,1.1049,0,0,0,6.8547,6.8649,6.8332,6.8504,-2.8639,-6.6888,-0.84351,2.9073,1.3832,-4.8817
11.7,-0.60653,1.0459,3.7564,0.0044259,-0.050808,0.86712,0.49548,-4.0681,6.9405,0.0075243,-0.53599,-0.39615,-0.0010369,-0.46769,-1.0138,1.0962,0,0,0,6.8546,6.8653,6.8308,6.8488,-2.8342,-6.6747,-0.89201,3.0306,1.4403,-4.8187
11.71,-0.64723,1.1152,3.7565,0.0047831,-0.054111,0.86731,0.4948,-4.0729,6.93,0.018441,-0.53395,-0.39608,-0.0011432,-0.49588,-1.0804,1.087,0,0,0,6.8546,6.8656,6.8284,6.8471,-2.8033,-6.66,-0.93988,3.1503,1.4964,-4.756
11.72,-0.68799,1.1845,3.7567,0.0051429,-0.057405,0.86751,0.49407,-4.078,6.9189,0.029263,-0.53185,-0.39599,-0.0012608,-0.52375,-1.147,1.0774,0,0,0,6.8546,6.866,6.8259,6.8454,-2.7712,-6.6448,-0.98713,3.2665,1.5518,-4.6934
11.73,-0.72879,1.2536,3.7571,0.0055052,-0.060689,0.86772,0.49331,-4.0834,6.9071,0.039987,-0.52969,-0.3959,-0.0013902,-0.5513,-1.2133,1.0673,0,0,0,6.8547,6.8664,6.8234,6.8436,-2.738,-6.629,-1.0337,3.3793,1.6066,-4.6307
11.74,-0.76965,1.3226,3.7575,0.0058701,-0.063963,0.86794,0.4925,-4.089,6.8946,0.050607,-0.52747,-0.3958,-0.0015317,-0.57851,-1.2795,1.0567,0,0,0,6.8548,6.8669,6.8208,6.8417,-2.7037,-6.6127,-1.0797,3.4887,1.6609,-4.5678
11.75,-0.81057,1.3915,3.7581,0.0062374,-0.067226,0.86817,0.49166,-4.0949,6.8815,0.061119,-0.52519,-0.39569,-0.0016856,-0.60537,-1.3456,1.0457,0,0,0,6.8549,6.8673,6.8183,6.8398,-2.6682,-6.5958,-1.1251,3.5947,1.7149,-4.5046
11.76,-0.85155,1.4602,3.7588,0.0066073,-0.070479,0.86841,0.49077,-4.1011,6.8677,0.071519,-0.52285,-0.39557,-0.0018524,-0.63187,-1.4115,1.0342,0,0,0,6.855,6.8678,6.8157,6.8379,-2.6318,-6.5784,-1.1698,3.6975,1.7687,-4.4408
11.77,-0.8926,1.5288,3.7595,0.0069795,-0.07372,0.86866,0.48985,-4.1076,6.8533,0.081802,-0.52045,-0.39544,-0.0020323,-0.658,-1.4772,1.0223,0,0,0,6.8552,6.8683,6.813,6.8359,-2.5943,-6.5604,-1.2139,3.7971,1.8226,-4.3763
11.78,-0.93371,1.5973,3.7604,0.0073541,-0.07695,0.86892,0.48888,-4.1143,6.8382,0.091964,-0.518,-0.39529,-0.0022255,-0.68375,-1.5427,1.0099,0,0,0,6.8554,6.8688,6.8103,6.8339,-2.5558,-6.5419,-1.2574,3.8935,1.8767,-4.3109
11.79,-0.97488,1.6656,3.7614,0.007731,-0.080168,0.86919,0.48788,-4.1212,6.8224,0.102,-0.5155,-0.39513,-0.0024324,-0.70912,-1.608,0.99715,0,0,0,6.8556,6.8694,6.8077,6.8318,-2.5164,-6.5229,-1.3001,3.9869,1.9311,-4.2446
11.8,-1.0161,1.7337,3.7624,0.0081101,-0.083374,0.86947,0.48683,-4.1285,6.806,0.11191,-0.51295,-0.39496,-0.0026531,-0.73408,-1.6731,0.98393,0,0,0,6.8558,6.8699,6.805,6.8297,-2.4761,-6.5033,-1.3422,4.0772,1.9861,-4.1771
11.81,-1.0575,1.8017,3.7636,0.0084913,-0.086568,0.86976,0.48575,-4.1359,6.789,0.12168,-0.51035,-0.39477,-0.0028879,-0.75864,-1.7381,0.9703,0,0,0,6.856,6.8705,6.8022,6.8275,-2.4349,-6.4831,-1.3837,4.1646,2.0417,-4.1082
11.82,-1.0989,1.8695,3.7649,0.0088746,-0.089749,0.87006,0.48462,-4.1436,6.7713,0.13131,-0.5077,-0.39457,-0.0031369,-0.78278,-1.8028,0.95626,0,0,0,6.8562,6.8711,6.7995,6.8253,-2.3928,-6.4625,-1.4244,4.2491,2.0981,-4.0378
11.83,-1.1403,1.9371,3.7662,0.0092599,-0.092917,0.87037,0.48346,-4.1516,6.7529,0.1408,-0.50501,-0.39435,-0.0034004,-0.80649,-1.8673,0.94182,0,0,0,6.8565,6.8716,6.7967,6.8231,-2.3499,-6.4412,-1.4644,4.3308,2.1556,-3.9658
11.84,-1.1819,2.0046,3.7677,0.009647,-0.096073,0.87069,0.48226,-4.1598,6.7339,0.15014,-0.50226,-0.39411,-0.0036783,-0.82977,-1.9316,0.92698,0,0,0,6.8567,6.8722,6.794,6.8209,-2.3062,-6.4193,-1.5037,4.4097,2.2142,-3.892
11.85,-1.2235,2.0718,3.7692,0.010036,-0.099214,0.87102,0.48102,-4.1682,6.7143,0.15934,-0.49947,-0.39385,-0.0039709,-0.85261,-1.9957,0.91175,0,0,0,6.8569,6.8728,6.7912,6.8186,-2.2617,-6.3969,-1.5423,4.4859,2.2742,-3.8162
11.86,-1.2652,2.1389,3.7709,0.010426,-0.10234,0.87136,0.47974,-4.1768,6.694,0.16838,-0.49664,-0.39357,-0.0042781,-0.875,-2.0595,0.89613,0,0,0,6.8572,6.8735,6.7884,6.8164,-2.2165,-6.3738,-1.58,4.5594,2.3356,-3.7383
11.87,-1.3071,2.2057,3.7726,0.010818,-0.10546,0.87171,0.47842,-4.1857,6.6731,0.17726,-0.49376,-0.39326,-0.0046002,-0.89694,-2.1232,0.88015,0,0,0,6.8574,6.8741,6.7856,6.8141,-2.1706,-6.3502,-1.617,4.6304,2.3987,-3.658
11.88,-1.349,2.2723,3.7744,0.011211,-0.10856,0.87207,0.47706,-4.1947,6.6515,0.18598,-0.49083,-0.39292,-0.004937,-0.91841,-2.1865,0.8638,0,0,0,6.8576,6.8747,6.7829,6.8118,-2.1239,-6.3259,-1.6532,4.6988,2.4636,-3.5753
11.89,-1.391,2.3387,3.7763,0.011606,-0.11164,0.87244,0.47566,-4.204,6.6294,0.19454,-0.48786,-0.39256,-0.0052887,-0.93942,-2.2497,0.84709,0,0,0,6.8578,6.8753,6.7801,6.8094,-2.0766,-6.3009,-1.6885,4.7648,2.5305,-3.49
11.9,-1.433,2.4049,3.7783,0.012001,-0.11471,0.87282,0.47422,-4.2135,6.6066,0.20292,-0.48484,-0.39217,-0.0056551,-0.95994,-2.3126,0.83003,0,0,0,6.858,6.876,6.7773,6.8071,-2.0286,-6.2753,-1.723,4.8284,2.5995,-3.402
11.91,-1.4752,2.4708,3.7804,0.012398,-0.11777,0.87321,0.47274,-4.2232,6.5831,0.21113,-0.48178,-0.39174,-0.0060363,-0.97999,-2.3752,0.81263,0,0,0,6.8582,6.8766,6.7746,6.8048,-1.98,-6.2489,-1.7565,4.8897,2.6708,-3.3109
11.92,-1.5175,2.5366,3.7825,0.012795,-0.12081,0.87361,0.47122,-4.2331,6.5591,0.21917,-0.47866,-0.39128,-0.0064321,-0.99954,-2.4375,0.7949,0,0,0,6.8583,6.8772,6.7718,6.8025,-1.9308,-6.2218,-1.7892,4.9486,2.7444,-3.217
11.93,-1.5599,2.602,3.7848,0.013192,-0.12383,0.87402,0.46967,-4.2432,6.5344,0.22703,-0.4755,-0.39078,-0.0068426,-1.0186,-2.4996,0.77685,0,0,0,6.8585,6.8779,6.7691,6.8002,-1.8811,-6.194,-1.8209,5.0052,2.8201,-3.1203
11.94,-1.6024,2.6672,3.7871,0.01359,-0.12684,0.87444,0.46807,-4.2535,6.5091,0.23471,-0.47229,-0.39025,-0.0072676,-1.0372,-2.5614,0.75849,0,0,0,6.8586,6.8785,6.7663,6.7978,-1.8307,-6.1654,-1.8516,5.0596,2.8976,-3.021
11.95,-1.645,2.7322,3.7895,0.013988,-0.12983,0.87486,0.46644,-4.264,6.4831,0.2422,-0.46902,-0.38967,-0.0077071,-1.0552,-2.6229,0.73982,0,0,0,6.8587,6.8791,6.7636,6.7955,-1.7799,-6.136,-1.8813,5.1116,2.9768,-2.9192
11.96,-1.6877,2.7969,3.7919,0.014386,-0.13281,0.8753,0.46476,-4.2746,6.4566,0.2495,-0.46571,-0.38905,-0.0081608,-1.0728,-2.6841,0.72087,0,0,0,6.8588,6.8798,6.761,6.7932,-1.7285,-6.1059,-1.91,5.1613,3.0574,-2.8151
11.97,-1.7305,2.8613,3.7945,0.014783,-0.13577,0.87575,0.46305,-4.2854,6.4295,0.25662,-0.46234,-0.38839,-0.0086287,-1.0898,-2.745,0.70163,0,0,0,6.8588,6.8804,6.7583,6.7909,-1.6767,-6.0749,-1.9376,5.2086,3.1393,-2.7089
11.98,-1.7734,2.9255,3.7971,0.01518,-0.13871,0.8762,0.4613,-4.2964,6.4017,0.26354,-0.45892,-0.38768,-0.0091106,-1.1063,-2.8056,0.68212,0,0,0,6.8589,6.881,6.7557,6.7887,-1.6244,-6.0431,-1.9641,5.2536,3.2222,-2.6006
11.99,-1.8164,2.9894,3.7997,0.015576,-0.14163,0.87667,0.45951,-4.3075,6.3733,0.27026,-0.45545,-0.38692,-0.0096065,-1.1223,-2.8659,0.66235,0,0,0,6.8589,6.8816,6.753,6.7864,-1.5716,-6.0104,-1.9896,5.2963,3.306,-2.4906
12,-1.8595,3.053,3.8025,0.015972,-0.14453,0.87715,0.45768,-4.3188,6.3444,0.27678,-0.45192,-0.38612,-0.010116,-1.1377,-2.9258,0.64233,0,0,0,6.8589,6.8823,6.7504,6.7842,-1.5184,-5.977,-2.0139,5.3366,3.3904,-2.3788
12.01,-1.9028,3.1163,3.8053,0.016366,-0.14742,0.87763,0.45581,-4.3303,6.3148,0.2831,-0.44834,-0.38527,-0.010639,-1.1526,-2.9854,0.62207,0,0,0,6.8589,6.8829,6.7479,6.782,-1.4649,-5.9426,-2.0372,5.3746,3.4753,-2.2655
12.02,-1.9461,3.1792,3.8081,0.016758,-0.15028,0.87813,0.4539,-4.3419,6.2847,0.28922,-0.44471,-0.38436,-0.011176,-1.167,-3.0447,0.60159,0,0,0,6.8589,6.8835,6.7453,6.7798,-1.411,-5.9075,-2.0592,5.4103,3.5604,-2.1509
12.03,-1.9896,3.2419,3.811,0.017149,-0.15313,0.87863,0.45196,-4.3536,6.2539,0.29513,-0.44103,-0.38342,-0.011726,-1.1809,-3.1036,0.58089,0,0,0,6.8589,6.8841,6.7428,6.7776,-1.3567,-5.8714,-2.0802,5.4436,3.6455,-2.035
12.04,-2.0332,3.3043,3.814,0.017538,-0.15596,0.87914,0.44997,-4.3655,6.2226,0.30084,-0.43728,-0.38242,-0.012288,-1.1941,-3.1621,0.55999,0,0,0,6.8588,6.8846,6.7404,6.7754,-1.3021,-5.8346,-2.0999,5.4745,3.7304,-1.9181
12.05,-2.0769,3.3664,3.8171,0.017925,-0.15877,0.87967,0.44795,-4.3775,6.1907,0.30633,-0.43349,-0.38137,-0.012864,-1.2069,-3.2203,0.5389,0,0,0,6.8588,6.8852,6.7379,6.7733,-1.2472,-5.7968,-2.1185,5.503,3.815,-1.8003
12.06,-2.1207,3.4281,3.8201,0.018309,-0.16155,0.8802,0.44589,-4.3896,6.1582,0.31162,-0.42964,-0.38027,-0.013452,-1.2191,-3.278,0.51762,0,0,0,6.8588,6.8858,6.7355,6.7712,-1.192,-5.7583,-2.1359,5.5292,3.8989,-1.6817
12.07,-2.1647,3.4896,3.8233,0.01869,-0.16432,0.88074,0.44379,-4.4019,6.1251,0.31669,-0.42574,-0.37912,-0.014053,-1.2307,-3.3354,0.49618,0,0,0,6.8587,6.8863,6.7332,6.7692,-1.1366,-5.7188,-2.1522,5.553,3.9821,-1.5625
12.08,-2.2088,3.5506,3.8265,0.019069,-0.16706,0.88129,0.44165,-4.4143,6.0915,0.32154,-0.42179,-0.37793,-0.014666,-1.2418,-3.3924,0.47458,0,0,0,6.8586,6.8869,6.7309,6.7671,-1.081,-5.6786,-2.1672,5.5744,4.0643,-1.4429
12.09,-2.253,3.6114,3.8297,0.019445,-0.16979,0.88185,0.43947,-4.4267,6.0573,0.32618,-0.41778,-0.37669,-0.01529,-1.2524,-3.449,0.45284,0,0,0,6.8586,6.8874,6.7286,6.7651,-1.0251,-5.6376,-2.181,5.5935,4.1453,-1.3231
12.1,-2.2973,3.6718,3.833,0.019817,-0.17249,0.88242,0.43726,-4.4393,6.0225,0.3306,-0.41372,-0.3754,-0.015927,-1.2623,-3.5052,0.43097,0,0,0,6.8585,6.888,6.7263,6.7632,-0.96913,-5.5957,-2.1936,5.6102,4.2249,-1.2031
12.11,-2.3418,3.7318,3.8363,0.020185,-0.17517,0.88299,0.43501,-4.452,5.9872,0.3348,-0.40961,-0.37406,-0.016575,-1.2717,-3.5609,0.40897,0,0,0,6.8584,6.8885,6.7241,6.7612,-0.91295,-5.5531,-2.2051,5.6244,4.3028,-1.0831
12.12,-2.3864,3.7915,3.8397,0.02055,-0.17782,0.88358,0.43271,-4.4647,5.9513,0.33878,-0.40546,-0.37269,-0.017234,-1.2806,-3.6162,0.38687,0,0,0,6.8583,6.889,6.722,6.7594,-0.85665,-5.5097,-2.2153,5.6363,4.379,-0.96331
12.13,-2.4311,3.8509,3.8431,0.02091,-0.18045,0.88418,0.43038,-4.4776,5.9149,0.34253,-0.40125,-0.37126,-0.017905,-1.2889,-3.6711,0.36467,0,0,0,6.8582,6.8895,6.7199,6.7575,-0.80023,-5.4655,-2.2243,5.6457,4.4532,-0.84388
12.14,-2.4759,3.9098,3.8465,0.021266,-0.18306,0.88478,0.42802,-4.4905,5.8779,0.34607,-0.397,-0.3698,-0.018586,-1.2966,-3.7255,0.34239,0,0,0,6.8582,6.89,6.7178,6.7557,-0.74374,-5.4206,-2.2322,5.6528,4.5251,-0.72494
12.15,-2.5209,3.9684,3.85,0.021618,-0.18565,0.88539,0.42561,-4.5035,5.8404,0.34938,-0.3927,-0.3683,-0.019278,-1.3037,-3.7795,0.32003,0,0,0,6.8581,6.8904,6.7158,6.7539,-0.68719,-5.375,-2.2388,5.6575,4.5946,-0.60666
12.16,-2.566,4.0266,3.8535,0.021964,-0.18821,0.88602,0.42317,-4.5166,5.8023,0.35247,-0.38836,-0.36675,-0.01998,-1.3103,-3.833,0.29761,0,0,0,6.858,6.8909,6.7138,6.7522,-0.6306,-5.3287,-2.2443,5.6597,4.6615,-0.48919
12.17,-2.6112,4.0845,3.8571,0.022306,-0.19075,0.88665,0.42069,-4.5297,5.7637,0.35533,-0.38397,-0.36518,-0.020692,-1.3164,-3.8861,0.27515,0,0,0,6.8579,6.8913,6.7119,6.7505,-0.574,-5.2818,-2.2486,5.6595,4.7256,-0.37269
12.18,-2.6566,4.1419,3.8606,0.022642,-0.19326,0.88728,0.41817,-4.5429,5.7246,0.35797,-0.37955,-0.36357,-0.021414,-1.3218,-3.9387,0.25265,0,0,0,6.8579,6.8917,6.71,6.7489,-0.51742,-5.2342,-2.2518,5.6569,4.7866,-0.25732
12.19,-2.7021,4.1989,3.8642,0.022973,-0.19575,0.88793,0.41561,-4.5562,5.6849,0.36039,-0.37509,-0.36192,-0.022145,-1.3267,-3.9908,0.23012,0,0,0,6.8578,6.8921,6.7082,6.7473,-0.46087,-5.1861,-2.2538,5.6518,4.8444,-0.14322
12.2,-2.7477,4.2556,3.8678,0.023298,-0.19822,0.88859,0.41301,-4.5694,5.6448,0.36257,-0.37059,-0.36025,-0.022886,-1.331,-4.0424,0.20757,0,0,0,6.8578,6.8925,6.7065,6.7458,-0.40439,-5.1373,-2.2547,5.6444,4.8988,-0.030498
12.21,-2.7935,4.3118,3.8715,0.023618,-0.20065,0.88925,0.41038,-4.5828,5.6041,0.36454,-0.36606,-0.35855,-0.023635,-1.3348,-4.0935,0.18503,0,0,0,6.8577,6.8929,6.7048,6.7443,-0.34799,-5.0881,-2.2544,5.6346,4.9502,0.080856
12.22,-2.8394,4.3677,3.8751,0.023931,-0.20307,0.88992,0.40771,-4.5961,5.5629,0.36627,-0.3615,-0.35683,-0.024394,-1.338,-4.1441,0.16249,0,0,0,6.8577,6.8932,6.7031,6.7428,-0.2917,-5.0384,-2.253,5.6225,4.9987,0.19086
12.23,-2.8854,4.4231,3.8788,0.024238,-0.20545,0.8906,0.405,-4.6095,5.5212,0.36779,-0.35691,-0.35508,-0.02516,-1.3406,-4.1943,0.13997,0,0,0,6.8577,6.8936,6.7015,6.7414,-0.23555,-4.9881,-2.2506,5.6081,5.0444,0.29953
12.24,-2.9315,4.4781,3.8825,0.024538,-0.20781,0.89129,0.40226,-4.6229,5.479,0.36907,-0.35229,-0.35331,-0.025935,-1.3427,-4.2439,0.11748,0,0,0,6.8576,6.8939,6.7,6.7401,-0.17955,-4.9375,-2.2471,5.5916,5.0876,0.40688
12.25,-2.9778,4.5327,3.8862,0.024832,-0.21015,0.89199,0.39948,-4.6364,5.4363,0.37014,-0.34765,-0.35153,-0.026717,-1.3442,-4.293,0.095033,0,0,0,6.8576,6.8942,6.6985,6.7388,-0.12372,-4.8864,-2.2425,5.573,5.1286,0.51294
12.26,-3.0243,4.5868,3.8899,0.025118,-0.21246,0.89269,0.39665,-4.6498,5.3931,0.37098,-0.34299,-0.34972,-0.027507,-1.3452,-4.3416,0.072636,0,0,0,6.8575,6.8945,6.6971,6.7375,-0.068095,-4.8349,-2.2368,5.5524,5.1675,0.61772
12.27,-3.0708,4.6405,3.8936,0.025398,-0.21474,0.8934,0.3938,-4.6633,5.3495,0.37159,-0.3383,-0.3479,-0.028304,-1.3456,-4.3897,0.050301,0,0,0,6.8575,6.8947,6.6958,6.7364,-0.012682,-4.783,-2.2301,5.5298,5.2045,0.72124
12.28,-3.1175,4.6938,3.8973,0.02567,-0.21699,0.89412,0.3909,-4.6767,5.3054,0.37198,-0.33359,-0.34607,-0.029107,-1.3454,-4.4373,0.028038,0,0,0,6.8574,6.895,6.6946,6.7353,0.042494,-4.7308,-2.2224,5.5052,5.2399,0.82351
12.29,-3.1644,4.7466,3.901,0.025935,-0.21922,0.89485,0.38797,-4.6902,5.2607,0.37215,-0.32887,-0.34422,-0.029917,-1.3447,-4.4843,0.0058566,0,0,0,6.8574,6.8952,6.6934,6.7342,0.097416,-4.6783,-2.2136,5.4788,5.2738,0.92456
12.3,-3.2113,4.799,3.9048,0.026192,-0.22142,0.89558,0.385,-4.7036,5.2157,0.3721,-0.32412,-0.34236,-0.030732,-1.3435,-4.5309,-0.016232,0,0,0,6.8573,6.8954,6.6923,6.7332,0.15206,-4.6254,-2.2039,5.4506,5.3064,1.0244
12.31,-3.2584,4.851,3.9085,0.026441,-0.2236,0.89632,0.38199,-4.7171,5.1701,0.37183,-0.31936,-0.34049,-0.031553,-1.3417,-4.5768,-0.038218,0,0,0,6.8572,6.8956,6.6912,6.7323,0.20642,-4.5721,-2.1932,5.4207,5.338,1.1231
12.32,-3.3057,4.9024,3.9122,0.026683,-0.22575,0.89707,0.37894,-4.7305,5.1241,0.37133,-0.31459,-0.33861,-0.032379,-1.3394,-4.6223,-0.060092,0,0,0,6.8571,6.8958,6.6903,6.7315,0.26047,-4.5186,-2.1814,5.3891,5.3688,1.2205
12.33,-3.3531,4.9534,3.9159,0.026916,-0.22787,0.89782,0.37586,-4.7438,5.0777,0.37063,-0.30979,-0.33672,-0.033209,-1.3365,-4.6672,-0.081843,0,0,0,6.857,6.8959,6.6894,6.7307,0.3142,-4.4648,-2.1687,5.3559,5.3989,1.3169
12.34,-3.4006,5.004,3.9196,0.027141,-0.22996,0.89858,0.37274,-4.7572,5.0308,0.3697,-0.30498,-0.33482,-0.034043,-1.3331,-4.7116,-0.10346,0,0,0,6.8569,6.8961,6.6886,6.73,0.36759,-4.4106,-2.1551,5.3212,5.4287,1.4121
12.35,-3.4482,5.054,3.9233,0.027357,-0.23202,0.89935,0.36958,-4.7705,4.9835,0.36856,-0.30016,-0.33291,-0.034881,-1.3291,-4.7554,-0.12494,0,0,0,6.8568,6.8962,6.6878,6.7294,0.42062,-4.3562,-2.1405,5.285,5.4582,1.5061
12.36,-3.496,5.1036,3.927,0.027565,-0.23406,0.90012,0.36639,-4.7838,4.9357,0.3672,-0.29533,-0.33099,-0.035722,-1.3247,-4.7987,-0.14627,0,0,0,6.8566,6.8963,6.6872,6.7288,0.47328,-4.3015,-2.125,5.2473,5.4878,1.5991
12.37,-3.5439,5.1528,3.9307,0.027763,-0.23607,0.9009,0.36316,-4.797,4.8875,0.36563,-0.29047,-0.32907,-0.036565,-1.3197,-4.8415,-0.16744,0,0,0,6.8564,6.8964,6.6866,6.7284,0.52556,-4.2464,-2.1085,5.2083,5.5175,1.691
12.38,-3.5919,5.2014,3.9343,0.027953,-0.23805,0.90168,0.35989,-4.8102,4.8389,0.36385,-0.28561,-0.32714,-0.037411,-1.3142,-4.8836,-0.18844,0,0,0,6.8563,6.8965,6.6862,6.728,0.57744,-4.1911,-2.0912,5.168,5.5477,1.7818
12.39,-3.6401,5.2495,3.9379,0.028134,-0.24,0.90247,0.35658,-4.8233,4.7898,0.36186,-0.28073,-0.32521,-0.038258,-1.3081,-4.9253,-0.20926,0,0,0,6.856,6.8965,6.6858,6.7277,0.62892,-4.1355,-2.0729,5.1265,5.5785,1.8716
12.4,-3.6884,5.2972,3.9415,0.028305,-0.24193,0.90327,0.35324,-4.8363,4.7404,0.35967,-0.27583,-0.32327,-0.039106,-1.3016,-4.9663,-0.22989,0,0,0,6.8558,6.8965,6.6855,6.7274,0.67997,-4.0795,-2.0537,5.0838,5.6101,1.9604
12.41,-3.7368,5.3443,3.9451,0.028467,-0.24383,0.90407,0.34986,-4.8493,4.6905,0.35727,-0.27092,-0.32132,-0.039955,-1.2945,-5.0069,-0.25033,0,0,0,6.8556,6.8966,6.6852,6.7273,0.73059,-4.0233,-2.0337,5.04,5.6427,2.0481
12.42,-3.7854,5.391,3.9487,0.028619,-0.24569,0.90487,0.34644,-4.8622,4.6402,0.35466,-0.26599,-0.31937,-0.040804,-1.287,-5.0468,-0.27056,0,0,0,6.8553,6.8966,6.6851,6.7272,0.78076,-3.9667,-2.0128,4.9951,5.6766,2.1349
12.43,-3.834,5.4371,3.9522,0.028761,-0.24753,0.90568,0.34298,-4.875,4.5896,0.35186,-0.26105,-0.31741,-0.041653,-1.2789,-5.0862,-0.29058,0,0,0,6.855,6.8966,6.685,6.7272,0.83049,-3.9097,-1.991,4.9492,5.712,2.2207
12.44,-3.8829,5.4828,3.9557,0.028894,-0.24935,0.9065,0.33949,-4.8878,4.5385,0.34885,-0.25608,-0.31545,-0.0425,-1.2704,-5.125,-0.31038,0,0,0,6.8547,6.8965,6.6851,6.7273,0.87975,-3.8524,-1.9684,4.9025,5.7491,2.3055
12.45,-3.9318,5.5279,3.9592,0.029016,-0.25113,0.90732,0.33596,-4.9004,4.4871,0.34565,-0.25109,-0.31348,-0.043346,-1.2613,-5.1632,-0.32995,0,0,0,6.8543,6.8965,6.6852,6.7275,0.92853,-3.7947,-1.9449,4.8549,5.788,2.3894
12.46,-3.9809,5.5725,3.9626,0.029128,-0.25288,0.90814,0.3324,-4.913,4.4352,0.34225,-0.24609,-0.31151,-0.044191,-1.2518,-5.2009,-0.34928,0,0,0,6.8539,6.8965,6.6854,6.7278,0.97684,-3.7367,-1.9206,4.8064,5.829,2.4724
12.47,-4.0301,5.6166,3.966,0.02923,-0.2546,0.90897,0.32879,-4.9255,4.383,0.33866,-0.24106,-0.30953,-0.045032,-1.2418,-5.238,-0.36836,0,0,0,6.8535,6.8964,6.6856,6.7281,1.0247,-3.6782,-1.8954,4.7573,5.8722,2.5544
12.48,-4.0794,5.6602,3.9694,0.029321,-0.2563,0.90979,0.32515,-4.9378,4.3305,0.33489,-0.236,-0.30755,-0.045871,-1.2313,-5.2745,-0.38718,0,0,0,6.8531,6.8963,6.686,6.7286,1.072,-3.6192,-1.8695,4.7074,5.9179,2.6356
12.49,-4.1288,5.7032,3.9727,0.029402,-0.25796,0.91063,0.32148,-4.9501,4.2776,0.33092,-0.23092,-0.30556,-0.046707,-1.2203,-5.3104,-0.40574,0,0,0,6.8527,6.8963,6.6864,6.7291,1.1188,-3.5598,-1.8427,4.6569,5.9659,2.7158
12.5,-4.1784,5.7457,3.976,0.029472,-0.2596,0.91146,0.31776,-4.9623,4.2243,0.32677,-0.22581,-0.30357,-0.047538,-1.2089,-5.3457,-0.42403,0,0,0,6.8522,6.8962,6.687,6.7297,1.1651,-3.4999,-1.8152,4.6057,6.0158,2.7951
12.51,-4.2281,5.7877,3.9793,0.029531,-0.26121,0.9123,0.31401,-4.9743,4.1706,0.32244,-0.22067,-0.30157,-0.048365,-1.197,-5.3804,-0.44205,0,0,0,6.8517,6.8961,6.6875,6.7303,1.2109,-3.4395,-1.7868,4.5539,6.0675,2.8733
12.52,-4.2779,5.8291,3.9825,0.029579,-0.26278,0.91314,0.31023,-4.9862,4.1167,0.31793,-0.21549,-0.29957,-0.049188,-1.1847,-5.4144,-0.45977,0,0,0,6.8512,6.896,6.6882,6.7311,1.2562,-3.3785,-1.7577,4.5014,6.1206,2.9505
12.53,-4.3278,5.87,3.9856,0.029616,-0.26433,0.91399,0.3064,-4.998,4.0624,0.31325,-0.21029,-0.29758,-0.050005,-1.1719,-5.4479,-0.4772,0,0,0,6.8507,6.8959,6.6889,6.7319,1.3009,-3.3171,-1.7278,4.4483,6.175,3.0265
12.54,-4.3778,5.9104,3.9887,0.029642,-0.26584,0.91483,0.30254,-5.0096,4.0077,0.30839,-0.20505,-0.29557,-0.050817,-1.1587,-5.4808,-0.49432,0,0,0,6.8502,6.8957,6.6897,6.7328,1.3452,-3.255,-1.6972,4.3945,6.2303,3.1013
12.55,-4.428,5.9502,3.9918,0.029657,-0.26732,0.91568,0.29865,-5.0211,3.9527,0.30336,-0.19977,-0.29358,-0.051622,-1.145,-5.513,-0.51114,0,0,0,6.8497,6.8956,6.6906,6.7337,1.3888,-3.1924,-1.6658,4.3401,6.2864,3.1749
12.56,-4.4782,5.9894,3.9948,0.029661,-0.26878,0.91653,0.29472,-5.0325,3.8975,0.29817,-0.19446,-0.29158,-0.052422,-1.1309,-5.5446,-0.52764,0,0,0,6.8492,6.8955,6.6915,6.7347,1.432,-3.1293,-1.6337,4.2851,6.343,3.2473
12.57,-4.5286,6.0281,3.9978,0.029653,-0.2702,0.91738,0.29075,-5.0438,3.8418,0.29281,-0.18911,-0.28959,-0.053214,-1.1164,-5.5756,-0.54381,0,0,0,6.8486,6.8953,6.6925,6.7358,1.4745,-3.0656,-1.6009,4.2295,6.3999,3.3183
12.58,-4.5791,6.0663,4.0007,0.029635,-0.27159,0.91823,0.28675,-5.0549,3.7859,0.28729,-0.18373,-0.2876,-0.054,-1.1014,-5.6059,-0.55965,0,0,0,6.8481,6.8952,6.6935,6.7369,1.5165,-3.0013,-1.5673,4.1733,6.4567,3.3879
12.59,-4.6297,6.1039,4.0035,0.029604,-0.27294,0.91908,0.28271,-5.0658,3.7297,0.28162,-0.17831,-0.28562,-0.054778,-1.0861,-5.6356,-0.57515,0,0,0,6.8476,6.895,6.6946,6.7381,1.558,-2.9364,-1.5331,4.1164,6.5132,3.4562
12.6,-4.6804,6.1409,4.0063,0.029563,-0.27427,0.91993,0.27864,-5.0766,3.6732,0.27579,-0.17285,-0.28366,-0.055549,-1.0703,-5.6647,-0.59031,0,0,0,6.847,6.8949,6.6957,6.7394,1.5989,-2.871,-1.4982,4.059,6.5693,3.5229
12.61,-4.7313,6.1773,4.009,0.02951,-0.27556,0.92077,0.27453,-5.0872,3.6164,0.26981,-0.16736,-0.2817,-0.056312,-1.0541,-5.693,-0.60512,0,0,0,6.8465,6.8947,6.6969,6.7407,1.6392,-2.8051,-1.4627,4.001,6.6246,3.5882
12.62,-4.7822,6.2132,4.0117,0.029446,-0.27683,0.92162,0.27039,-5.0977,3.5594,0.26369,-0.16183,-0.27977,-0.057067,-1.0375,-5.7208,-0.61956,0,0,0,6.846,6.8945,6.6981,6.742,1.6789,-2.7385,-1.4265,3.9424,6.6788,3.6519
12.63,-4.8332,6.2485,4.0143,0.02937,-0.27805,0.92247,0.26621,-5.1079,3.502,0.25742,-0.15626,-0.27785,-0.057814,-1.0205,-5.7478,-0.63364,0,0,0,6.8454,6.8943,6.6994,6.7434,1.718,-2.6715,-1.3896,3.8832,6.7318,3.714
12.64,-4.8843,6.2832,4.0168,0.029284,-0.27925,0.92332,0.262,-5.1181,3.4444,0.25102,-0.15066,-0.27595,-0.058552,-1.0031,-5.7742,-0.64735,0,0,0,6.8449,6.8941,6.7007,6.7448,1.7566,-2.6039,-1.3522,3.8234,6.7833,3.7744
12.65,-4.9356,6.3174,4.0193,0.029186,-0.28041,0.92416,0.25776,-5.128,3.3865,0.24448,-0.14503,-0.27407,-0.059282,-0.98537,-5.7999,-0.66069,0,0,0,6.8444,6.8939,6.702,6.7463,1.7945,-2.5358,-1.3141,3.7631,6.8331,3.8331
12.66,-4.9869,6.351,4.0217,0.029077,-0.28154,0.92501,0.25348,-5.1378,3.3284,0.23781,-0.13936,-0.27223,-0.060002,-0.96724,-5.8249,-0.67363,0,0,0,6.8439,6.8937,6.7034,6.7478,1.8318,-2.4673,-1.2755,3.7022,6.8808,3.89
12.67,-5.0383,6.384,4.0241,0.028957,-0.28264,0.92585,0.24917,-5.1473,3.2701,0.23101,-0.13367,-0.27041,-0.060714,-0.94874,-5.8492,-0.68619,0,0,0,6.8434,6.8934,6.7048,6.7493,1.8685,-2.3982,-1.2364,3.6408,6.9263,3.9452
12.68,-5.0898,6.4164,4.0263,0.028826,-0.2837,0.92668,0.24482,-5.1567,3.2114,0.22408,-0.12794,-0.26862,-0.061416,-0.92987,-5.8729,-0.69836,0,0,0,6.8429,6.8932,6.7063,6.7508,1.9046,-2.3287,-1.1966,3.5789,6.9692,3.9985
12.69,-5.1415,6.4482,4.0285,0.028684,-0.28473,0.92752,0.24044,-5.1659,3.1526,0.21704,-0.12219,-0.26687,-0.062109,-0.91065,-5.8958,-0.71013,0,0,0,6.8424,6.893,6.7078,6.7524,1.9401,-2.2588,-1.1564,3.5164,7.0095,4.0499
12.7,-5.1932,6.4794,4.0307,0.028532,-0.28573,0.92835,0.23603,-5.175,3.0935,0.20988,-0.11641,-0.26516,-0.062792,-0.89107,-5.918,-0.72149,0,0,0,6.8419,6.8927,6.7093,6.7541,1.975,-2.1886,-1.1156,3.4533,7.0467,4.0993
12.71,-5.245,6.5101,4.0327,0.028369,-0.28669,0.92918,0.23159,-5.1838,3.0342,0.20261,-0.11062,-0.26349,-0.063465,-0.87115,-5.9396,-0.73244,0,0,0,6.8415,6.8924,6.7108,6.7557,2.0092,-2.1179,-1.0744,3.3898,7.0806,4.1468
12.72,-5.2968,6.5401,4.0347,0.028196,-0.28762,0.93,0.22711,-5.1924,2.9747,0.19523,-0.1048,-0.26186,-0.064129,-0.85089,-5.9604,-0.74297,0,0,0,6.8411,6.8921,6.7124,6.7574,2.0427,-2.047,-1.0327,3.3257,7.111,4.1921
12.73,-5.3488,6.5696,4.0366,0.028013,-0.28851,0.93082,0.22261,-5.2008,2.915,0.18775,-0.098963,-0.26028,-0.064782,-0.8303,-5.9805,-0.75309,0,0,0,6.8406,6.8918,6.714,6.759,2.0757,-1.9757,-0.99058,3.2611,7.1377,4.2354
12.74,-5.4009,6.5984,4.0385,0.02782,-0.28937,0.93163,0.21807,-5.209,2.8551,0.18017,-0.093116,-0.25875,-0.065426,-0.80938,-5.9999,-0.76278,0,0,0,6.8402,6.8915,6.7156,6.7608,2.108,-1.9042,-0.94801,3.196,7.1604,4.2766
12.75,-5.453,6.6267,4.0402,0.027617,-0.29019,0.93244,0.2135,-5.217,2.795,0.1725,-0.087258,-0.25728,-0.066059,-0.78814,-6.0186,-0.77205,0,0,0,6.8398,6.8911,6.7173,6.7625,2.1396,-1.8325,-0.90505,3.1304,7.1788,4.3156
12.76,-5.5052,6.6543,4.0419,0.027405,-0.29098,0.93324,0.20891,-5.2247,2.7348,0.16473,-0.081395,-0.25586,-0.066682,-0.76659,-6.0366,-0.78088,0,0,0,6.8394,6.8908,6.719,6.7642,2.1706,-1.7607,-0.86171,3.0644,7.1927,4.3523
12.77,-5.5575,6.6814,4.0435,0.027183,-0.29173,0.93404,0.20428,-5.2323,2.6743,0.15688,-0.075529,-0.2545,-0.067294,-0.74473,-6.0538,-0.78928,0,0,0,6.8391,6.8904,6.7207,6.766,2.2009,-1.6887,-0.81801,2.9978,7.2023,4.3867
12.78,-5.6098,6.7078,4.0451,0.026953,-0.29245,0.93482,0.19962,-5.2396,2.6137,0.14895,-0.069665,-0.2532,-0.067896,-0.72257,-6.0703,-0.79724,0,0,0,6.8387,6.89,6.7224,6.7678,2.2305,-1.6166,-0.77398,2.9308,7.2079,4.4187
12.79,-5.6623,6.7336,4.0465,0.026714,-0.29314,0.93561,0.19493,-5.2468,2.5529,0.14094,-0.063807,-0.25197,-0.068487,-0.70012,-6.0861,-0.80476,0,0,0,6.8384,6.8896,6.7242,6.7696,2.2595,-1.5445,-0.72965,2.8634,7.2097,4.4482
12.8,-5.7148,6.7589,4.0479,0.026466,-0.29379,0.93638,0.19022,-5.2536,2.492,0.13286,-0.057957,-0.2508,-0.069067,-0.67739,-6.1012,-0.81183,0,0,0,6.8381,6.8892,6.7261,6.7714,2.2878,-1.4724,-0.68503,2.7955,7.2081,4.4752
12.81,-5.7673,6.7835,4.0492,0.026211,-0.29441,0.93714,0.18548,-5.2603,2.4309,0.1247,-0.05212,-0.2497,-0.069635,-0.65437,-6.1156,-0.81846,0,0,0,6.8377,6.8888,6.7279,6.7733,2.3154,-1.4004,-0.64015,2.7273,7.2032,4.4996
12.82,-5.82,6.8075,4.0504,0.025948,-0.29499,0.9379,0.1807,-5.2667,2.3697,0.11649,-0.046299,-0.24867,-0.070193,-0.63108,-6.1292,-0.82464,0,0,0,6.8374,6.8883,6.7298,6.7751,2.3423,-1.3284,-0.59504,2.6586,7.1955,4.5212
12.83,-5.8727,6.8309,4.0515,0.025677,-0.29553,0.93865,0.17591,-5.2729,2.3083,0.10821,-0.040497,-0.24771,-0.070739,-0.60752,-6.1422,-0.83036,0,0,0,6.8371,6.8879,6.7317,6.777,2.3686,-1.2565,-0.54974,2.5897,7.1852,4.5401
12.84,-5.9254,6.8536,4.0525,0.025399,-0.29605,0.93938,0.17108,-5.2789,2.2468,0.099883,-0.034717,-0.24682,-0.071274,-0.58371,-6.1544,-0.83563,0,0,0,6.8368,6.8874,6.7337,6.779,2.3941,-1.1847,-0.50425,2.5204,7.1725,4.5561
12.85,-5.9782,6.8758,4.0535,0.025115,-0.29652,0.94011,0.16623,-5.2846,2.1852,0.091502,-0.028963,-0.246,-0.071796,-0.55964,-6.1659,-0.84044,0,0,0,6.8365,6.8869,6.7357,6.7809,2.419,-1.113,-0.45862,2.4507,7.1579,4.5692
12.86,-6.0311,6.8973,4.0544,0.024824,-0.29697,0.94083,0.16136,-5.2901,2.1235,0.083076,-0.023236,-0.24526,-0.072307,-0.53533,-6.1766,-0.8448,0,0,0,6.8362,6.8864,6.7378,6.7829,2.4431,-1.0415,-0.41288,2.3808,7.1415,4.5792
12.87,-6.084,6.9183,4.0552,0.024527,-0.29738,0.94153,0.15645,-5.2953,2.0617,0.074608,-0.017541,-0.24459,-0.072805,-0.51078,-6.1867,-0.8487,0,0,0,6.8358,6.8858,6.7399,6.785,2.4666,-0.97022,-0.36705,2.3106,7.1237,4.5861
12.88,-6.137,6.9386,4.0559,0.024224,-0.29775,0.94223,0.15153,-5.3003,1.9998,0.066103,-0.011878,-0.24399,-0.073291,-0.486,-6.196,-0.85214,0,0,0,6.8355,6.8853,6.7421,6.787,2.4894,-0.89907,-0.32117,2.2401,7.1047,4.5898
12.89,-6.1901,6.9583,4.0565,0.023916,-0.2981,0.94291,0.14658,-5.305,1.9378,0.057566,-0.0062521,-0.24347,-0.073764,-0.461,-6.2047,-0.85513,0,0,0,6.8353,6.8848,6.7442,6.7891,2.5114,-0.82813,-0.27526,2.1694,7.0849,4.5903
12.9,-6.2431,6.9773,4.057,0.023603,-0.2984,0.94358,0.14161,-5.3095,1.8757,0.049002,-0.00066396,-0.24303,-0.074224,-0.43578,-6.2126,-0.85765,0,0,0,6.835,6.8842,6.7465,6.7912,2.5327,-0.75738,-0.22937,2.0985,7.0645,4.5874
12.91,-6.2962,6.9958,4.0575,0.023286,-0.29868,0.94424,0.13661,-5.3137,1.8135,0.040415,0.0048839,-0.24266,-0.074671,-0.41035,-6.2198,-0.85971,0,0,0,6.8347,6.8837,6.7488,6.7934,2.5534,-0.68684,-0.18353,2.0274,7.0438,4.5812
12.92,-6.3494,7.0136,4.0578,0.022964,-0.29892,0.94488,0.1316,-5.3177,1.7513,0.031809,0.010389,-0.24236,-0.075105,-0.38471,-6.2263,-0.86132,0,0,0,6.8344,6.8831,6.7511,6.7956,2.5733,-0.6165,-0.13776,1.9561,7.0231,4.5714
12.93,-6.4026,7.0308,4.0581,0.022639,-0.29912,0.94551,0.12656,-5.3214,1.689,0.02319,0.015851,-0.24214,-0.075526,-0.35888,-6.2322,-0.86247,0,0,0,6.8341,6.8826,6.7534,6.7978,2.5925,-0.54637,-0.092111,1.8846,7.0028,4.558
12.94,-6.4558,7.0474,4.0583,0.02231,-0.2993,0.94613,0.1215,-5.3249,1.6266,0.014562,0.021267,-0.24199,-0.075933,-0.33286,-6.2373,-0.86316,0,0,0,6.8338,6.882,6.7558,6.8,2.611,-0.47645,-0.046614,1.813,6.983,4.541
12.95,-6.5091,7.0633,4.0584,0.021978,-0.29944,0.94673,0.11642,-5.3281,1.5642,0.0059284,0.026636,-0.24192,-0.076326,-0.30666,-6.2417,-0.8634,0,0,0,6.8336,6.8815,6.7583,6.8023,2.6288,-0.40671,-0.0013045,1.7413,6.9641,4.5202
12.96,-6.5624,7.0787,4.0584,0.021644,-0.29955,0.94732,0.11133,-5.331,1.5018,-0.002705,0.031956,-0.24192,-0.076705,-0.28029,-6.2454,-0.86319,0,0,0,6.8333,6.8809,6.7607,6.8046,2.6458,-0.33716,0.043778,1.6695,6.9463,4.4956
12.97,-6.6157,7.0934,4.0583,0.021308,-0.29962,0.94789,0.10621,-5.3337,1.4393,-0.011334,0.037228,-0.24199,-0.07707,-0.25375,-6.2484,-0.86253,0,0,0,6.833,6.8804,6.7633,6.807,2.6621,-0.26778,0.088595,1.5976,6.93,4.4671
12.98,-6.6691,7.1074,4.0582,0.02097,-0.29966,0.94844,0.10108,-5.3361,1.3768,-0.019954,0.042449,-0.24213,-0.077421,-0.22705,-6.2508,-0.86142,0,0,0,6.8328,6.8799,6.7658,6.8093,2.6778,-0.19855,0.13311,1.5257,6.9155,4.4347
12.99,-6.7224,7.1209,4.0579,0.020631,-0.29968,0.94898,0.095929,-5.3382,1.3143,-0.028561,0.047619,-0.24235,-0.077758,-0.2002,-6.2524,-0.85987,0,0,0,6.8326,6.8794,6.7684,6.8117,2.6927,-0.12946,0.17728,1.4537,6.903,4.3982
13,-6.7758,7.1337,4.0576,0.020291,-0.29965,0.9495,0.090764,-5.3401,1.2518,-0.03715,0.052738,-0.24263,-0.07808,-0.1732,-6.2533,-0.85787,0,0,0,6.8324,6.8789,6.771,6.8141,2.7068,-0.060488,0.22106,1.3817,6.8928,4.3575
13.01,-6.8292,7.1459,4.0572,0.019951,-0.2996,0.95001,0.085584,-5.3417,1.1893,-0.045717,0.057806,-0.24298,-0.078389,-0.14606,-6.2536,-0.85545,0,0,0,6.8321,6.8784,6.7736,6.8165,2.7203,0.0084,0.26441,1.3096,6.8852,4.3127
13.02,-6.8827,7.1575,4.0567,0.01961,-0.29952,0.9505,0.08039,-5.343,1.1267,-0.054257,0.062822,-0.2434,-0.078683,-0.1188,-6.2532,-0.85259,0,0,0,6.832,6.8779,6.7762,6.819,2.733,0.077226,0.3073,1.2376,6.8805,4.2635
13.03,-6.9361,7.1685,4.0561,0.019271,-0.2994,0.95097,0.075182,-5.3441,1.0642,-0.062767,0.067786,-0.24389,-0.078962,-0.091406,-6.2521,-0.8493,0,0,0,6.8318,6.8775,6.7788,6.8214,2.745,0.14602,0.34967,1.1657,6.8791,4.21
13.04,-6.9895,7.1788,4.0554,0.018932,-0.29925,0.95142,0.069962,-5.3448,1.0017,-0.071242,0.0727,-0.24445,-0.079228,-0.063898,-6.2503,-0.8456,0,0,0,6.8316,6.8771,6.7815,6.8239,2.7563,0.21482,0.39148,1.0938,6.881,4.1521
13.05,-7.043,7.1885,4.0547,0.018594,-0.29907,0.95185,0.064731,-5.3453,0.9392,-0.079678,0.077564,-0.24507,-0.079479,-0.036281,-6.2478,-0.84147,0,0,0,6.8315,6.8767,6.7841,6.8264,2.7669,0.28365,0.4327,1.022,6.8862,4.0899
13.06,-7.0964,7.1976,4.0539,0.018259,-0.29886,0.95227,0.059488,-5.3456,0.87674,-0.08807,0.082378,-0.24575,-0.079716,-0.0085622,-6.2446,-0.83694,0,0,0,6.8314,6.8763,6.7867,6.8288,2.7768,0.35255,0.47327,0.95053,6.894,4.0242
13.07,-7.1499,7.206,4.0529,0.017925,-0.29862,0.95266,0.054236,-5.3455,0.81431,-0.096415,0.087143,-0.2465,-0.07994,0.019252,-6.2407,-0.83201,0,0,0,6.8313,6.876,6.7893,6.8313,2.7859,0.42154,0.51317,0.87946,6.9034,3.9553
13.08,-7.2034,7.2139,4.0519,0.017594,-0.29835,0.95304,0.048975,-5.3452,0.75193,-0.10471,0.091858,-0.24732,-0.08015,0.047154,-6.2362,-0.82668,0,0,0,6.8312,6.8757,6.7919,6.8337,2.7944,0.49062,0.55237,0.80893,6.914,3.884
13.09,-7.2568,7.2211,4.0508,0.017267,-0.29805,0.95339,0.043707,-5.3446,0.68959,-0.11295,0.096524,-0.2482,-0.080347,0.075137,-6.2309,-0.82097,0,0,0,6.8312,6.8755,6.7945,6.8361,2.8021,0.55982,0.59084,0.73909,6.9249,3.8106
13.1,-7.3102,7.2277,4.0497,0.016943,-0.29771,0.95373,0.038431,-5.3437,0.62731,-0.12113,0.10114,-0.24914,-0.080531,0.10319,-6.225,-0.81487,0,0,0,6.8312,6.8752,6.797,6.8384,2.8092,0.62912,0.62858,0.67007,6.9353,3.7359
13.11,-7.3637,7.2336,4.0484,0.016623,-0.29735,0.95405,0.033149,-5.3425,0.56509,-0.12924,0.10571,-0.25015,-0.080702,0.13132,-6.2183,-0.8084,0,0,0,6.8313,6.875,6.7994,6.8407,2.8155,0.69852,0.66556,0.60201,6.9446,3.6604
13.12,-7.4171,7.239,4.0471,0.016308,-0.29696,0.95434,0.027862,-5.3411,0.50295,-0.13729,0.11022,-0.25122,-0.080862,0.1595,-6.211,-0.80156,0,0,0,6.8314,6.8749,6.8018,6.8429,2.8212,0.76801,0.70178,0.53504,6.9521,3.5845
13.13,-7.4705,7.2437,4.0457,0.015998,-0.29654,0.95462,0.022571,-5.3393,0.44088,-0.14527,0.11468,-0.25236,-0.08101,0.18774,-6.203,-0.79436,0,0,0,6.8315,6.8747,6.8042,6.8451,2.8262,0.83756,0.73725,0.4693,6.957,3.5089
13.14,-7.5239,7.2478,4.0442,0.015693,-0.29609,0.95488,0.017277,-5.3373,0.37889,-0.15318,0.11909,-0.25356,-0.081147,0.21602,-6.1942,-0.78682,0,0,0,6.8317,6.8746,6.8064,6.8473,2.8306,0.90714,0.77196,0.40488,6.9589,3.4339
13.15,-7.5772,7.2513,4.0426,0.015394,-0.2956,0.95511,0.01198,-5.335,0.31699,-0.16101,0.12344,-0.25483,-0.081273,0.24435,-6.1848,-0.77893,0,0,0,6.832,6.8746,6.8086,6.8493,2.8343,0.97672,0.80593,0.34175,6.9577,3.3596
13.16,-7.6306,7.2541,4.041,0.015102,-0.2951,0.95533,0.0066825,-5.3324,0.2552,-0.16876,0.12774,-0.25616,-0.08139,0.27271,-6.1747,-0.7707,0,0,0,6.8322,6.8745,6.8108,6.8513,2.8374,1.0463,0.83916,0.2799,6.9537,3.2859
13.17,-7.6839,7.2564,4.0392,0.014817,-0.29456,0.95552,0.0013845,-5.3295,0.1935,-0.17642,0.13198,-0.25756,-0.081497,0.3011,-6.1639,-0.76215,0,0,0,6.8325,6.8745,6.8129,6.8532,2.8399,1.1158,0.87165,0.2193,6.9469,3.2128
13.18,-7.7372,7.258,4.0374,-0.014539,0.29399,-0.95569,0.0039128,-5.3264,0.13192,-0.184,0.13616,-0.25902,-0.081594,0.32951,-6.1524,-0.75327,0,0,0,6.8328,6.8745,6.8149,6.8551,2.8418,1.1852,0.90342,0.15995,6.9374,3.1403
13.19,-7.7904,7.259,4.0355,-0.014268,0.2934,-0.95584,0.0092084,-5.323,0.070456,-0.19149,0.14028,-0.26054,-0.081683,0.35793,-6.1402,-0.74408,0,0,0,6.8332,6.8745,6.8169,6.8569,2.8431,1.2545,0.93446,0.10181,6.9253,3.0684
13.2,-7.8436,7.2594,4.0336,-0.014007,0.29277,-0.95597,0.014501,-5.3192,0.0091184,-0.19888,0.14434,-0.26213,-0.081764,0.38637,-6.1273,-0.73458,0,0,0,6.8336,6.8745,6.8188,6.8587,2.8439,1.3237,0.96479,0.044871,6.9106,2.997
13.21,-7.8968,7.2592,4.0316,-0.013754,0.29212,-0.95608,0.019791,-5.3152,-0.052087,-0.20618,0.14834,-0.26379,-0.081836,0.41481,-6.1137,-0.72479,0,0,0,6.8339,6.8745,6.8206,6.8603,2.844,1.3927,0.9944,-0.010895,6.8935,2.9262
13.22,-7.9499,7.2584,4.0295,-0.01351,0.29144,-0.95616,0.025076,-5.3109,-0.11315,-0.21337,0.15227,-0.2655,-0.081901,0.44325,-6.0994,-0.7147,0,0,0,6.8343,6.8746,6.8224,6.8619,2.8436,1.4616,1.0233,-0.065504,6.874,2.8559
13.23,-8.003,7.2569,4.0273,-0.013276,0.29074,-0.95623,0.030355,-5.3064,-0.17407,-0.22047,0.15614,-0.26727,-0.081959,0.47168,-6.0845,-0.70432,0,0,0,6.8347,6.8746,6.8241,6.8635,2.8427,1.5302,1.0515,-0.11898,6.8522,2.7861
13.24,-8.0561,7.2549,4.0251,-0.013053,0.29,-0.95627,0.035628,-5.3015,-0.23484,-0.22746,0.15995,-0.26911,-0.08201,0.5001,-6.0688,-0.69367,0,0,0,6.8351,6.8746,6.8258,6.865,2.8413,1.5986,1.079,-0.17134,6.8283,2.7168
13.25,-8.109,7.2522,4.0228,-0.01284,0.28924,-0.9563,0.040894,-5.2964,-0.29545,-0.23434,0.16368,-0.271,-0.082054,0.5285,-6.0525,-0.68274,0,0,0,6.8356,6.8747,6.8274,6.8664,2.8393,1.6668,1.1059,-0.22261,6.8023,2.6479
13.26,-8.162,7.249,4.0204,-0.012638,0.28846,-0.9563,0.046152,-5.2909,-0.35589,-0.24111,0.16736,-0.27295,-0.082092,0.55688,-6.0355,-0.67155,0,0,0,6.836,6.8747,6.8289,6.8678,2.8368,1.7346,1.132,-0.2728,6.7743,2.5796
13.27,-8.2149,7.2451,4.0179,-0.012448,0.28765,-0.95628,0.0514,-5.2852,-0.41616,-0.24777,0.17096,-0.27496,-0.082124,0.58524,-6.0178,-0.66011,0,0,0,6.8364,6.8747,6.8304,6.8691,2.8339,1.8022,1.1575,-0.32194,6.7444,2.5116
13.28,-8.2677,7.2407,4.0154,-0.012269,0.28681,-0.95623,0.056638,-5.2792,-0.47624,-0.25432,0.17449,-0.27702,-0.08215,0.61356,-5.9995,-0.64841,0,0,0,6.8368,6.8748,6.8319,6.8703,2.8304,1.8695,1.1822,-0.37005,6.7127,2.4441
13.29,-8.3204,7.2356,4.0128,-0.012104,0.28594,-0.95617,0.061866,-5.2729,-0.53614,-0.26074,0.17796,-0.27914,-0.082171,0.64184,-5.9804,-0.63646,0,0,0,6.8372,6.8748,6.8333,6.8715,2.8265,1.9365,1.2063,-0.41714,6.6792,2.377
13.3,-8.3731,7.2299,4.0102,-0.011951,0.28506,-0.95609,0.067081,-5.2664,-0.59585,-0.26704,0.18136,-0.28131,-0.082187,0.67009,-5.9607,-0.62428,0,0,0,6.8377,6.8748,6.8346,6.8726,2.8221,2.0031,1.2298,-0.46324,6.6441,2.3103
13.31,-8.4258,7.2237,4.0075,-0.011811,0.28414,-0.95598,0.072284,-5.2595,-0.65536,-0.27322,0.18468,-0.28353,-0.082198,0.69828,-5.9404,-0.61187,0,0,0,6.8381,6.8748,6.8359,6.8737,2.8172,2.0694,1.2525,-0.50838,6.6075,2.2439
13.32,-8.4783,7.2168,4.0047,-0.011685,0.2832,-0.95585,0.077473,-5.2524,-0.71465,-0.27928,0.18794,-0.2858,-0.082204,0.72643,-5.9193,-0.59924,0,0,0,6.8385,6.8749,6.8371,6.8747,2.8119,2.1353,1.2746,-0.55256,6.5694,2.1779
13.33,-8.5308,7.2094,4.0019,-0.011573,0.28224,-0.95571,0.082647,-5.245,-0.77374,-0.28521,0.19112,-0.28811,-0.082206,0.75452,-5.8977,-0.58638,0,0,0,6.8389,6.8749,6.8383,6.8757,2.8061,2.2007,1.2961,-0.59581,6.5299,2.1123
13.34,-8.5832,7.2014,3.999,-0.011475,0.28125,-0.95554,0.087807,-5.2373,-0.83261,-0.29101,0.19423,-0.29047,-0.082203,0.78255,-5.8753,-0.57332,0,0,0,6.8393,6.8749,6.8394,6.8766,2.8,2.2658,1.3169,-0.63816,6.4892,2.0469
13.35,-8.6356,7.1927,3.9961,-0.011393,0.28024,-0.95535,0.09295,-5.2294,-0.89124,-0.29667,0.19728,-0.29288,-0.082197,0.81052,-5.8523,-0.56005,0,0,0,6.8396,6.8748,6.8405,6.8774,2.7934,2.3305,1.337,-0.67961,6.4472,1.9819
13.36,-8.6878,7.1835,3.9931,-0.011325,0.27921,-0.95514,0.098076,-5.2211,-0.94965,-0.30221,0.20025,-0.29532,-0.082186,0.83842,-5.8287,-0.54658,0,0,0,6.84,6.8748,6.8415,6.8782,2.7864,2.3948,1.3565,-0.7202,6.4042,1.9172
13.37,-8.74,7.1737,3.9901,-0.011273,0.27815,-0.95491,0.10318,-5.2126,-1.0078,-0.30761,0.20314,-0.29781,-0.082172,0.86624,-5.8045,-0.53292,0,0,0,6.8404,6.8748,6.8425,6.879,2.779,2.4586,1.3754,-0.75993,6.3601,1.8527
13.38,-8.7921,7.1634,3.987,-0.011236,0.27707,-0.95466,0.10828,-5.2038,-1.0657,-0.31287,0.20597,-0.30033,-0.082155,0.89399,-5.7796,-0.51907,0,0,0,6.8407,6.8748,6.8434,6.8797,2.7712,2.522,1.3936,-0.79884,6.3151,1.7885
13.39,-8.8441,7.1524,3.9838,-0.011216,0.27597,-0.95439,0.11335,-5.1947,-1.1234,-0.31799,0.20873,-0.3029,-0.082134,0.92166,-5.754,-0.50505,0,0,0,6.8411,6.8747,6.8444,6.8804,2.763,2.5849,1.4112,-0.83695,6.2693,1.7245
13.4,-8.896,7.1409,3.9806,-0.011212,0.27485,-0.9541,0.1184,-5.1854,-1.1808,-0.32297,0.21141,-0.30549,-0.08211,0.94925,-5.7279,-0.49085,0,0,0,6.8414,6.8747,6.8452,6.881,2.7545,2.6474,1.4281,-0.87426,6.2227,1.6608
13.41,-8.9478,7.1288,3.9773,-0.011225,0.2737,-0.9538,0.12343,-5.1757,-1.238,-0.3278,0.21402,-0.30812,-0.082083,0.97675,-5.7011,-0.47649,0,0,0,6.8417,6.8746,6.846,6.8816,2.7455,2.7094,1.4444,-0.91082,6.1755,1.5972
13.42,-8.9995,7.1161,3.974,-0.011255,0.27253,-0.95347,0.12844,-5.1658,-1.2948,-0.33249,0.21656,-0.31078,-0.082054,1.0042,-5.6737,-0.46196,0,0,0,6.842,6.8745,6.8468,6.8821,2.7362,2.7709,1.46,-0.94662,6.1277,1.5339
13.43,-9.0511,7.1029,3.9707,-0.011302,0.27134,-0.95312,0.13342,-5.1557,-1.3514,-0.33704,0.21903,-0.31347,-0.082022,1.0315,-5.6457,-0.44729,0,0,0,6.8423,6.8745,6.8476,6.8826,2.7266,2.8319,1.475,-0.9817,6.0795,1.4707
13.44,-9.1026,7.0891,3.9673,-0.011366,0.27013,-0.95276,0.13839,-5.1452,-1.4077,-0.34144,0.22143,-0.31618,-0.081987,1.0587,-5.617,-0.43247,0,0,0,6.8426,6.8744,6.8483,6.8831,2.7166,2.8925,1.4894,-1.0161,6.0308,1.4077
13.45,-9.154,7.0748,3.9639,-0.011449,0.2689,-0.95237,0.14333,-5.1345,-1.4638,-0.34569,0.22377,-0.31892,-0.08195,1.0858,-5.5878,-0.4175,0,0,0,6.8429,6.8743,6.849,6.8835,2.7063,2.9525,1.5032,-1.0498,5.9819,1.3448
13.46,-9.2053,7.0598,3.9604,-0.011549,0.26765,-0.95197,0.14825,-5.1235,-1.5195,-0.34979,0.22603,-0.32168,-0.081911,1.1128,-5.558,-0.4024,0,0,0,6.8432,6.8742,6.8496,6.8839,2.6956,3.0121,1.5163,-1.0828,5.9327,1.282
13.47,-9.2565,7.0444,3.9569,-0.011667,0.26638,-0.95155,0.15314,-5.1122,-1.5749,-0.35374,0.22822,-0.32447,-0.081869,1.1397,-5.5276,-0.38718,0,0,0,6.8435,6.8741,6.8502,6.8842,2.6846,3.0712,1.5288,-1.1152,5.8834,1.2194
13.48,-9.3075,7.0283,3.9533,-0.011804,0.26509,-0.95111,0.15801,-5.1007,-1.63,-0.35753,0.23035,-0.32727,-0.081826,1.1665,-5.4966,-0.37183,0,0,0,6.8437,6.874,6.8508,6.8846,2.6733,3.1298,1.5407,-1.1469,5.8341,1.1568
13.49,-9.3585,7.0118,3.9497,-0.011959,0.26379,-0.95066,0.16285,-5.0889,-1.6849,-0.36117,0.23241,-0.33009,-0.081781,1.1932,-5.465,-0.35637,0,0,0,6.844,6.8739,6.8514,6.8848,2.6617,3.1879,1.552,-1.1781,5.7849,1.0943
13.5,-9.4093,6.9946,3.9461,-0.012133,0.26246,-0.95019,0.16767,-5.0768,-1.7393,-0.36466,0.2344,-0.33293,-0.081735,1.2197,-5.4328,-0.34079,0,0,0,6.8442,6.8738,6.8519,6.8851,2.6498,3.2455,1.5626,-1.2087,5.7358,1.0319
13.51,-9.46,6.977,3.9424,-0.012325,0.26111,-0.9497,0.17246,-5.0645,-1.7935,-0.36799,0.23633,-0.33578,-0.081687,1.2462,-5.4001,-0.32512,0,0,0,6.8444,6.8737,6.8524,6.8853,2.6375,3.3026,1.5726,-1.2387,5.6869,0.9695
13.52,-9.5106,6.9588,3.9387,-0.012537,0.25975,-0.94919,0.17722,-5.0519,-1.8473,-0.37116,0.23819,-0.33865,-0.081637,1.2725,-5.3668,-0.30934,0,0,0,6.8447,6.8736,6.8528,6.8855,2.625,3.3592,1.582,-1.2682,5.6384,0.90712
13.53,-9.561,6.94,3.935,-0.012767,0.25836,-0.94867,0.18195,-5.039,-1.9008,-0.37418,0.24,-0.34153,-0.081586,1.2987,-5.3329,-0.29348,0,0,0,6.8449,6.8736,6.8533,6.8857,2.6122,3.4154,1.5908,-1.2972,5.5903,0.84475
13.54,-9.6114,6.9208,3.9312,-0.013017,0.25696,-0.94813,0.18666,-5.0259,-1.954,-0.37703,0.24174,-0.34441,-0.081534,1.3247,-5.2985,-0.27753,0,0,0,6.8451,6.8735,6.8537,6.8858,2.599,3.471,1.5989,-1.3256,5.5427,0.78238
13.55,-9.6616,6.901,3.9275,-0.013286,0.25555,-0.94758,0.19134,-5.0126,-2.0068,-0.37973,0.24342,-0.34731,-0.081482,1.3507,-5.2635,-0.2615,0,0,0,6.8453,6.8734,6.8541,6.886,2.5856,3.5262,1.6064,-1.3536,5.4955,0.72001
13.56,-9.7116,6.8806,3.9237,-0.013575,0.25411,-0.94701,0.19599,-4.9989,-2.0593,-0.38226,0.24504,-0.35021,-0.081428,1.3764,-5.2279,-0.2454,0,0,0,6.8456,6.8733,6.8544,6.8861,2.572,3.5809,1.6133,-1.3811,5.4487,0.65768
13.57,-9.7615,6.8598,3.9198,-0.013883,0.25266,-0.94643,0.20061,-4.985,-2.1114,-0.38463,0.2466,-0.35312,-0.081373,1.4021,-5.1918,-0.22924,0,0,0,6.8458,6.8732,6.8547,6.8861,2.558,3.6352,1.6196,-1.4081,5.4023,0.59538
13.58,-9.8113,6.8384,3.916,-0.014211,0.25119,-0.94583,0.2052,-4.9709,-2.1631,-0.38685,0.24811,-0.35603,-0.081318,1.4276,-5.1552,-0.21301,0,0,0,6.846,6.8731,6.855,6.8862,2.5438,3.689,1.6252,-1.4346,5.3562,0.53313
13.59,-9.861,6.8165,3.9121,-0.014558,0.2497,-0.94522,0.20976,-4.9565,-2.2145,-0.38889,0.24956,-0.35895,-0.081263,1.453,-5.1181,-0.19674,0,0,0,6.8462,6.8731,6.8553,6.8862,2.5293,3.7423,1.6302,-1.4607,5.3105,0.47095
13.6,-9.9104,6.7941,3.9082,-0.014924,0.2482,-0.94459,0.21429,-4.9418,-2.2655,-0.39078,0.25095,-0.36186,-0.081207,1.4782,-5.0804,-0.18041,0,0,0,6.8464,6.873,6.8556,6.8862,2.5146,3.7952,1.6346,-1.4863,5.2651,0.40884
13.61,-9.9598,6.7712,3.9043,-0.015311,0.24669,-0.94395,0.21879,-4.9269,-2.3161,-0.3925,0.2523,-0.36478,-0.081151,1.5033,-5.0422,-0.16404,0,0,0,6.8466,6.8729,6.8558,6.8862,2.4996,3.8476,1.6384,-1.5116,5.2199,0.34683
13.62,-10.009,6.7478,3.9003,-0.015717,0.24515,-0.9433,0.22326,-4.9118,-2.3663,-0.39406,0.25358,-0.3677,-0.081095,1.5282,-5.0034,-0.14764,0,0,0,6.8468,6.8729,6.856,6.8862,2.4844,3.8996,1.6416,-1.5363,5.1749,0.28493
13.63,-10.058,6.7239,3.8964,-0.016143,0.24361,-0.94263,0.2277,-4.8963,-2.4161,-0.39546,0.25482,-0.37061,-0.081039,1.5529,-4.9642,-0.13122,0,0,0,6.8471,6.8728,6.8562,6.8861,2.4689,3.9511,1.6441,-1.5607,5.1301,0.22314
13.64,-10.107,6.6995,3.8924,-0.016588,0.24204,-0.94195,0.23211,-4.8807,-2.4656,-0.39669,0.25601,-0.37352,-0.080983,1.5776,-4.9244,-0.11476,0,0,0,6.8473,6.8728,6.8564,6.886,2.4532,4.0022,1.646,-1.5847,5.0855,0.16149
13.65,-10.156,6.6746,3.8885,-0.017053,0.24047,-0.94125,0.23648,-4.8648,-2.5146,-0.39775,0.25715,-0.37643,-0.080927,1.602,-4.8841,-0.098297,0,0,0,6.8475,6.8727,6.8566,6.886,2.4372,4.0528,1.6473,-1.6082,5.0411,0.099986
13.66,-10.204,6.6492,3.8845,-0.017538,0.23887,-0.94055,0.24083,-4.8487,-2.5633,-0.39865,0.25824,-0.37933,-0.080871,1.6263,-4.8434,-0.08182,0,0,0,6.8477,6.8727,6.8567,6.8859,2.421,4.103,1.648,-1.6314,4.9967,0.038642
13.67,-10.253,6.6233,3.8805,-0.018042,0.23727,-0.93983,0.24514,-4.8323,-2.6115,-0.39939,0.25928,-0.38223,-0.080816,1.6504,-4.8021,-0.065339,0,0,0,6.8479,6.8727,6.8568,6.8857,2.4046,4.1528,1.6481,-1.6542,4.9524,-0.022527
13.68,-10.301,6.597,3.8765,-0.018566,0.23565,-0.9391,0.24942,-4.8156,-2.6593,-0.39996,0.26028,-0.38512,-0.080761,1.6744,-4.7603,-0.04886,0,0,0,6.8481,6.8726,6.8569,6.8856,2.3879,4.2021,1.6476,-1.6767,4.9081,-0.083509
13.69,-10.349,6.5701,3.8725,-0.019109,0.23401,-0.93836,0.25367,-4.7988,-2.7067,-0.40036,0.26123,-0.388,-0.080707,1.6982,-4.718,-0.032389,0,0,0,6.8483,6.8726,6.8571,6.8855,2.371,4.2509,1.6464,-1.6988,4.8639,-0.14429
13.7,-10.397,6.5428,3.8685,-0.019672,0.23236,-0.93761,0.25788,-4.7817,-2.7537,-0.40061,0.26214,-0.39087,-0.080653,1.7218,-4.6753,-0.015933,0,0,0,6.8485,6.8726,6.8571,6.8853,2.3539,4.2993,1.6447,-1.7205,4.8196,-0.20485
13.71,-10.445,6.5151,3.8645,-0.020254,0.2307,-0.93685,0.26207,-4.7644,-2.8002,-0.40068,0.263,-0.39373,-0.080601,1.7453,-4.6321,0.00050236,0,0,0,6.8488,6.8726,6.8572,6.8852,2.3366,4.3473,1.6423,-1.7419,4.7752,-0.26519
13.72,-10.492,6.4868,3.8605,-0.020855,0.22903,-0.93608,0.26622,-4.7468,-2.8463,-0.4006,0.26383,-0.39658,-0.080548,1.7685,-4.5883,0.016911,0,0,0,6.849,6.8726,6.8573,6.885,2.3191,4.3948,1.6394,-1.763,4.7308,-0.32528
13.73,-10.539,6.4581,3.8565,-0.021476,0.22734,-0.93529,0.27034,-4.729,-2.892,-0.40034,0.26461,-0.39942,-0.080497,1.7916,-4.5442,0.033288,0,0,0,6.8492,6.8726,6.8573,6.8848,2.3014,4.4419,1.6358,-1.7837,4.6863,-0.38512
13.74,-10.587,6.429,3.8525,-0.022116,0.22564,-0.9345,0.27442,-4.7109,-2.9372,-0.39993,0.26535,-0.40224,-0.080447,1.8146,-4.4995,0.049626,0,0,0,6.8494,6.8726,6.8574,6.8846,2.2834,4.4886,1.6317,-1.8042,4.6416,-0.44469
13.75,-10.634,6.3994,3.8485,-0.022775,0.22393,-0.9337,0.27848,-4.6927,-2.982,-0.39935,0.26605,-0.40505,-0.080397,1.8373,-4.4544,0.06592,0,0,0,6.8496,6.8726,6.8574,6.8844,2.2653,4.5348,1.6269,-1.8243,4.5967,-0.50397
13.76,-10.681,6.3693,3.8445,-0.023453,0.2222,-0.93288,0.2825,-4.6742,-3.0263,-0.39861,0.26671,-0.40785,-0.080349,1.8599,-4.4088,0.082163,0,0,0,6.8498,6.8726,6.8575,6.8842,2.2469,4.5805,1.6216,-1.8442,4.5516,-0.56296
13.77,-10.727,6.3389,3.8405,-0.024149,0.22046,-0.93206,0.28649,-4.6555,-3.0701,-0.39771,0.26733,-0.41063,-0.080301,1.8823,-4.3628,0.09835,0,0,0,6.85,6.8726,6.8575,6.884,2.2284,4.6258,1.6157,-1.8637,4.5063,-0.62163
13.78,-10.774,6.3079,3.8365,-0.024865,0.21871,-0.93123,0.29044,-4.6366,-3.1135,-0.39664,0.26792,-0.41339,-0.080255,1.9044,-4.3163,0.11447,0,0,0,6.8503,6.8727,6.8575,6.8837,2.2097,4.6706,1.6092,-1.883,4.4607,-0.67999
13.79,-10.82,6.2766,3.8326,-0.025598,0.21695,-0.93039,0.29437,-4.6174,-3.1565,-0.39542,0.26847,-0.41614,-0.080209,1.9264,-4.2694,0.13053,0,0,0,6.8505,6.8727,6.8575,6.8835,2.1907,4.715,1.6021,-1.9021,4.4148,-0.738
13.8,-10.866,6.2448,3.8286,-0.026351,0.21518,-0.92954,0.29826,-4.598,-3.1989,-0.39403,0.26898,-0.41886,-0.080165,1.9483,-4.222,0.14651,0,0,0,6.8507,6.8727,6.8576,6.8833,2.1716,4.7589,1.5944,-1.9209,4.3686,-0.79566
13.81,-10.912,6.2126,3.8247,-0.027121,0.21339,-0.92868,0.30211,-4.5784,-3.2409,-0.39249,0.26946,-0.42157,-0.080122,1.9699,-4.1742,0.16242,0,0,0,6.8509,6.8727,6.8576,6.8831,2.1523,4.8024,1.5862,-1.9394,4.322,-0.85296
13.82,-10.958,6.18,3.8208,-0.02791,0.2116,-0.92782,0.30594,-4.5586,-3.2824,-0.39079,0.2699,-0.42426,-0.08008,1.9913,-4.126,0.17824,0,0,0,6.8511,6.8728,6.8576,6.8828,2.1328,4.8454,1.5774,-1.9577,4.275,-0.90988
13.83,-11.003,6.147,3.8169,-0.028717,0.20979,-0.92695,0.30973,-4.5386,-3.3234,-0.38893,0.27032,-0.42692,-0.080039,2.0125,-4.0773,0.19396,0,0,0,6.8513,6.8728,6.8576,6.8826,2.1132,4.8879,1.568,-1.9758,4.2276,-0.9664
13.84,-11.048,6.1135,3.813,-0.029541,0.20798,-0.92607,0.31349,-4.5184,-3.3639,-0.38691,0.27069,-0.42957,-0.08,2.0336,-4.0282,0.20959,0,0,0,6.8515,6.8728,6.8576,6.8823,2.0933,4.9299,1.558,-1.9937,4.1797,-1.0225
13.85,-11.093,6.0797,3.8091,-0.030383,0.20615,-0.92518,0.31722,-4.4979,-3.404,-0.38473,0.27104,-0.43219,-0.079961,2.0544,-3.9787,0.22512,0,0,0,6.8517,6.8729,6.8576,6.8821,2.0733,4.9715,1.5475,-2.0114,4.1313,-1.0782
13.86,-11.138,6.0455,3.8053,-0.031243,0.20431,-0.92428,0.32091,-4.4773,-3.4435,-0.38241,0.27135,-0.43479,-0.079924,2.075,-3.9288,0.24054,0,0,0,6.8519,6.8729,6.8577,6.8818,2.0531,5.0125,1.5365,-2.0289,4.0824,-1.1335
13.87,-11.183,6.0108,3.8015,-0.03212,0.20246,-0.92338,0.32457,-4.4564,-3.4826,-0.37992,0.27164,-0.43737,-0.079887,2.0955,-3.8784,0.25585,0,0,0,6.8521,6.873,6.8577,6.8816,2.0327,5.0531,1.5249,-2.0462,4.0329,-1.1883
13.88,-11.227,5.9758,3.7977,-0.033014,0.2006,-0.92247,0.3282,-4.4354,-3.5211,-0.37729,0.27189,-0.43992,-0.079852,2.1157,-3.8277,0.27104,0,0,0,6.8523,6.873,6.8577,6.8814,2.0122,5.0932,1.5127,-2.0633,3.9829,-1.2427
13.89,-11.272,5.9404,3.7939,-0.033925,0.19873,-0.92155,0.3318,-4.4141,-3.5591,-0.3745,0.27211,-0.44244,-0.079818,2.1357,-3.7766,0.2861,0,0,0,6.8524,6.873,6.8577,6.8811,1.9914,5.1328,1.5,-2.0803,3.9323,-1.2965
13.9,-11.316,5.9046,3.7902,-0.034853,0.19685,-0.92063,0.33537,-4.3927,-3.5966,-0.37157,0.27231,-0.44494,-0.079785,2.1555,-3.7251,0.30104,0,0,0,6.8526,6.8731,6.8578,6.8809,1.9706,5.1718,1.4868,-2.0971,3.881,-1.3499
13.91,-11.36,5.8685,3.7865,-0.035798,0.19496,-0.9197,0.3389,-4.371,-3.6336,-0.36848,0.27247,-0.44741,-0.079753,2.1751,-3.6731,0.31584,0,0,0,6.8528,6.8731,6.8578,6.8807,1.9495,5.2104,1.473,-2.1138,3.829,-1.4028
13.92,-11.403,5.832,3.7828,-0.036758,0.19307,-0.91877,0.3424,-4.3492,-3.6701,-0.36525,0.27261,-0.44985,-0.079722,2.1945,-3.6208,0.33049,0,0,0,6.853,6.8732,6.8579,6.8804,1.9283,5.2484,1.4587,-2.1303,3.7763,-1.4552
13.93,-11.447,5.7951,3.7792,-0.037735,0.19116,-0.91783,0.34588,-4.3271,-3.706,-0.36187,0.27272,-0.45226,-0.079692,2.2137,-3.5682,0.34501,0,0,0,6.8531,6.8732,6.8579,6.8802,1.9069,5.2859,1.4439,-2.1467,3.7229,-1.5071
13.94,-11.49,5.7578,3.7756,-0.038728,0.18924,-0.91688,0.34931,-4.3049,-3.7414,-0.35835,0.2728,-0.45464,-0.079663,2.2326,-3.5151,0.35937,0,0,0,6.8533,6.8732,6.858,6.88,1.8854,5.3229,1.4286,-2.163,3.6687,-1.5584
13.95,-11.533,5.7202,3.772,-0.039737,0.18732,-0.91593,0.35272,-4.2825,-3.7763,-0.35469,0.27286,-0.457,-0.079635,2.2514,-3.4617,0.37358,0,0,0,6.8534,6.8733,6.8581,6.8798,1.8636,5.3593,1.4127,-2.1792,3.6137,-1.6091
13.96,-11.575,5.6823,3.7685,-0.040761,0.18539,-0.91497,0.3561,-4.2599,-3.8107,-0.35088,0.27289,-0.45932,-0.079607,2.2699,-3.4079,0.38762,0,0,0,6.8536,6.8733,6.8581,6.8796,1.8418,5.3951,1.3964,-2.1953,3.5581,-1.6593
13.97,-11.618,5.644,3.765,-0.041801,0.18344,-0.914,0.35945,-4.2371,-3.8445,-0.34693,0.2729,-0.4616,-0.079581,2.2882,-3.3538,0.4015,0,0,0,6.8537,6.8733,6.8582,6.8794,1.8197,5.4304,1.3796,-2.2112,3.5018,-1.7089
13.98,-11.66,5.6054,3.7616,-0.042855,0.18149,-0.91303,0.36276,-4.2141,-3.8777,-0.34285,0.27288,-0.46386,-0.079554,2.3063,-3.2993,0.41521,0,0,0,6.8538,6.8734,6.8583,6.8792,1.7975,5.4652,1.3622,-2.2271,3.4448,-1.7579
13.99,-11.702,5.5665,3.7582,-0.043924,0.17953,-0.91206,0.36605,-4.191,-3.9105,-0.33863,0.27283,-0.46608,-0.079529,2.3242,-3.2445,0.42875,0,0,0,6.854,6.8734,6.8585,6.879,1.7752,5.4993,1.3444,-2.2428,3.3872,-1.8064
14,-11.744,5.5272,3.7548,-0.045008,0.17757,-0.91108,0.3693,-4.1676,-3.9426,-0.33428,0.27276,-0.46826,-0.079504,2.3418,-3.1894,0.4421,0,0,0,6.8541,6.8735,6.8586,6.8789,1.7527,5.5329,1.3261,-2.2584,3.329,-1.8542
14.01,-11.785,5.4876,3.7515,-0.046107,0.17559,-0.91009,0.37252,-4.1441,-3.9742,-0.32979,0.27267,-0.47041,-0.079479,2.3592,-3.1339,0.45527,0,0,0,6.8542,6.8735,6.8587,6.8787,1.73,5.5659,1.3073,-2.274,3.2702,-1.9014
14.02,-11.827,5.4477,3.7482,-0.047219,0.17361,-0.9091,0.37572,-4.1204,-4.0053,-0.32517,0.27256,-0.47253,-0.079455,2.3764,-3.078,0.46825,0,0,0,6.8543,6.8735,6.8588,6.8785,1.7072,5.5983,1.2881,-2.2894,3.2108,-1.948
14.03,-11.868,5.4075,3.745,-0.048346,0.17162,-0.90811,0.37888,-4.0966,-4.0358,-0.32043,0.27242,-0.4746,-0.079432,2.3934,-3.0219,0.48103,0,0,0,6.8544,6.8736,6.859,6.8784,1.6842,5.6301,1.2684,-2.3047,3.1508,-1.9939
14.04,-11.909,5.367,3.7418,-0.049486,0.16962,-0.90711,0.38201,-4.0726,-4.0657,-0.31555,0.27226,-0.47664,-0.079409,2.4101,-2.9654,0.49361,0,0,0,6.8545,6.8736,6.8591,6.8782,1.6611,5.6613,1.2482,-2.32,3.0904,-2.0392
14.05,-11.949,5.3262,3.7387,-0.050639,0.16762,-0.9061,0.38512,-4.0484,-4.0951,-0.31055,0.27208,-0.47865,-0.079386,2.4266,-2.9087,0.50599,0,0,0,6.8547,6.8737,6.8593,6.8781,1.6378,5.6919,1.2276,-2.3351,3.0295,-2.0838
14.06,-11.99,5.2851,3.7356,-0.051806,0.16561,-0.90509,0.38819,-4.024,-4.1239,-0.30543,0.27188,-0.48061,-0.079363,2.4428,-2.8516,0.51816,0,0,0,6.8548,6.8737,6.8595,6.8779,1.6144,5.7219,1.2065,-2.3502,2.968,-2.1277
14.07,-12.03,5.2437,3.7325,-0.052985,0.16359,-0.90408,0.39124,-3.9995,-4.1521,-0.30019,0.27166,-0.48254,-0.079341,2.4589,-2.7942,0.53012,0,0,0,6.8549,6.8738,6.8596,6.8778,1.5908,5.7513,1.185,-2.3652,2.9062,-2.171
14.08,-12.07,5.2021,3.7296,-0.054177,0.16156,-0.90306,0.39426,-3.9749,-4.1798,-0.29483,0.27143,-0.48442,-0.079319,2.4747,-2.7366,0.54186,0,0,0,6.855,6.8738,6.8598,6.8777,1.5671,5.78,1.1631,-2.3801,2.8439,-2.2135
14.09,-12.109,5.1601,3.7267,-0.055382,0.15953,-0.90204,0.39724,-3.95,-4.2069,-0.28935,0.27117,-0.48627,-0.079297,2.4902,-2.6786,0.55338,0,0,0,6.8551,6.8739,6.86,6.8776,1.5432,5.8082,1.1408,-2.3949,2.7812,-2.2553
14.1,-12.149,5.1179,3.7238,-0.056598,0.15749,-0.90102,0.4002,-3.9251,-4.2334,-0.28376,0.2709,-0.48807,-0.079276,2.5055,-2.6204,0.56467,0,0,0,6.8552,6.8739,6.8602,6.8774,1.5192,5.8357,1.118,-2.4096,2.7182,-2.2965
14.11,-12.188,5.0755,3.721,-0.057827,0.15545,-0.89999,0.40313,-3.8999,-4.2593,-0.27806,0.27061,-0.48984,-0.079255,2.5206,-2.5619,0.57574,0,0,0,6.8553,6.874,6.8604,6.8773,1.495,5.8625,1.0948,-2.4242,2.6548,-2.3368
14.12,-12.227,5.0328,3.7182,-0.059067,0.1534,-0.89895,0.40604,-3.8747,-4.2846,-0.27225,0.2703,-0.49157,-0.079233,2.5354,-2.5032,0.58657,0,0,0,6.8553,6.8741,6.8606,6.8772,1.4707,5.8888,1.0713,-2.4388,2.591,-2.3765
14.13,-12.265,4.9898,3.7155,-0.060318,0.15134,-0.89791,0.40891,-3.8492,-4.3093,-0.26633,0.26997,-0.49325,-0.079212,2.55,-2.4442,0.59716,0,0,0,6.8554,6.8741,6.8608,6.8771,1.4463,5.9143,1.0473,-2.4533,2.527,-2.4154
14.14,-12.304,4.9466,3.7129,-0.06158,0.14928,-0.89687,0.41176,-3.8237,-4.3335,-0.26031,0.26964,-0.49489,-0.079191,2.5644,-2.3849,0.60751,0,0,0,6.8555,6.8742,6.8611,6.8771,1.4217,5.9393,1.023,-2.4677,2.4627,-2.4535
14.15,-12.342,4.9031,3.7103,-0.062854,0.14722,-0.89582,0.41458,-3.7979,-4.357,-0.25418,0.26928,-0.49649,-0.07917,2.5784,-2.3254,0.61762,0,0,0,6.8556,6.8743,6.8613,6.877,1.3969,5.9636,0.99824,-2.4821,2.3981,-2.4909
14.16,-12.38,4.8594,3.7078,-0.064137,0.14514,-0.89477,0.41737,-3.7721,-4.38,-0.24796,0.26892,-0.49805,-0.07915,2.5923,-2.2656,0.62748,0,0,0,6.8557,6.8744,6.8615,6.8769,1.372,5.9873,0.97315,-2.4964,2.3333,-2.5274
14.17,-12.417,4.8155,3.7054,-0.065431,0.14306,-0.89372,0.42014,-3.7461,-4.4024,-0.24163,0.26854,-0.49957,-0.079129,2.6059,-2.2056,0.63708,0,0,0,6.8558,6.8745,6.8617,6.8768,1.347,6.0103,0.9477,-2.5106,2.2683,-2.5632
14.18,-12.455,4.7714,3.703,-0.066735,0.14098,-0.89266,0.42287,-3.72,-4.4241,-0.23522,0.26814,-0.50105,-0.079108,2.6192,-2.1454,0.64643,0,0,0,6.8559,6.8746,6.862,6.8767,1.3218,6.0326,0.92189,-2.5247,2.2031,-2.5981
14.19,-12.492,4.727,3.7007,-0.068049,0.13889,-0.8916,0.42559,-3.6937,-4.4453,-0.22871,0.26774,-0.50248,-0.079088,2.6323,-2.085,0.65552,0,0,0,6.856,6.8747,6.8622,6.8767,1.2965,6.0543,0.89573,-2.5388,2.1378,-2.6323
14.2,-12.528,4.6825,3.6984,-0.069372,0.1368,-0.89054,0.42827,-3.6673,-4.4658,-0.22211,0.26733,-0.50387,-0.079068,2.6452,-2.0243,0.66434,0,0,0,6.8561,6.8748,6.8624,6.8766,1.271,6.0754,0.86924,-2.5529,2.0723,-2.6656
14.21,-12.565,4.6377,3.6962,-0.070705,0.1347,-0.88947,0.43093,-3.6408,-4.4858,-0.21542,0.2669,-0.50522,-0.079047,2.6577,-1.9635,0.6729,0,0,0,6.8562,6.8749,6.8626,6.8766,1.2454,6.0958,0.84243,-2.5668,2.0067,-2.6981
14.22,-12.601,4.5928,3.6941,-0.072046,0.1326,-0.8884,0.43356,-3.6142,-4.5051,-0.20865,0.26647,-0.50652,-0.079027,2.6701,-1.9024,0.68119,0,0,0,6.8563,6.875,6.8629,6.8765,1.2197,6.1155,0.81529,-2.5808,1.9411,-2.7297
14.23,-12.637,4.5476,3.6921,-0.073396,0.13049,-0.88732,0.43617,-3.5874,-4.5238,-0.2018,0.26602,-0.50779,-0.079007,2.6821,-1.8412,0.68921,0,0,0,6.8564,6.8751,6.8631,6.8764,1.1938,6.1346,0.78784,-2.5946,1.8753,-2.7604
14.24,-12.673,4.5023,3.6901,-0.074754,0.12838,-0.88624,0.43875,-3.5605,-4.5419,-0.19487,0.26557,-0.50901,-0.078987,2.6939,-1.7797,0.69695,0,0,0,6.8565,6.8753,6.8633,6.8764,1.1678,6.153,0.76008,-2.6085,1.8095,-2.7903
14.25,-12.708,4.4568,3.6882,-0.07612,0.12627,-0.88516,0.44131,-3.5335,-4.5594,-0.18786,0.26511,-0.51018,-0.078967,2.7055,-1.7181,0.70441,0,0,0,6.8566,6.8754,6.8636,6.8763,1.1417,6.1708,0.73203,-2.6222,1.7438,-2.8193
14.26,-12.744,4.4111,3.6863,-0.077495,0.12415,-0.88407,0.44384,-3.5064,-4.5763,-0.18078,0.26465,-0.51132,-0.078948,2.7168,-1.6563,0.71159,0,0,0,6.8567,6.8755,6.8638,6.8763,1.1154,6.1879,0.7037,-2.636,1.678,-2.8473
14.27,-12.779,4.3653,3.6845,-0.078876,0.12203,-0.88298,0.44635,-3.4792,-4.5925,-0.17363,0.26417,-0.51241,-0.078928,2.7278,-1.5944,0.71848,0,0,0,6.8568,6.8757,6.864,6.8762,1.0889,6.2043,0.67509,-2.6497,1.6122,-2.8745
14.28,-12.813,4.3193,3.6828,-0.080266,0.1199,-0.88189,0.44883,-3.4519,-4.6082,-0.16641,0.2637,-0.51346,-0.078909,2.7386,-1.5322,0.72509,0,0,0,6.8569,6.8758,6.8642,6.8762,1.0624,6.2201,0.64621,-2.6633,1.5465,-2.9008
14.29,-12.848,4.2731,3.6812,-0.081662,0.11777,-0.88079,0.45129,-3.4244,-4.6232,-0.15913,0.26322,-0.51447,-0.07889,2.749,-1.47,0.7314,0,0,0,6.857,6.876,6.8644,6.8761,1.0357,6.2353,0.61708,-2.6769,1.4809,-2.9261
14.3,-12.882,4.2268,3.6797,-0.083065,0.11564,-0.87969,0.45373,-3.3969,-4.6375,-0.15178,0.26273,-0.51544,-0.078872,2.7593,-1.4075,0.73743,0,0,0,6.8572,6.8762,6.8646,6.876,1.0088,6.2498,0.58769,-2.6905,1.4154,-2.9505
14.31,-12.916,4.1804,3.6782,-0.084474,0.1135,-0.87859,0.45614,-3.3692,-4.6513,-0.14438,0.26224,-0.51636,-0.078854,2.7692,-1.345,0.74316,0,0,0,6.8573,6.8763,6.8648,6.876,0.98186,6.2636,0.55807,-2.7041,1.3501,-2.9739
14.32,-12.949,4.1338,3.6768,-0.08589,0.11136,-0.87748,0.45852,-3.3415,-4.6644,-0.13692,0.26175,-0.51724,-0.078836,2.7789,-1.2823,0.74859,0,0,0,6.8574,6.8765,6.865,6.8759,0.95475,6.2768,0.52822,-2.7176,1.2849,-2.9963
14.33,-12.982,4.0871,3.6754,-0.087311,0.10922,-0.87637,0.46089,-3.3137,-4.677,-0.12941,0.26126,-0.51808,-0.078819,2.7883,-1.2194,0.75372,0,0,0,6.8575,6.8767,6.8652,6.8758,0.92751,6.2893,0.49815,-2.7311,1.2198,-3.0178
14.34,-13.015,4.0402,3.6742,-0.088738,0.10708,-0.87526,0.46323,-3.2857,-4.6888,-0.12185,0.26076,-0.51888,-0.078802,2.7975,-1.1565,0.75855,0,0,0,6.8576,6.8769,6.8654,6.8757,0.90013,6.3012,0.46787,-2.7445,1.155,-3.0383
14.35,-13.048,3.9933,3.673,-0.090171,0.10493,-0.87414,0.46554,-3.2577,-4.7001,-0.11424,0.26027,-0.51964,-0.078786,2.8063,-1.0934,0.76308,0,0,0,6.8578,6.8771,6.8655,6.8756,0.87262,6.3124,0.43738,-2.758,1.0903,-3.0578
14.36,-13.081,3.9462,3.6719,-0.091609,0.10278,-0.87302,0.46784,-3.2296,-4.7107,-0.10659,0.25977,-0.52036,-0.078771,2.8149,-1.0302,0.7673,0,0,0,6.8579,6.8773,6.8657,6.8756,0.84497,6.323,0.40671,-2.7715,1.0258,-3.0764
14.37,-13.113,3.8991,3.6709,-0.093052,0.10062,-0.8719,0.47011,-3.2014,-4.7207,-0.098894,0.25928,-0.52104,-0.078756,2.8232,-0.96695,0.77121,0,0,0,6.858,6.8775,6.8658,6.8755,0.81719,6.3329,0.37586,-2.785,0.96147,-3.094
14.38,-13.145,3.8518,3.6699,-0.0945,0.098468,-0.87077,0.47236,-3.1731,-4.73,-0.091163,0.25879,-0.52168,-0.078742,2.8313,-0.90357,0.77482,0,0,0,6.8581,6.8777,6.8659,6.8753,0.78927,6.3422,0.34484,-2.7985,0.89728,-3.1107
14.39,-13.176,3.8045,3.669,-0.095951,0.09631,-0.86965,0.47459,-3.1448,-4.7388,-0.083398,0.2583,-0.52227,-0.078729,2.839,-0.84011,0.77811,0,0,0,6.8583,6.8779,6.866,6.8752,0.76122,6.3508,0.31365,-2.8122,0.83322,-3.1264
14.4,-13.207,3.7571,3.6683,-0.097408,0.09415,-0.86851,0.4768,-3.1164,-4.7468,-0.075602,0.25782,-0.52283,-0.078716,2.8465,-0.77656,0.78109,0,0,0,6.8584,6.8781,6.8662,6.8751,0.73302,6.3589,0.28231,-2.8259,0.76929,-3.1412
14.41,-13.238,3.7096,3.6675,-0.098868,0.091987,-0.86738,0.47898,-3.0879,-4.7543,-0.067778,0.25734,-0.52335,-0.078705,2.8537,-0.71293,0.78375,0,0,0,6.8585,6.8783,6.8662,6.875,0.7047,6.3662,0.25083,-2.8398,0.70547,-3.155
14.42,-13.269,3.662,3.6669,-0.10033,0.089823,-0.86624,0.48114,-3.0593,-4.7611,-0.059928,0.25686,-0.52382,-0.078695,2.8606,-0.64923,0.7861,0,0,0,6.8586,6.8786,6.8663,6.8748,0.67623,6.373,0.21921,-2.8538,0.64175,-3.168
14.43,-13.3,3.6143,3.6663,-0.1018,0.087656,-0.86509,0.48329,-3.0307,-4.7673,-0.052057,0.25639,-0.52426,-0.078685,2.8672,-0.58547,0.78814,0,0,0,6.8588,6.8788,6.8664,6.8747,0.64762,6.3791,0.18747,-2.868,0.57812,-3.1801
14.44,-13.33,3.5666,3.6659,-0.10327,0.085488,-0.86395,0.48541,-3.002,-4.7728,-0.044166,0.25592,-0.52466,-0.078677,2.8735,-0.52166,0.78985,0,0,0,6.8589,6.879,6.8664,6.8745,0.61887,6.3845,0.15562,-2.8824,0.51456,-3.1912
14.45,-13.36,3.5189,3.6655,-0.10474,0.083318,-0.8628,0.48751,-2.9732,-4.7777,-0.036261,0.25546,-0.52502,-0.07867,2.8796,-0.45779,0.79125,0,0,0,6.859,6.8792,6.8665,6.8744,0.58997,6.3894,0.12365,-2.8969,0.45107,-3.2015
14.46,-13.389,3.4711,3.6651,-0.10622,0.081147,-0.86165,0.48959,-2.9444,-4.782,-0.028342,0.25501,-0.52534,-0.078664,2.8853,-0.39387,0.79233,0,0,0,6.8591,6.8795,6.8665,6.8742,0.56093,6.3935,0.091589,-2.9117,0.38763,-3.2109
14.47,-13.419,3.4232,3.6649,-0.10769,0.078973,-0.86049,0.49165,-2.9155,-4.7856,-0.020415,0.25457,-0.52562,-0.078659,2.8908,-0.32992,0.79308,0,0,0,6.8592,6.8797,6.8665,6.874,0.53174,6.3971,0.059436,-2.9267,0.32423,-3.2194
14.48,-13.448,3.3754,3.6647,-0.10917,0.076799,-0.85933,0.49369,-2.8865,-4.7886,-0.012482,0.25414,-0.52586,-0.078656,2.896,-0.26593,0.79351,0,0,0,6.8593,6.8799,6.8665,6.8738,0.50239,6.4,0.027203,-2.942,0.26085,-3.2271
14.49,-13.476,3.3275,3.6646,-0.11066,0.074623,-0.85817,0.49571,-2.8576,-4.7909,-0.004546,0.25371,-0.52606,-0.078654,2.9008,-0.20192,0.79362,0,0,0,6.8594,6.8802,6.8665,6.8736,0.4729,6.4023,-0.0051027,-2.9575,0.1975,-3.2339
14.5,-13.505,3.2796,3.6646,-0.11214,0.072446,-0.857,0.49772,-2.8285,-4.7926,0.0033895,0.2533,-0.52623,-0.078654,2.9054,-0.13789,0.79341,0,0,0,6.8595,6.8804,6.8664,6.8733,0.44324,6.404,-0.037473,-2.9734,0.13414,-3.2399
14.51,-13.533,3.2316,3.6647,-0.11363,0.070267,-0.85583,0.4997,-2.7995,-4.7937,0.011321,0.25289,-0.52635,-0.078655,2.9097,-0.07384,0.79288,0,0,0,6.8596,6.8806,6.8663,6.8731,0.41343,6.405,-0.069898,-2.9896,0.070785,-3.2451
14.52,-13.561,3.1837,3.6649,-0.11511,0.068088,-0.85466,0.50166,-2.7703,-4.7941,0.019246,0.2525,-0.52644,-0.078658,2.9137,-0.0097878,0.79201,0,0,0,6.8597,6.8809,6.8663,6.8728,0.38345,6.4054,-0.10237,-3.0061,0.0074062,-3.2494
14.53,-13.588,3.1357,3.6651,-0.1166,0.065908,-0.85349,0.50361,-2.7412,-4.7939,0.02716,0.25212,-0.52648,-0.078663,2.9174,0.054265,0.79083,0,0,0,6.8597,6.8811,6.8661,6.8725,0.3533,6.4052,-0.13488,-3.023,-0.056003,-3.2529
14.54,-13.616,3.0878,3.6654,-0.11809,0.063726,-0.85231,0.50553,-2.712,-4.793,0.035061,0.25175,-0.52649,-0.078669,2.9207,0.11831,0.78932,0,0,0,6.8598,6.8813,6.866,6.8722,0.32299,6.4043,-0.16743,-3.0403,-0.11946,-3.2556
14.55,-13.643,3.0399,3.6658,-0.11957,0.061544,-0.85113,0.50744,-2.6828,-4.7915,0.042946,0.2514,-0.52646,-0.078677,2.9238,0.18235,0.78748,0,0,0,6.8599,6.8815,6.8659,6.8719,0.2925,6.4028,-0.19999,-3.058,-0.18296,-3.2576
14.56,-13.669,2.992,3.6663,-0.12106,0.059361,-0.84994,0.50933,-2.6535,-4.7893,0.05081,0.25106,-0.52639,-0.078687,2.9266,0.24637,0.78532,0,0,0,6.8599,6.8818,6.8657,6.8715,0.26183,6.4006,-0.23258,-3.0761,-0.24654,-3.2587
14.57,-13.696,2.9441,3.6668,-0.12255,0.057177,-0.84875,0.51121,-2.6242,-4.7866,0.058651,0.25074,-0.52627,-0.0787,2.9291,0.31036,0.78283,0,0,0,6.86,6.882,6.8655,6.8711,0.23097,6.3978,-0.26517,-3.0946,-0.31019,-3.2591
14.58,-13.722,2.8962,3.6674,-0.12404,0.054993,-0.84756,0.51306,-2.5949,-4.7831,0.066465,0.25043,-0.52612,-0.078714,2.9312,0.37432,0.78001,0,0,0,6.86,6.8822,6.8653,6.8708,0.19993,6.3944,-0.29775,-3.1136,-0.37393,-3.2586
14.59,-13.747,2.8484,3.6681,-0.12552,0.052808,-0.84637,0.5149,-2.5656,-4.7791,0.07425,0.25014,-0.52593,-0.078731,2.9331,0.43825,0.77687,0,0,0,6.86,6.8824,6.865,6.8703,0.1687,6.3904,-0.33034,-3.1331,-0.43777,-3.2575
14.6,-13.773,2.8007,3.6689,-0.12701,0.050622,-0.84517,0.51672,-2.5363,-4.7744,0.082002,0.24986,-0.5257,-0.07875,2.9346,0.50213,0.77341,0,0,0,6.86,6.8826,6.8647,6.8699,0.13727,6.3857,-0.3629,-3.1531,-0.50173,-3.2556
14.61,-13.798,2.753,3.6698,-0.12849,0.048436,-0.84397,0.51852,-2.5069,-4.769,0.089717,0.24961,-0.52544,-0.078771,2.9358,0.56596,0.76961,0,0,0,6.8601,6.8829,6.8644,6.8694,0.10564,6.3803,-0.39544,-3.1737,-0.56581,-3.2529
14.62,-13.823,2.7053,3.6707,-0.12997,0.04625,-0.84276,0.52031,-2.4776,-4.7631,0.097393,0.24937,-0.52513,-0.078795,2.9367,0.62973,0.7655,0,0,0,6.8601,6.8831,6.8641,6.8689,0.073793,6.3743,-0.42796,-3.1948,-0.63004,-3.2495
14.63,-13.848,2.6577,3.6717,-0.13146,0.044064,-0.84155,0.52208,-2.4482,-4.7564,0.10503,0.24915,-0.52478,-0.078822,2.9373,0.69344,0.76106,0,0,0,6.86,6.8833,6.8637,6.8684,0.041738,6.3677,-0.46043,-3.2164,-0.69441,-3.2454
14.64,-13.872,2.6102,3.6728,-0.13294,0.041877,-0.84034,0.52383,-2.4188,-4.7492,0.11261,0.24896,-0.52439,-0.078851,2.9375,0.75708,0.75629,0,0,0,6.86,6.8835,6.8633,6.8678,0.0094632,6.3605,-0.49286,-3.2386,-0.75894,-3.2406
14.65,-13.896,2.5627,3.674,-0.13441,0.03969,-0.83913,0.52557,-2.3894,-4.7413,0.12015,0.24878,-0.52396,-0.078884,2.9375,0.82065,0.7512,0,0,0,6.86,6.8837,6.8628,6.8672,-0.023037,6.3525,-0.52524,-3.2615,-0.82364,-3.235
14.66,-13.92,2.5153,3.6752,-0.13589,0.037503,-0.83791,0.52729,-2.3601,-4.7328,0.12764,0.24863,-0.52349,-0.07892,2.9371,0.88413,0.74578,0,0,0,6.8599,6.8839,6.8624,6.8666,-0.055769,6.344,-0.55756,-3.285,-0.88853,-3.2288
14.67,-13.943,2.4681,3.6765,-0.13736,0.035315,-0.83669,0.529,-2.3307,-4.7236,0.13507,0.2485,-0.52298,-0.078958,2.9363,0.94753,0.74005,0,0,0,6.8599,6.8841,6.8618,6.8659,-0.088739,6.3348,-0.58981,-3.3091,-0.95362,-3.2219
14.68,-13.966,2.4209,3.6779,-0.13883,0.033128,-0.83547,0.53069,-2.3013,-4.7138,0.14244,0.2484,-0.52243,-0.079001,2.9353,1.0108,0.73399,0,0,0,6.8598,6.8843,6.8613,6.8652,-0.12195,6.3249,-0.622,-3.3339,-1.0189,-3.2143
14.69,-13.989,2.3738,3.6794,-0.14029,0.030941,-0.83424,0.53236,-2.272,-4.7034,0.14974,0.24832,-0.52184,-0.079046,2.9339,1.074,0.72761,0,0,0,6.8597,6.8845,6.8607,6.8645,-0.15542,6.3144,-0.6541,-3.3594,-1.0844,-3.206
14.7,-14.012,2.3268,3.6809,-0.14175,0.028754,-0.83301,0.53402,-2.2427,-4.6923,0.15699,0.24826,-0.5212,-0.079096,2.9322,1.1371,0.72091,0,0,0,6.8597,6.8847,6.86,6.8637,-0.18914,6.3032,-0.68611,-3.3856,-1.1502,-3.1971
14.71,-14.034,2.2799,3.6825,-0.14321,0.026567,-0.83177,0.53567,-2.2134,-4.6807,0.16416,0.24823,-0.52053,-0.079149,2.9301,1.2001,0.71389,0,0,0,6.8596,6.8848,6.8593,6.8629,-0.22313,6.2914,-0.71804,-3.4125,-1.2162,-3.1875
14.72,-14.056,2.2332,3.6842,-0.14466,0.02438,-0.83054,0.5373,-2.1841,-4.6683,0.17126,0.24824,-0.51981,-0.079207,2.9277,1.2629,0.70655,0,0,0,6.8594,6.885,6.8586,6.862,-0.25739,6.2789,-0.74986,-3.4401,-1.2824,-3.1773
14.73,-14.078,2.1866,3.6859,-0.14611,0.022193,-0.8293,0.53891,-2.1548,-4.6554,0.17829,0.24826,-0.51905,-0.079269,2.925,1.3257,0.69889,0,0,0,6.8593,6.8852,6.8578,6.8611,-0.29194,6.2657,-0.78158,-3.4686,-1.3489,-3.1664
14.74,-14.099,2.1401,3.6878,-0.14756,0.020006,-0.82805,0.54051,-2.1256,-4.6418,0.18524,0.24832,-0.51825,-0.079335,2.9219,1.3882,0.69091,0,0,0,6.8592,6.8854,6.8569,6.8602,-0.32677,6.2519,-0.81319,-3.4978,-1.4157,-3.1549
14.75,-14.12,2.0937,3.6896,-0.149,0.01782,-0.82681,0.5421,-2.0964,-4.6276,0.19211,0.24841,-0.51741,-0.079406,2.9184,1.4507,0.68263,0,0,0,6.859,6.8855,6.856,6.8591,-0.3619,6.2374,-0.84468,-3.5278,-1.4827,-3.1427
14.76,-14.141,2.0475,3.6916,-0.15043,0.015634,-0.82556,0.54368,-2.0672,-4.6128,0.19889,0.24854,-0.51653,-0.079482,2.9146,1.513,0.67402,0,0,0,6.8588,6.8857,6.8551,6.8581,-0.39733,6.2223,-0.87604,-3.5586,-1.55,-3.1298
14.77,-14.162,2.0015,3.6936,-0.15186,0.013448,-0.8243,0.54524,-2.0381,-4.5974,0.20559,0.24869,-0.5156,-0.079563,2.9105,1.5751,0.66511,0,0,0,6.8587,6.8858,6.8541,6.8569,-0.43307,6.2064,-0.90727,-3.5902,-1.6173,-3.1161
14.78,-14.182,1.9556,3.6957,-0.15328,0.011263,-0.82305,0.54678,-2.009,-4.5813,0.21219,0.24888,-0.51463,-0.079649,2.906,1.6371,0.65588,0,0,0,6.8585,6.886,6.853,6.8558,-0.46913,6.1899,-0.93836,-3.6225,-1.6848,-3.1016
14.79,-14.202,1.9099,3.6979,-0.1547,0.0090779,-0.82179,0.54832,-1.98,-4.5646,0.2187,0.24911,-0.51362,-0.079741,2.9011,1.6989,0.64634,0,0,0,6.8582,6.8861,6.8518,6.8545,-0.50552,6.1727,-0.9693,-3.6556,-1.7524,-3.0863
14.8,-14.222,1.8643,3.7001,-0.15611,0.0068932,-0.82052,0.54984,-1.951,-4.5473,0.22512,0.24937,-0.51256,-0.079839,2.8959,1.7606,0.63649,0,0,0,6.858,6.8863,6.8506,6.8532,-0.54225,6.1549,-1.0001,-3.6894,-1.8201,-3.07
14.81,-14.241,1.8189,3.7024,-0.15751,0.0047089,-0.81926,0.55135,-1.922,-4.5294,0.23143,0.24967,-0.51146,-0.079944,2.8903,1.822,0.62634,0,0,0,6.8578,6.8864,6.8493,6.8518,-0.57931,6.1363,-1.0307,-3.724,-1.8877,-3.0527
14.82,-14.26,1.7737,3.7047,-0.15891,0.002525,-0.81799,0.55284,-1.8932,-4.5109,0.23764,0.25001,-0.51032,-0.080055,2.8843,1.8833,0.61588,0,0,0,6.8575,6.8865,6.848,6.8504,-0.61673,6.1171,-1.0611,-3.7594,-1.9554,-3.0344
14.83,-14.279,1.7287,3.7071,-0.16029,0.00034148,-0.81672,0.55432,-1.8644,-4.4918,0.24375,0.25038,-0.50913,-0.080172,2.8779,1.9444,0.60512,0,0,0,6.8573,6.8867,6.8465,6.8489,-0.6545,6.0972,-1.0914,-3.7955,-2.0229,-3.0151
14.84,-14.297,1.6839,3.7096,-0.16167,-0.0018417,-0.81544,0.5558,-1.8356,-4.472,0.24975,0.2508,-0.50791,-0.080297,2.8712,2.0052,0.59405,0,0,0,6.857,6.8868,6.845,6.8473,-0.69264,6.0766,-1.1214,-3.8323,-2.0904,-2.9947
14.85,-14.316,1.6393,3.7121,-0.16305,-0.0040245,-0.81417,0.55725,-1.8069,-4.4517,0.25563,0.25127,-0.50663,-0.08043,2.8641,2.0659,0.58269,0,0,0,6.8567,6.8869,6.8434,6.8456,-0.73115,6.0554,-1.1513,-3.8698,-2.1578,-2.9731
14.86,-14.333,1.5948,3.7147,-0.16441,-0.0062069,-0.81289,0.5587,-1.7783,-4.4307,0.2614,0.25177,-0.50532,-0.08057,2.8566,2.1263,0.57103,0,0,0,6.8564,6.887,6.8417,6.8439,-0.77004,6.0335,-1.1809,-3.9081,-2.225,-2.9504
14.87,-14.351,1.5506,3.7173,-0.16577,-0.0083889,-0.8116,0.56014,-1.7498,-4.4091,0.26705,0.25232,-0.50396,-0.080719,2.8487,2.1866,0.55907,0,0,0,6.8561,6.8871,6.84,6.8421,-0.80932,6.0109,-1.2103,-3.9472,-2.292,-2.9264
14.88,-14.368,1.5067,3.72,-0.16711,-0.010571,-0.81032,0.56156,-1.7214,-4.387,0.27258,0.25292,-0.50256,-0.080876,2.8404,2.2466,0.54682,0,0,0,6.8558,6.8872,6.8381,6.8402,-0.84899,5.9877,-1.2394,-3.9869,-2.3587,-2.9011
14.89,-14.386,1.4629,3.7228,-0.16845,-0.012752,-0.80903,0.56297,-1.693,-4.3642,0.27798,0.25357,-0.50112,-0.081043,2.8317,2.3063,0.53428,0,0,0,6.8554,6.8873,6.8362,6.8382,-0.88906,5.9637,-1.2683,-4.0273,-2.4252,-2.8745
14.9,-14.402,1.4194,3.7256,-0.16978,-0.014933,-0.80774,0.56437,-1.6647,-4.3408,0.28326,0.25427,-0.49963,-0.081218,2.8226,2.3658,0.52146,0,0,0,6.8551,6.8874,6.8341,6.8361,-0.92954,5.9392,-1.2969,-4.0685,-2.4913,-2.8464
14.91,-14.419,1.3761,3.7285,-0.1711,-0.017114,-0.80644,0.56576,-1.6365,-4.3169,0.28841,0.25501,-0.4981,-0.081404,2.8131,2.4251,0.50835,0,0,0,6.8547,6.8875,6.832,6.8339,-0.97043,5.9139,-1.3252,-4.1104,-2.5571,-2.817
14.92,-14.435,1.3331,3.7314,-0.1724,-0.019295,-0.80514,0.56714,-1.6085,-4.2923,0.29343,0.25581,-0.49653,-0.0816,2.8032,2.4841,0.49495,0,0,0,6.8543,6.8876,6.8297,6.8317,-1.0117,5.888,-1.3532,-4.1529,-2.6225,-2.7861
14.93,-14.451,1.2903,3.7343,-0.1737,-0.021476,-0.80384,0.56851,-1.5805,-4.2672,0.29831,0.25667,-0.49492,-0.081807,2.7929,2.5429,0.48128,0,0,0,6.8539,6.8877,6.8274,6.8293,-1.0535,5.8615,-1.3809,-4.1962,-2.6875,-2.7536
14.94,-14.467,1.2477,3.7373,-0.17499,-0.023656,-0.80254,0.56986,-1.5526,-4.2415,0.30305,0.25757,-0.49326,-0.082025,2.7821,2.6013,0.46734,0,0,0,6.8535,6.8878,6.8249,6.8269,-1.0957,5.8343,-1.4083,-4.2402,-2.7521,-2.7196
14.95,-14.482,1.2054,3.7404,-0.17626,-0.025837,-0.80124,0.57121,-1.5248,-4.2152,0.30766,0.25854,-0.49156,-0.082254,2.7709,2.6595,0.45312,0,0,0,6.8531,6.8879,6.8224,6.8243,-1.1383,5.8064,-1.4353,-4.2848,-2.8161,-2.684
14.96,-14.497,1.1634,3.7435,-0.17752,-0.028018,-0.79993,0.57255,-1.4972,-4.1883,0.31212,0.25956,-0.48982,-0.082496,2.7593,2.7175,0.43863,0,0,0,6.8526,6.8879,6.8197,6.8217,-1.1814,5.7779,-1.462,-4.3301,-2.8796,-2.6467
14.97,-14.512,1.1217,3.7466,-0.17878,-0.030199,-0.79862,0.57388,-1.4697,-4.1608,0.31643,0.26065,-0.48803,-0.08275,2.7473,2.7751,0.42388,0,0,0,6.8522,6.888,6.817,6.8189,-1.2249,5.7488,-1.4882,-4.3761,-2.9426,-2.6077
14.98,-14.527,1.0802,3.7498,-0.18001,-0.03238,-0.79731,0.57519,-1.4422,-4.1328,0.32059,0.26179,-0.4862,-0.083018,2.7348,2.8324,0.40887,0,0,0,6.8517,6.8881,6.8141,6.816,-1.2689,5.7191,-1.5141,-4.4228,-3.0049,-2.567
14.99,-14.541,1.039,3.753,-0.18124,-0.034561,-0.79599,0.5765,-1.415,-4.1042,0.3246,0.263,-0.48433,-0.083299,2.7219,2.8895,0.3936,0,0,0,6.8512,6.8882,6.8111,6.8131,-1.3134,5.6887,-1.5396,-4.4701,-3.0666,-2.5244
15,-14.555,0.99811,3.7563,-0.18245,-0.036743,-0.79468,0.5778,-1.3878,-4.075,0.32846,0.26427,-0.48242,-0.083594,2.7086,2.9462,0.37808,0,0,0,6.8507,6.8882,6.808,6.81,-1.3583,5.6578,-1.5646,-4.5181,-3.1276,-2.48
15.01,-14.569,0.95751,3.7596,-0.18365,-0.038925,-0.79336,0.57908,-1.3608,-4.0453,0.33217,0.26561,-0.48046,-0.083904,2.6948,3.0026,0.36231,0,0,0,6.8502,6.8883,6.8047,6.8068,-1.4037,5.6262,-1.5892,-4.5668,-3.1879,-2.4337
15.02,-14.582,0.91721,3.7629,-0.18484,-0.041108,-0.79204,0.58036,-1.3339,-4.015,0.33571,0.26702,-0.47846,-0.084229,2.6805,3.0587,0.3463,0,0,0,6.8497,6.8884,6.8014,6.8035,-1.4496,5.594,-1.6133,-4.6161,-3.2475,-2.3854
15.03,-14.595,0.87721,3.7663,-0.18601,-0.043292,-0.79072,0.58163,-1.3072,-3.9841,0.33909,0.26849,-0.47642,-0.08457,2.6658,3.1145,0.33004,0,0,0,6.8492,6.8884,6.7979,6.8001,-1.496,5.5612,-1.6369,-4.666,-3.3062,-2.3352
15.04,-14.608,0.83753,3.7697,-0.18716,-0.045476,-0.78939,0.58289,-1.2806,-3.9527,0.34231,0.27004,-0.47434,-0.084927,2.6506,3.17,0.31356,0,0,0,6.8486,6.8885,6.7943,6.7966,-1.543,5.5279,-1.66,-4.7166,-3.3641,-2.2829
15.05,-14.621,0.79816,3.7732,-0.18831,-0.047662,-0.78807,0.58414,-1.2542,-3.9207,0.34536,0.27166,-0.47221,-0.085301,2.6349,3.2251,0.29685,0,0,0,6.8481,6.8886,6.7906,6.793,-1.5904,5.494,-1.6825,-4.7679,-3.4212,-2.2286
15.06,-14.633,0.75912,3.7766,-0.18943,-0.049849,-0.78674,0.58538,-1.2279,-3.8882,0.34824,0.27335,-0.47004,-0.085693,2.6188,3.2798,0.27991,0,0,0,6.8475,6.8887,6.7868,6.7892,-1.6383,5.4595,-1.7045,-4.8198,-3.4774,-2.1721
15.07,-14.645,0.7204,3.7801,-0.19054,-0.052037,-0.78541,0.58661,-1.2018,-3.8551,0.35096,0.27512,-0.46783,-0.086102,2.6021,3.3343,0.26276,0,0,0,6.847,6.8887,6.7828,6.7853,-1.6868,5.4244,-1.726,-4.8723,-3.5326,-2.1134
15.08,-14.657,0.68202,3.7837,-0.19164,-0.054226,-0.78408,0.58784,-1.1759,-3.8215,0.3535,0.27697,-0.46557,-0.086531,2.585,3.3883,0.24539,0,0,0,6.8464,6.8888,6.7788,6.7813,-1.7358,5.3888,-1.7468,-4.9254,-3.5869,-2.0525
15.09,-14.669,0.64397,3.7872,-0.19271,-0.056418,-0.78275,0.58905,-1.1501,-3.7873,0.35587,0.2789,-0.46327,-0.086978,2.5674,3.442,0.22782,0,0,0,6.8458,6.8889,6.7746,6.7772,-1.7853,5.3527,-1.767,-4.9791,-3.6402,-1.9894
15.1,-14.68,0.60627,3.7908,-0.19377,-0.058611,-0.78142,0.59026,-1.1245,-3.7526,0.35806,0.28091,-0.46093,-0.087446,2.5493,3.4954,0.21006,0,0,0,6.8453,6.889,6.7702,6.773,-1.8354,5.316,-1.7866,-5.0335,-3.6924,-1.9239
15.11,-14.691,0.56892,3.7944,-0.19482,-0.060805,-0.78008,0.59145,-1.0991,-3.7174,0.36007,0.283,-0.45854,-0.087933,2.5307,3.5483,0.19209,0,0,0,6.8447,6.8891,6.7658,6.7687,-1.886,5.2788,-1.8055,-5.0885,-3.7435,-1.8561
15.12,-14.702,0.53192,3.798,-0.19584,-0.063003,-0.77875,0.59264,-1.0739,-3.6817,0.3619,0.28517,-0.4561,-0.088442,2.5116,3.6009,0.17395,0,0,0,6.8441,6.8892,6.7612,6.7642,-1.9371,5.2411,-1.8237,-5.144,-3.7936,-1.7858
15.13,-14.713,0.49529,3.8016,-0.19685,-0.065202,-0.77742,0.59382,-1.0489,-3.6454,0.36354,0.28743,-0.45362,-0.088973,2.492,3.6532,0.15562,0,0,0,6.8435,6.8894,6.7565,6.7596,-1.9888,5.203,-1.8412,-5.2002,-3.8425,-1.7131
15.14,-14.723,0.45902,3.8052,-0.19784,-0.067404,-0.77608,0.59499,-1.0241,-3.6086,0.36501,0.28978,-0.4511,-0.089526,2.4718,3.705,0.13713,0,0,0,6.8429,6.8895,6.7517,6.7549,-2.0411,5.1643,-1.8579,-5.2567,-3.8912,-1.6378
15.15,-14.733,0.42312,3.8089,-0.1988,-0.069609,-0.77475,0.59616,-0.99945,-3.5713,0.36629,0.29222,-0.44853,-0.090102,2.4512,3.7564,0.11847,0,0,0,6.8422,6.8896,6.7469,6.7502,-2.094,5.1251,-1.8739,-5.3125,-3.9435,-1.5594
15.16,-14.743,0.38759,3.8126,-0.19975,-0.071817,-0.77341,0.59731,-0.97504,-3.5335,0.36738,0.29474,-0.4459,-0.0907,2.4299,3.8075,0.099651,0,0,0,6.8414,6.8895,6.7421,6.7454,-2.1474,5.0854,-1.8891,-5.3663,-4.0036,-1.4775
15.17,-14.753,0.35245,3.8162,-0.20068,-0.074028,-0.77208,0.59845,-0.95085,-3.4952,0.36828,0.29734,-0.44321,-0.091318,2.4082,3.8582,0.080687,0,0,0,6.8404,6.8893,6.7375,6.7407,-2.2013,5.045,-1.9035,-5.4172,-4.0754,-1.3916
15.18,-14.762,0.31769,3.8199,-0.20159,-0.076242,-0.77074,0.59959,-0.92688,-3.4563,0.36899,0.30002,-0.44044,-0.091957,2.3859,3.9084,0.061585,0,0,0,6.8391,6.8889,6.7331,6.7361,-2.2557,5.0038,-1.9169,-5.4638,-4.1633,-1.3012
15.19,-14.771,0.28333,3.8236,-0.20247,-0.07846,-0.76941,0.60072,-0.90314,-3.417,0.36951,0.30278,-0.43758,-0.092612,2.3631,3.9582,0.042352,0,0,0,6.8374,6.8882,6.7289,6.7316,-2.3106,4.9617,-1.9295,-5.5052,-4.2713,-1.2058
15.2,-14.78,0.24935,3.8273,-0.20334,-0.080681,-0.76808,0.60183,-0.87962,-3.3772,0.36984,0.30559,-0.4346,-0.093281,2.3397,4.0076,0.022998,0,0,0,6.8354,6.8871,6.7252,6.7272,-2.3658,4.9183,-1.941,-5.5401,-4.4036,-1.1049
15.21,-14.789,0.21578,3.831,-0.20418,-0.082905,-0.76675,0.60294,-0.85634,-3.3368,0.36997,0.30845,-0.43149,-0.093961,2.3158,4.0566,0.0035347,0,0,0,6.8329,6.8857,6.7218,6.7232,-2.4213,4.8735,-1.9516,-5.5673,-4.5643,-0.99807
15.22,-14.797,0.18262,3.8347,-0.205,-0.085132,-0.76542,0.60404,-0.83331,-3.296,0.36991,0.31135,-0.42821,-0.094648,2.2913,4.1051,-0.016029,0,0,0,6.8298,6.8838,6.719,6.7194,-2.4771,4.8269,-1.961,-5.5858,-4.7575,-0.88482
15.23,-14.806,0.14986,3.8384,-0.20579,-0.087361,-0.76409,0.60513,-0.81052,-3.2547,0.36965,0.31427,-0.42474,-0.095336,2.2662,4.1531,-0.035681,0,0,0,6.8262,6.8814,6.7168,6.7159,-2.533,4.7782,-1.9692,-5.5943,-4.9875,-0.76465
15.24,-14.814,0.11753,3.8421,-0.20656,-0.089592,-0.76277,0.60621,-0.78799,-3.213,0.36919,0.31721,-0.42104,-0.09602,2.2406,4.2007,-0.055409,0,0,0,6.8219,6.8784,6.7153,6.7128,-2.5889,4.7271,-1.9762,-5.5918,-5.2582,-0.6371
15.25,-14.821,0.085607,3.8458,-0.2073,-0.091825,-0.76145,0.60729,-0.76571,-3.1707,0.36854,0.32013,-0.41707,-0.096695,2.2144,4.2477,-0.075201,0,0,0,6.8169,6.8748,6.7145,6.7101,-2.6448,4.6729,-1.9819,-5.577,-5.5739,-0.50166
15.26,-14.829,0.054113,3.8495,-0.20801,-0.094057,-0.76013,0.60835,-0.7437,-3.128,0.36769,0.32302,-0.4128,-0.097354,2.1877,4.2941,-0.095043,0,0,0,6.8111,6.8706,6.7145,6.7078,-2.7004,4.6154,-1.9862,-5.5488,-5.9387,-0.35787
15.27,-14.836,0.023048,3.8532,-0.2087,-0.096289,-0.75882,0.6094,-0.72196,-3.0848,0.36664,0.32586,-0.40818,-0.09799,2.1604,4.3399,-0.11492,0,0,0,6.8044,6.8656,6.7154,6.7061,-2.7557,4.554,-1.9891,-5.5062,-6.3567,-0.20523
15.28,-14.843,-0.0075823,3.8568,-0.20935,-0.098519,-0.75751,0.61045,-0.70049,-3.0412,0.36539,0.32863,-0.40316,-0.098594,2.1326,4.3852,-0.13482,0,0,0,6.7969,6.8599,6.7172,6.7048,-2.8105,4.4881,-1.9903,-5.4478,-6.832,-0.043265
15.29,-14.85,-0.037774,3.8605,-0.20998,-0.10074,-0.75621,0.61148,-0.67931,-2.9971,0.36394,0.33131,-0.39769,-0.09916,2.1042,4.4297,-0.15472,0,0,0,6.7883,6.8533,6.72,6.7041,-2.8646,4.4171,-1.9899,-5.3727,-7.3689,0.12851
15.3,-14.857,-0.067524,3.8641,-0.21057,-0.10296,-0.75491,0.61251,-0.65841,-2.9526,0.3623,0.33388,-0.39171,-0.099679,2.0753,4.4735,-0.17461,0,0,0,6.7788,6.8459,6.7239,6.704,-2.9179,4.3405,-1.9877,-5.2795,-7.9715,0.31057
15.31,-14.864,-0.096826,3.8677,-0.21112,-0.10518,-0.75362,0.61353,-0.6378,-2.9077,0.36045,0.33629,-0.38517,-0.10014,2.0459,4.5165,-0.19447,0,0,0,6.7681,6.8375,6.7288,6.7045,-2.9702,4.2575,-1.9837,-5.1676,-8.6425,0.50329
15.32,-14.87,-0.12568,3.8713,-0.21165,-0.10738,-0.75234,0.61454,-0.61749,-2.8623,0.35841,0.33855,-0.37801,-0.10054,2.0159,4.5586,-0.21428,0,0,0,6.7565,6.8284,6.7348,6.7056,-3.0212,4.1674,-1.9776,-5.0377,-9.3789,0.70645
15.33,-14.876,-0.15407,3.8749,-0.21213,-0.10957,-0.75107,0.61554,-0.59748,-2.8165,0.35617,0.34061,-0.37018,-0.10086,1.9855,4.5998,-0.23402,0,0,0,6.7439,6.8184,6.7416,6.7071,-3.0709,4.0697,-1.9695,-4.8914,-10.176,0.91965
15.34,-14.882,-0.182,3.8784,-0.21257,-0.11174,-0.74981,0.61653,-0.57778,-2.7703,0.35373,0.34246,-0.36161,-0.1011,1.9545,4.64,-0.25366,0,0,0,6.7305,6.8078,6.7492,6.7089,-3.119,3.9637,-1.9592,-4.73,-11.027,1.1425
15.35,-14.887,-0.20948,3.8819,-0.21298,-0.1139,-0.74856,0.61752,-0.5584,-2.7237,0.35109,0.34409,-0.35228,-0.10126,1.9231,4.6791,-0.27319,0,0,0,6.7163,6.7965,6.7574,6.711,-3.1654,3.849,-1.9466,-4.5549,-11.929,1.3746
15.36,-14.893,-0.23648,3.8854,-0.21333,-0.11603,-0.74732,0.61849,-0.53932,-2.6767,0.34826,0.34548,-0.34213,-0.10132,1.8912,4.7169,-0.29258,0,0,0,6.7015,6.7847,6.7661,6.7133,-3.21,3.725,-1.9317,-4.3676,-12.876,1.6156
15.37,-14.898,-0.26301,3.8889,-0.21365,-0.11813,-0.7461,0.61947,-0.52057,-2.6294,0.34524,0.34662,-0.33113,-0.10129,1.8589,4.7535,-0.31182,0,0,0,6.686,6.7724,6.7751,6.7158,-3.2527,3.5913,-1.9143,-4.1694,-13.863,1.865
15.38,-14.903,-0.28906,3.8923,-0.21391,-0.12021,-0.74489,0.62043,-0.50215,-2.5817,0.34203,0.3475,-0.31923,-0.10116,1.8262,4.7887,-0.33086,0,0,0,6.67,6.7597,6.7844,6.7182,-3.2934,3.4476,-1.8943,-3.9618,-14.884,2.1225
15.39,-14.908,-0.31464,3.8958,-0.21412,-0.12225,-0.74369,0.6214,-0.48405,-2.5336,0.33863,0.34812,-0.30642,-0.10093,1.793,4.8224,-0.34969,0,0,0,6.6536,6.7467,6.7939,6.7205,-3.3319,3.2936,-1.8718,-3.7461,-15.935,2.3877
15.4,-14.913,-0.33973,3.8991,-0.21428,-0.12425,-0.74251,0.62235,-0.46629,-2.4852,0.33504,0.34848,-0.29266,-0.10059,1.7595,4.8546,-0.36829,0,0,0,6.6368,6.7334,6.8033,6.7227,-3.3683,3.1288,-1.8466,-3.5238,-17.01,2.6602
15.41,-14.918,-0.36434,3.9025,-0.21438,-0.12622,-0.74135,0.62331,-0.44886,-2.4365,0.33126,0.34856,-0.27792,-0.10015,1.7257,4.885,-0.38662,0,0,0,6.6197,6.7199,6.8126,6.7246,-3.4024,2.9533,-1.8186,-3.2963,-18.105,2.9395
15.42,-14.922,-0.38846,3.9057,-0.21442,-0.12813,-0.74021,0.62426,-0.43178,-2.3875,0.3273,0.34838,-0.26219,-0.099602,1.6915,4.9136,-0.40465,0,0,0,6.6023,6.7062,6.8217,6.7261,-3.4342,2.7667,-1.7877,-3.065,-19.215,3.2254
15.43,-14.926,-0.41209,3.909,-0.2144,-0.13,-0.73908,0.62521,-0.41503,-2.3383,0.32317,0.34794,-0.24544,-0.098953,1.657,4.9403,-0.42236,0,0,0,6.5847,6.6924,6.8303,6.7272,-3.4637,2.569,-1.754,-2.8313,-20.333,3.5173
15.44,-14.93,-0.43523,3.9122,-0.21432,-0.13181,-0.73798,0.62616,-0.39864,-2.2887,0.31886,0.34723,-0.22767,-0.098201,1.6222,4.9649,-0.43972,0,0,0,6.567,6.6786,6.8386,6.7277,-3.4908,2.36,-1.7174,-2.5966,-21.456,3.8149
15.45,-14.934,-0.45787,3.9154,-0.21417,-0.13356,-0.7369,0.62711,-0.38259,-2.239,0.31438,0.34628,-0.20886,-0.09735,1.5872,4.9874,-0.4567,0,0,0,6.5493,6.6648,6.8462,6.7277,-3.5156,2.1398,-1.6777,-2.3623,-22.577,4.1179
15.46,-14.938,-0.48001,3.9185,-0.21395,-0.13525,-0.73585,0.62806,-0.36689,-2.189,0.30973,0.34508,-0.189,-0.096403,1.5519,5.0077,-0.47327,0,0,0,6.5315,6.651,6.853,6.7269,-3.5381,1.9085,-1.635,-2.1299,-23.693,4.4257
15.47,-14.942,-0.50165,3.9216,-0.21365,-0.13687,-0.73482,0.62902,-0.35155,-2.1388,0.30491,0.34366,-0.1681,-0.095364,1.5164,5.0256,-0.48939,0,0,0,6.5137,6.6373,6.8591,6.7254,-3.5582,1.666,-1.5892,-1.9007,-24.797,4.7381
15.48,-14.945,-0.52278,3.9246,-0.21328,-0.13842,-0.73381,0.62998,-0.33657,-2.0885,0.29994,0.34202,-0.14614,-0.094238,1.4808,5.041,-0.50504,0,0,0,6.496,6.6238,6.8643,6.723,-3.5761,1.4126,-1.5402,-1.676,-25.885,5.0545
15.49,-14.948,-0.54342,3.9276,-0.21283,-0.13989,-0.73283,0.63094,-0.32194,-2.038,0.29481,0.34017,-0.12312,-0.093029,1.4449,5.0538,-0.52018,0,0,0,6.4784,6.6104,6.8685,6.7197,-3.5918,1.1484,-1.4881,-1.4551,-26.954,5.3738
15.5,-14.951,-0.56354,3.9305,-0.2123,-0.14129,-0.73188,0.63192,-0.30767,-1.9874,0.28954,0.33814,-0.099056,-0.091742,1.4089,5.0639,-0.53479,0,0,0,6.4608,6.597,6.8718,6.7156,-3.6052,0.8736,-1.4328,-1.2361,-28.001,5.6944
15.51,-14.954,-0.58316,3.9334,-0.21168,-0.1426,-0.73096,0.63289,-0.29376,-1.9367,0.28412,0.33593,-0.073941,-0.090382,1.3728,5.0712,-0.54883,0,0,0,6.4432,6.5837,6.8741,6.7106,-3.6165,0.58845,-1.3742,-1.0173,-29.025,6.0146
15.52,-14.957,-0.60228,3.9362,-0.21098,-0.14382,-0.73007,0.63388,-0.28021,-1.886,0.27856,0.33354,-0.047782,-0.088954,1.3366,5.0756,-0.56226,0,0,0,6.4254,6.5702,6.8756,6.7049,-3.6256,0.29319,-1.3125,-0.79663,-30.022,6.333
15.53,-14.96,-0.62088,3.9389,-0.21018,-0.14494,-0.72921,0.63488,-0.26703,-1.8352,0.27288,0.33099,-0.020584,-0.087459,1.3003,5.0771,-0.57507,0,0,0,6.4076,6.5566,6.8762,6.6983,-3.6324,-0.011905,-1.2476,-0.5723,-30.992,6.6478
15.54,-14.963,-0.63898,3.9416,-0.20929,-0.14597,-0.72838,0.63589,-0.25421,-1.7845,0.26706,0.32827,0.0076451,-0.085903,1.264,5.0754,-0.5872,0,0,0,6.3896,6.5428,6.876,6.6909,-3.637,-0.32655,-1.1795,-0.34242,-31.931,6.9574
15.55,-14.965,-0.65657,3.9443,-0.20831,-0.1469,-0.72758,0.63691,-0.24175,-1.7337,0.26113,0.3254,0.036896,-0.084288,1.2276,5.0705,-0.59865,0,0,0,6.3714,6.5287,6.875,6.6828,-3.6392,-0.65042,-1.1084,-0.10512,-32.838,7.2603
15.56,-14.967,-0.67366,3.9469,-0.20722,-0.14773,-0.72682,0.63794,-0.22965,-1.6831,0.25509,0.32237,0.06716,-0.082615,1.1912,5.0623,-0.60936,0,0,0,6.3529,6.5143,6.8733,6.674,-3.6391,-0.98319,-1.0344,0.14148,-33.71,7.5548
15.57,-14.97,-0.69024,3.9494,-0.20603,-0.14844,-0.72609,0.63899,-0.21792,-1.6325,0.24895,0.31917,0.098423,-0.080887,1.1548,5.0508,-0.61932,0,0,0,6.334,6.4994,6.8708,6.6645,-3.6364,-1.3245,-0.95737,0.39926,-34.546,7.8393
15.58,-14.972,-0.70631,3.9518,-0.20473,-0.14904,-0.7254,0.64005,-0.20656,-1.5821,0.24271,0.31581,0.13067,-0.079106,1.1185,5.0358,-0.6285,0,0,0,6.3149,6.4841,6.8676,6.6544,-3.631,-1.674,-0.87761,0.67009,-35.342,8.1122
15.59,-14.974,-0.72188,3.9542,-0.20332,-0.14953,-0.72474,0.64113,-0.19556,-1.5318,0.23638,0.31228,0.1639,-0.077272,1.0822,5.0173,-0.63687,0,0,0,6.2953,6.4683,6.8639,6.6438,-3.6229,-2.0312,-0.79517,0.95585,-36.098,8.3719
15.6,-14.976,-0.73694,3.9566,-0.20181,-0.14989,-0.72412,0.64222,-0.18491,-1.4817,0.22997,0.30856,0.19807,-0.075386,1.046,4.9952,-0.6444,0,0,0,6.2753,6.4518,6.8595,6.6326,-3.6119,-2.3958,-0.71022,1.2584,-36.81,8.6168
15.61,-14.978,-0.75151,3.9588,-0.20017,-0.15013,-0.72354,0.64334,-0.17463,-1.4319,0.2235,0.30465,0.23318,-0.073448,1.01,4.9694,-0.65106,0,0,0,6.2549,6.4347,6.8546,6.6209,-3.5977,-2.7673,-0.62289,1.5797,-37.477,8.8453
15.62,-14.979,-0.76558,3.961,-0.19842,-0.15024,-0.72299,0.64446,-0.16471,-1.3824,0.21696,0.30054,0.2692,-0.071457,0.97408,4.9398,-0.65685,0,0,0,6.234,6.4169,6.8493,6.6088,-3.5802,-3.1452,-0.53337,1.9215,-38.096,9.0558
15.63,-14.981,-0.77916,3.9632,-0.19655,-0.15022,-0.72249,0.64561,-0.15515,-1.3331,0.21036,0.29619,0.30611,-0.069412,0.93838,4.9064,-0.66173,0,0,0,6.2126,6.3984,6.8435,6.5963,-3.5592,-3.529,-0.44184,2.2857,-38.666,9.2465
15.64,-14.982,-0.79225,3.9652,-0.19456,-0.15006,-0.72202,0.64678,-0.14595,-1.2842,0.20372,0.2916,0.34388,-0.067312,0.90291,4.8692,-0.66568,0,0,0,6.1906,6.379,6.8373,6.5835,-3.5344,-3.9183,-0.34851,2.6743,-39.183,9.4161
15.65,-14.984,-0.80485,3.9672,-0.19245,-0.14976,-0.72158,0.64796,-0.13709,-1.2358,0.19705,0.28675,0.38247,-0.065155,0.86771,4.828,-0.66869,0,0,0,6.1681,6.3588,6.8309,6.5705,-3.5056,-4.3125,-0.2536,3.0889,-39.647,9.5628
15.66,-14.985,-0.81696,3.9692,-0.19021,-0.14931,-0.72119,0.64916,-0.12859,-1.1877,0.19035,0.2816,0.42186,-0.062939,0.83281,4.7829,-0.67075,0,0,0,6.1452,6.3379,6.824,6.5571,-3.4725,-4.711,-0.15733,3.528,-40.051,9.6857
15.67,-14.986,-0.8286,3.971,-0.18784,-0.14871,-0.72083,0.65038,-0.12044,-1.1401,0.18364,0.27614,0.462,-0.060665,0.79827,4.7338,-0.67183,0,0,0,6.1221,6.3163,6.8167,6.5435,-3.435,-5.1133,-0.059961,3.9862,-40.39,9.785
15.68,-14.987,-0.83977,3.9728,-0.18534,-0.14797,-0.72052,0.65162,-0.11262,-1.093,0.17692,0.27035,0.50283,-0.058331,0.76413,4.6807,-0.67194,0,0,0,6.0989,6.2943,6.8086,6.5293,-3.3928,-5.5186,0.038286,4.4574,-40.654,9.8605
15.69,-14.989,-0.85047,3.9746,-0.18271,-0.14706,-0.72024,0.65288,-0.10515,-1.0465,0.1702,0.26423,0.54432,-0.055942,0.73043,4.6234,-0.67107,0,0,0,6.0759,6.2721,6.7996,6.5146,-3.3458,-5.9261,0.13717,4.936,-40.838,9.9123
15.7,-14.99,-0.8607,3.9763,-0.17995,-0.146,-0.71999,0.65415,-0.098013,-1.0006,0.1635,0.25777,0.58637,-0.053502,0.69723,4.5621,-0.6692,0,0,0,6.0532,6.2498,6.7896,6.4993,-3.294,-6.335,0.23645,5.4161,-40.932,9.9405
15.71,-14.991,-0.87048,3.9779,-0.17705,-0.14477,-0.71978,0.65544,-0.091205,-0.95528,0.15682,0.25096,0.62892,-0.051015,0.66457,4.4967,-0.66634,0,0,0,6.031,6.2277,6.7784,6.4833,-3.2375,-6.7444,0.3359,5.892,-40.93,9.945
15.72,-14.991,-0.87981,3.9794,-0.17403,-0.14338,-0.71961,0.65675,-0.08472,-0.91066,0.15018,0.24382,0.67189,-0.048489,0.63249,4.4272,-0.66248,0,0,0,6.0096,6.2058,6.7659,6.4666,-3.1762,-7.1533,0.43527,6.3577,-40.824,9.9259
15.73,-14.992,-0.88869,3.9809,-0.17086,-0.14181,-0.71947,0.65807,-0.078553,-0.86675,0.14358,0.23636,0.71516,-0.045933,0.60106,4.3537,-0.65763,0,0,0,5.9892,6.1844,6.7519,6.4491,-3.1104,-7.5605,0.53434,6.8075,-40.606,9.8833
15.74,-14.993,-0.89715,3.9823,-0.16757,-0.14008,-0.71936,0.65941,-0.072697,-0.8236,0.13703,0.2286,0.75864,-0.043356,0.5703,4.276,-0.65179,0,0,0,5.9699,6.1637,6.7363,6.4308,-3.0402,-7.965,0.63286,7.2356,-40.27,9.8172
15.75,-14.994,-0.90517,3.9836,-0.16414,-0.13816,-0.71929,0.66075,-0.067145,-0.78124,0.13055,0.22055,0.80219,-0.040769,0.54027,4.1944,-0.64498,0,0,0,5.952,6.1437,6.7191,6.4118,-2.9658,-8.3655,0.7306,7.6361,-39.806,9.7275
15.76,-14.994,-0.91277,3.9849,-0.16058,-0.13608,-0.71924,0.66211,-0.061889,-0.73972,0.12413,0.21225,0.84567,-0.038184,0.511,4.1088,-0.63719,0,0,0,5.9355,6.1246,6.7,6.392,-2.8876,-8.7607,0.82733,8.0033,-39.208,9.6144
15.77,-14.995,-0.91997,3.9861,-0.15689,-0.13382,-0.71922,0.66348,-0.056922,-0.69908,0.1178,0.20373,0.88894,-0.035613,0.48253,4.0192,-0.62843,0,0,0,5.9208,6.1065,6.6791,6.3716,-2.8058,-9.1492,0.92281,8.3313,-38.468,9.4778
15.78,-14.995,-0.92676,3.9872,-0.15306,-0.13138,-0.71922,0.66486,-0.052235,-0.65935,0.11157,0.19504,0.93182,-0.033072,0.45489,3.9258,-0.61873,0,0,0,5.908,6.0897,6.6563,6.3504,-2.7211,-9.5296,1.0168,8.6144,-37.579,9.3178
15.79,-14.996,-0.93316,3.9883,-0.14911,-0.12876,-0.71925,0.66624,-0.047821,-0.62058,0.10543,0.18622,0.97413,-0.030573,0.42812,3.8286,-0.6081,0,0,0,5.8972,6.0741,6.6316,6.3288,-2.6337,-9.9003,1.1091,8.8466,-36.532,9.1344
15.8,-14.996,-0.93917,3.9893,-0.14504,-0.12597,-0.71929,0.66762,-0.04367,-0.58279,0.099409,0.17732,1.0157,-0.028131,0.40222,3.7278,-0.59656,0,0,0,5.8886,6.0599,6.6048,6.3066,-2.5443,-10.26,1.1994,9.0223,-35.321,8.9277
15.81,-14.997,-0.94482,3.9903,-0.14084,-0.12301,-0.71935,0.66901,-0.039774,-0.54603,0.093505,0.16842,1.0562,-0.025763,0.37723,3.6235,-0.58412,0,0,0,5.8824,6.0472,6.5761,6.2842,-2.4535,-10.606,1.2876,9.1355,-33.938,8.6976
15.82,-14.997,-0.9501,3.9912,-0.13653,-0.11988,-0.71942,0.67039,-0.036122,-0.51033,0.087729,0.15958,1.0956,-0.023483,0.35316,3.5158,-0.57082,0,0,0,5.8786,6.0359,6.5455,6.2616,-2.3618,-10.938,1.3733,9.1806,-32.375,8.4442
15.83,-14.998,-0.95503,3.9921,-0.1321,-0.11658,-0.7195,0.67177,-0.032707,-0.47573,0.082091,0.15087,1.1335,-0.021305,0.33,3.4048,-0.55667,0,0,0,5.8773,6.0262,6.513,6.239,-2.2701,-11.253,1.4564,9.1557,-30.627,8.167
15.84,-14.998,-0.95962,3.9928,-0.12756,-0.11312,-0.71958,0.67315,-0.029519,-0.44225,0.076599,0.14238,1.1696,-0.019244,0.30775,3.2908,-0.5417,0,0,0,5.8782,6.0177,6.4791,6.2169,-2.1789,-11.55,1.5365,9.069,-28.696,7.8639
15.85,-14.998,-0.96388,3.9936,-0.12292,-0.10951,-0.71966,0.67452,-0.026549,-0.40992,0.07126,0.13415,1.2038,-0.017308,0.28642,3.1739,-0.52594,0,0,0,5.8813,6.0102,6.4442,6.1956,-2.0889,-11.826,1.6136,8.9298,-26.582,7.5326
15.86,-14.998,-0.96782,3.9943,-0.11819,-0.10576,-0.71974,0.67589,-0.023788,-0.37878,0.066082,0.12626,1.2357,-0.015504,0.26597,3.0543,-0.50944,0,0,0,5.8864,6.0034,6.4086,6.1756,-2.0005,-12.081,1.6871,8.7476,-24.288,7.171
15.87,-14.999,-0.97145,3.9949,-0.11336,-0.10186,-0.7198,0.67724,-0.021227,-0.34885,0.061074,0.11874,1.265,-0.013836,0.2464,2.9323,-0.49222,0,0,0,5.8933,5.9971,6.3729,6.1571,-1.9141,-12.311,1.7569,8.5318,-21.816,6.7768
15.88,-14.999,-0.9748,3.9955,-0.10846,-0.097846,-0.71985,0.67858,-0.018857,-0.32014,0.05624,0.11164,1.2916,-0.012306,0.22768,2.8082,-0.47432,0,0,0,5.9019,5.9911,6.3373,6.1405,-1.8299,-12.517,1.8225,8.2918,-19.168,6.3478
15.89,-14.999,-0.97786,3.996,-0.10349,-0.093714,-0.71988,0.67991,-0.016671,-0.29269,0.051589,0.10498,1.315,-0.010912,0.20979,2.6821,-0.45578,0,0,0,5.912,5.9852,6.3021,6.126,-1.7483,-12.694,1.8837,8.0371,-16.345,5.8818
15.9,-14.999,-0.98066,3.9965,-0.098452,-0.089478,-0.71989,0.68122,-0.014659,-0.26651,0.047127,0.09878,1.3351,-0.00965,0.19271,2.5544,-0.43666,0,0,0,5.9235,5.9793,6.2678,6.1139,-1.6692,-12.843,1.94,7.7771,-13.349,5.3766
15.91,-14.999,-0.9832,3.997,-0.093369,-0.085153,-0.71986,0.68252,-0.012814,-0.24161,0.042858,0.093049,1.3516,-0.0085153,0.1764,2.4253,-0.417,0,0,0,5.9364,5.9732,6.2345,6.1043,-1.5927,-12.961,1.9911,7.5212,-10.182,4.8298
15.92,-14.999,-0.98549,3.9974,-0.088251,-0.080753,-0.71979,0.68381,-0.011128,-0.218,0.038788,0.087784,1.3642,-0.0075007,0.16084,2.2953,-0.39685,0,0,0,5.9504,5.9668,6.2027,6.0975,-1.5187,-13.046,2.0365,7.2788,-6.8467,4.2394
15.93,-15,-0.98756,3.9978,-0.083109,-0.076293,-0.71968,0.68508,-0.0095947,-0.1957,0.034922,0.082973,1.3727,-0.0065976,0.14602,2.1645,-0.37629,0,0,0,5.9656,5.9601,6.1724,6.0935,-1.4471,-13.097,2.0757,7.0595,-3.3438,3.603
15.94,-15,-0.98941,3.9981,-0.077958,-0.071789,-0.71952,0.68634,-0.0082057,-0.17471,0.031264,0.078591,1.3768,-0.0057964,0.1319,2.0334,-0.35536,0,0,0,5.9818,5.953,6.144,6.0922,-1.3774,-13.112,2.1084,6.8726,0.32439,2.9185
15.95,-15,-0.99106,3.9984,-0.072813,-0.067258,-0.71931,0.68758,-0.0069545,-0.15503,0.027816,0.074601,1.3763,-0.0050868,0.11846,1.9024,-0.33414,0,0,0,5.999,5.9455,6.1175,6.0939,-1.3095,-13.09,2.1339,6.7275,4.1561,2.1836
15.96,-15,-0.99252,3.9986,-0.067691,-0.062717,-0.71904,0.68882,-0.0058342,-0.13666,0.024582,0.070953,1.3711,-0.0044582,0.1057,1.7718,-0.31271,0,0,0,6.0171,5.9375,6.0931,6.0982,-1.2427,-13.029,2.1519,6.6337,8.1495,1.396
15.97,-15,-0.9938,3.9989,-0.062607,-0.058184,-0.71871,0.69004,-0.0048382,-0.1196,0.021562,0.067586,1.361,-0.0038996,0.093606,1.642,-0.29113,0,0,0,6.0361,5.9292,6.0708,6.1053,-1.1766,-12.926,2.1617,6.6006,12.303,0.55368
15.98,-15,-0.99491,3.9991,-0.057579,-0.053677,-0.71831,0.69126,-0.0039599,-0.10382,0.018759,0.064422,1.3458,-0.0034004,0.08217,1.5134,-0.2695,0,0,0,6.0559,5.9205,6.0507,6.1148,-1.1105,-12.782,2.1628,6.6377,16.614,-0.34575
15.99,-15,-0.99588,3.9992,-0.052626,-0.049216,-0.71784,0.69247,-0.0031926,-0.089322,0.016172,0.061371,1.3254,-0.0029507,0.071399,1.3865,-0.24791,0,0,0,6.0767,5.9114,6.0328,6.1266,-1.0436,-12.594,2.1546,6.7543,21.081,-1.3045
16,-15,-0.9967,3.9994,-0.047766,-0.044819,-0.7173,0.69368,-0.0025297,-0.076083,0.013801,0.058328,1.2996,-0.0025413,0.061303,1.2617,-0.22645,0,0,0,6.0983,5.9021,6.0169,6.1403,-0.9751,-12.36,2.1365,6.9545,25.706,-2.3241
16.01,-15,-0.9974,3.9995,-0.043019,-0.040504,-0.71668,0.6949,-0.0019642,-0.06408,0.011643,0.055191,1.2685,-0.0021652,0.051904,1.1394,-0.20522,0,0,0,6.121,5.8929,6.0026,6.1557,-0.90429,-12.079,2.1079,7.2157,30.504,-3.4031
16.02,-15,-0.99799,3.9996,-0.038405,-0.036292,-0.71598,0.69612,-0.0014892,-0.053285,0.0096952,0.051882,1.2319,-0.0018187,0.043227,1.0202,-0.18433,0,0,0,6.1449,5.8841,5.9893,6.1725,-0.83069,-11.749,2.0682,7.5068,35.498,-4.5392
16.03,-15,-0.99847,3.9997,-0.033944,-0.032201,-0.71521,0.69734,-0.0010972,-0.043664,0.0079545,0.04835,1.1897,-0.0015007,0.0353,0.90461,-0.16389,0,0,0,6.17,5.8757,5.9767,6.1905,-0.75416,-11.368,2.0169,7.7969,40.709,-5.7298
16.04,-15,-0.99887,3.9998,-0.029659,-0.02825,-0.71436,0.69858,-0.00078057,-0.035179,0.0064155,0.044568,1.1418,-0.0012115,0.028153,0.79306,-0.14403,0,0,0,6.1962,5.8678,5.9644,6.2094,-0.67486,-10.934,1.9534,8.055,46.158,-6.9726
16.05,-15,-0.99918,3.9999,-0.025569,-0.024461,-0.71343,0.69983,-0.00053143,-0.027787,0.0050716,0.040533,1.088,-0.00095256,0.021811,0.68612,-0.12486,0,0,0,6.2235,5.8604,5.952,6.2292,-0.59327,-10.444,1.8773,8.2502,51.866,-8.2651
16.06,-15,-0.99943,3.9999,-0.021697,-0.020852,-0.71243,0.7011,-0.00034161,-0.021439,0.0039154,0.036267,1.0283,-0.00072546,0.016293,0.58437,-0.10653,0,0,0,6.2516,5.8533,5.9393,6.25,-0.51017,-9.8959,1.788,8.3515,57.856,-9.6049
16.07,-15,-0.99961,3.9999,-0.018064,-0.017446,-0.71136,0.70238,-0.00020279,-0.016081,0.0029379,0.031811,0.96238,-0.00053154,0.011609,0.4884,-0.089149,0,0,0,6.2804,5.8463,5.9259,6.2716,-0.42665,-9.2862,1.685,8.3279,64.148,-10.99
16.08,-15,-0.99975,4,-0.014694,-0.014265,-0.71021,0.70369,-0.00010665,-0.01165,0.0021288,0.02723,0.89014,-0.00037137,0.0077565,0.39886,-0.072872,0,0,0,6.3096,5.8391,5.9118,6.2943,-0.34413,-8.6119,1.568,8.1484,70.764,-12.417
16.09,-15,-0.99985,4,-0.011609,-0.011331,-0.709,0.70503,-4.4951e-05,-0.0080798,0.0014763,0.022609,0.81132,-0.00024445,0.0047174,0.31639,-0.057836,0,0,0,6.3388,5.8314,5.8965,6.318,-0.26431,-7.8697,1.4366,7.7822,77.725,-13.884
16.1,-15,-0.99991,4,-0.0088321,-0.0086707,-0.70771,0.70639,-9.7167e-06,-0.0052961,0.00096744,0.01805,0.72565,-0.00014899,0.0024546,0.2417,-0.04419,0,0,0,6.3679,5.8227,5.8799,6.343,-0.18921,-7.0562,1.2902,7.1982,85.052,-15.389
16.11,-15,-0.99996,4,-0.0063871,-0.0063086,-0.70637,0.70779,6.5372e-06,-0.0032174,0.00058742,0.013677,0.63281,-8.1924e-05,0.00090963,0.17552,-0.032082,0,0,0,6.3966,5.8127,5.8616,6.3694,-0.12117,-6.1674,1.1287,6.3655,92.768,-16.929
16.12,-15,-0.99998,4,-0.0042985,-0.0042728,-0.70496,0.70922,1.0593e-05,-0.0017548,0.00032015,0.0096284,0.53242,-3.8949e-05,-1.1396e-06,0.11862,-0.021668,0,0,0,6.4246,5.8009,5.8414,6.3972,-0.062834,-5.1994,0.95156,5.2531,100.89,-18.502
16.13,-15,-0.99999,4,-0.0031464,-0.0018815,-0.50856,0.86102,8.2602e-06,-0.00081144,0.0001479,0.20625,0.37057,-1.4834e-05,-0.00038919,0.071807,-0.013104,0,0,0,6.5562,5.6827,6.0127,6.2328,-0.017147,-4.1481,0.75855,3.83,109.45,-20.105
16.14,-15,-1,4,-0.0015688,-0.00095016,-0.50856,0.86102,4.0802e-06,-0.00028216,5.1366e-05,0.14718,0.26969,-3.8573e-06,-0.00039709,0.035947,-0.0065508,0,0,0,6.5928,5.656,5.999,6.2525,0.012627,-3.009,0.54937,2.0653,118.46,-21.736
16.15,-15,-1,4,-0.00051889,-0.00031842,-0.50856,0.86102,1.0006e-06,-5.3003e-05,9.6352e-06,0.085482,0.15993,-4.4062e-07,-0.00020156,0.011936,-0.0021713,0,0,0,6.6295,5.6258,5.9824,6.2734,0.022917,-1.7774,0.32375,-0.071965,127.94,-23.392
16.16,-15,-1,4,-3.1335e-05,-1.9491e-05,-0.50856,0.86102,1.8199e-08,-7.7666e-07,1.4095e-07,0.0212,0.040542,-1.6751e-09,-1.6596e-05,0.00072358,-0.00013134,0,0,0,6.6665,5.5916,5.9624,6.2956,0.0098425,-0.44853,0.081448,-2.6128,137.92,-25.072
16.163,-15,-1,4,-2.8052e-17,-1.1638e-17,-0.50856,0.86102,-1.4095e-17,-9.6928e-17,5.5836e-18,2.9264e-14,5.6235e-14,3.1468e-31,8.3267e-17,5.8981e-16,-6.3751e-17,0,0,0,6.6785,5.5797,5.9552,6.303,1.4877e-14,-6.215e-13,1.137e-13,-3.5201,141.23,-25.616
